Fecha,Precio,ticker
2014-12-15,5.910454273223877,FMTY14.MX
2014-12-16,5.861649036407471,FMTY14.MX
2014-12-17,5.929976940155029,FMTY14.MX
2014-12-18,5.90557336807251,FMTY14.MX
2014-12-19,5.90557336807251,FMTY14.MX
2014-12-22,5.973900318145752,FMTY14.MX
2014-12-23,5.954380035400391,FMTY14.MX
2014-12-24,5.954380035400391,FMTY14.MX
2014-12-26,5.954380035400391,FMTY14.MX
2014-12-29,5.954380035400391,FMTY14.MX
2014-12-30,5.954380035400391,FMTY14.MX
2014-12-31,5.954380035400391,FMTY14.MX
2015-01-02,5.954380035400391,FMTY14.MX
2015-01-05,5.929976940155029,FMTY14.MX
2015-01-06,5.90557336807251,FMTY14.MX
2015-01-07,5.881170272827148,FMTY14.MX
2015-01-08,5.90557336807251,FMTY14.MX
2015-01-09,5.90557336807251,FMTY14.MX
2015-01-12,5.886049270629883,FMTY14.MX
2015-01-13,5.90557336807251,FMTY14.MX
2015-01-14,5.881170272827148,FMTY14.MX
2015-01-15,5.881170272827148,FMTY14.MX
2015-01-16,5.856767177581787,FMTY14.MX
2015-01-19,5.856767177581787,FMTY14.MX
2015-01-20,5.856767177581787,FMTY14.MX
2015-01-21,5.856767177581787,FMTY14.MX
2015-01-22,5.881170272827148,FMTY14.MX
2015-01-23,5.876289367675781,FMTY14.MX
2015-01-26,5.890933036804199,FMTY14.MX
2015-01-27,5.90557336807251,FMTY14.MX
2015-01-28,5.90557336807251,FMTY14.MX
2015-01-29,5.90557336807251,FMTY14.MX
2015-01-30,5.929976940155029,FMTY14.MX
2015-02-03,5.929976940155029,FMTY14.MX
2015-02-04,6.003184795379639,FMTY14.MX
2015-02-05,5.973900318145752,FMTY14.MX
2015-02-06,5.973900318145752,FMTY14.MX
2015-02-09,5.973900318145752,FMTY14.MX
2015-02-10,5.954380035400391,FMTY14.MX
2015-02-11,5.939736366271973,FMTY14.MX
2015-02-12,5.954380035400391,FMTY14.MX
2015-02-13,5.973900318145752,FMTY14.MX
2015-02-16,5.929976940155029,FMTY14.MX
2015-02-17,5.925095081329346,FMTY14.MX
2015-02-18,5.929976940155029,FMTY14.MX
2015-02-19,6.100796699523926,FMTY14.MX
2015-02-20,6.100796699523926,FMTY14.MX
2015-02-23,6.100796699523926,FMTY14.MX
2015-02-24,6.100796699523926,FMTY14.MX
2015-02-25,6.051992416381836,FMTY14.MX
2015-02-26,6.100796699523926,FMTY14.MX
2015-02-27,6.100796699523926,FMTY14.MX
2015-03-02,6.100796699523926,FMTY14.MX
2015-03-03,6.100796699523926,FMTY14.MX
2015-03-04,6.100796699523926,FMTY14.MX
2015-03-05,6.100796699523926,FMTY14.MX
2015-03-06,6.100796699523926,FMTY14.MX
2015-03-09,6.222814559936523,FMTY14.MX
2015-03-10,6.222814559936523,FMTY14.MX
2015-03-11,6.222814559936523,FMTY14.MX
2015-03-12,6.222814559936523,FMTY14.MX
2015-03-13,6.242339134216309,FMTY14.MX
2015-03-17,6.242339134216309,FMTY14.MX
2015-03-18,6.296024322509766,FMTY14.MX
2015-03-19,6.296024322509766,FMTY14.MX
2015-03-20,6.296024322509766,FMTY14.MX
2015-03-23,6.2862653732299805,FMTY14.MX
2015-03-24,6.242339134216309,FMTY14.MX
2015-03-25,6.19841194152832,FMTY14.MX
2015-03-26,6.174009323120117,FMTY14.MX
2015-03-27,6.247219085693359,FMTY14.MX
2015-03-30,6.247219085693359,FMTY14.MX
2015-03-31,6.247219085693359,FMTY14.MX
2015-04-01,6.23745584487915,FMTY14.MX
2015-04-06,6.23745584487915,FMTY14.MX
2015-04-07,6.252098083496094,FMTY14.MX
2015-04-08,6.3448309898376465,FMTY14.MX
2015-04-09,6.3448309898376465,FMTY14.MX
2015-04-10,6.3448309898376465,FMTY14.MX
2015-04-13,6.3448309898376465,FMTY14.MX
2015-04-14,6.3448309898376465,FMTY14.MX
2015-04-15,6.3448309898376465,FMTY14.MX
2015-04-16,6.3448309898376465,FMTY14.MX
2015-04-17,6.3448309898376465,FMTY14.MX
2015-04-20,6.339950084686279,FMTY14.MX
2015-04-21,6.339950084686279,FMTY14.MX
2015-04-22,6.339950084686279,FMTY14.MX
2015-04-23,6.339950084686279,FMTY14.MX
2015-04-24,6.335066795349121,FMTY14.MX
2015-04-27,6.335066795349121,FMTY14.MX
2015-04-28,6.335066795349121,FMTY14.MX
2015-04-29,6.33018684387207,FMTY14.MX
2015-04-30,6.296024322509766,FMTY14.MX
2015-05-04,6.296024322509766,FMTY14.MX
2015-05-05,6.271620273590088,FMTY14.MX
2015-05-06,6.247219085693359,FMTY14.MX
2015-05-07,6.247219085693359,FMTY14.MX
2015-05-08,6.247219085693359,FMTY14.MX
2015-05-11,6.247219085693359,FMTY14.MX
2015-05-12,6.241979598999023,FMTY14.MX
2015-05-13,6.266458511352539,FMTY14.MX
2015-05-14,6.256665229797363,FMTY14.MX
2015-05-15,6.241979598999023,FMTY14.MX
2015-05-18,6.241979598999023,FMTY14.MX
2015-05-19,6.246872425079346,FMTY14.MX
2015-05-20,6.168542861938477,FMTY14.MX
2015-05-21,6.168542861938477,FMTY14.MX
2015-05-22,6.168542861938477,FMTY14.MX
2015-05-25,6.1734395027160645,FMTY14.MX
2015-05-26,6.262126922607422,FMTY14.MX
2015-05-27,6.311828136444092,FMTY14.MX
2015-05-28,6.361527919769287,FMTY14.MX
2015-05-29,6.311828136444092,FMTY14.MX
2015-06-01,6.262126922607422,FMTY14.MX
2015-06-02,6.311828136444092,FMTY14.MX
2015-06-03,6.306856155395508,FMTY14.MX
2015-06-04,6.306856155395508,FMTY14.MX
2015-06-05,6.286977291107178,FMTY14.MX
2015-06-08,6.286977291107178,FMTY14.MX
2015-06-09,6.282007217407227,FMTY14.MX
2015-06-10,6.212428092956543,FMTY14.MX
2015-06-11,6.212428092956543,FMTY14.MX
2015-06-12,6.262126922607422,FMTY14.MX
2015-06-15,6.162727355957031,FMTY14.MX
2015-06-16,6.162727355957031,FMTY14.MX
2015-06-17,6.257157802581787,FMTY14.MX
2015-06-18,6.257157802581787,FMTY14.MX
2015-06-19,6.202488422393799,FMTY14.MX
2015-06-22,6.202488422393799,FMTY14.MX
2015-06-23,6.202488422393799,FMTY14.MX
2015-06-24,6.202488422393799,FMTY14.MX
2015-06-25,6.162727355957031,FMTY14.MX
2015-06-26,6.162727355957031,FMTY14.MX
2015-06-29,6.162727355957031,FMTY14.MX
2015-06-30,6.162727355957031,FMTY14.MX
2015-07-01,6.162727355957031,FMTY14.MX
2015-07-02,6.152790069580078,FMTY14.MX
2015-07-03,6.152790069580078,FMTY14.MX
2015-07-06,6.058359622955322,FMTY14.MX
2015-07-07,6.058359622955322,FMTY14.MX
2015-07-08,6.058359622955322,FMTY14.MX
2015-07-09,6.142848014831543,FMTY14.MX
2015-07-10,6.142848014831543,FMTY14.MX
2015-07-13,6.108060359954834,FMTY14.MX
2015-07-14,6.073268890380859,FMTY14.MX
2015-07-15,6.311828136444092,FMTY14.MX
2015-07-16,6.311828136444092,FMTY14.MX
2015-07-17,6.311828136444092,FMTY14.MX
2015-07-20,6.351588249206543,FMTY14.MX
2015-07-21,6.351588249206543,FMTY14.MX
2015-07-22,6.351588249206543,FMTY14.MX
2015-07-23,6.351588249206543,FMTY14.MX
2015-07-24,6.351588249206543,FMTY14.MX
2015-07-27,6.351588249206543,FMTY14.MX
2015-07-28,6.341647148132324,FMTY14.MX
2015-07-29,6.356557369232178,FMTY14.MX
2015-07-30,6.356557369232178,FMTY14.MX
2015-07-31,6.336678981781006,FMTY14.MX
2015-08-03,6.311828136444092,FMTY14.MX
2015-08-04,6.311828136444092,FMTY14.MX
2015-08-05,6.242245197296143,FMTY14.MX
2015-08-06,6.311828136444092,FMTY14.MX
2015-08-07,6.311828136444092,FMTY14.MX
2015-08-10,6.257157802581787,FMTY14.MX
2015-08-11,6.311828136444092,FMTY14.MX
2015-08-12,6.3010711669921875,FMTY14.MX
2015-08-13,6.3010711669921875,FMTY14.MX
2015-08-14,6.3010711669921875,FMTY14.MX
2015-08-17,6.3010711669921875,FMTY14.MX
2015-08-18,6.3010711669921875,FMTY14.MX
2015-08-19,6.22545862197876,FMTY14.MX
2015-08-20,6.22545862197876,FMTY14.MX
2015-08-21,6.22545862197876,FMTY14.MX
2015-08-24,5.99862003326416,FMTY14.MX
2015-08-25,5.907888889312744,FMTY14.MX
2015-08-26,6.049028396606445,FMTY14.MX
2015-08-27,6.22545862197876,FMTY14.MX
2015-08-28,6.049028396606445,FMTY14.MX
2015-08-31,6.049028396606445,FMTY14.MX
2015-09-01,6.049028396606445,FMTY14.MX
2015-09-02,6.049028396606445,FMTY14.MX
2015-09-03,6.049028396606445,FMTY14.MX
2015-09-04,6.049028396606445,FMTY14.MX
2015-09-07,6.195216178894043,FMTY14.MX
2015-09-08,6.200253486633301,FMTY14.MX
2015-09-09,6.200253486633301,FMTY14.MX
2015-09-10,6.200253486633301,FMTY14.MX
2015-09-11,6.452297687530518,FMTY14.MX
2015-09-14,6.553116321563721,FMTY14.MX
2015-09-15,6.553116321563721,FMTY14.MX
2015-09-17,6.553116321563721,FMTY14.MX
2015-09-18,6.553116321563721,FMTY14.MX
2015-09-21,6.507746696472168,FMTY14.MX
2015-09-22,6.482541561126709,FMTY14.MX
2015-09-23,6.482541561126709,FMTY14.MX
2015-09-24,6.553116321563721,FMTY14.MX
2015-09-25,6.553116321563721,FMTY14.MX
2015-09-28,6.543034553527832,FMTY14.MX
2015-09-29,6.543034553527832,FMTY14.MX
2015-09-30,6.522871494293213,FMTY14.MX
2015-10-01,6.522871494293213,FMTY14.MX
2015-10-02,6.522871494293213,FMTY14.MX
2015-10-05,6.522871494293213,FMTY14.MX
2015-10-06,6.522871494293213,FMTY14.MX
2015-10-07,6.527912139892578,FMTY14.MX
2015-10-08,6.522871494293213,FMTY14.MX
2015-10-09,6.502706527709961,FMTY14.MX
2015-10-12,6.507746696472168,FMTY14.MX
2015-10-13,6.507746696472168,FMTY14.MX
2015-10-14,6.507746696472168,FMTY14.MX
2015-10-15,6.4926276206970215,FMTY14.MX
2015-10-16,6.452297687530518,FMTY14.MX
2015-10-19,6.3514814376831055,FMTY14.MX
2015-10-20,6.452297687530518,FMTY14.MX
2015-10-21,6.452297687530518,FMTY14.MX
2015-10-22,6.452297687530518,FMTY14.MX
2015-10-23,6.452297687530518,FMTY14.MX
2015-10-26,6.452297687530518,FMTY14.MX
2015-10-27,6.452297687530518,FMTY14.MX
2015-10-28,6.452297687530518,FMTY14.MX
2015-10-29,6.452297687530518,FMTY14.MX
2015-10-30,6.452297687530518,FMTY14.MX
2015-11-03,6.452297687530518,FMTY14.MX
2015-11-04,6.452297687530518,FMTY14.MX
2015-11-05,6.452297687530518,FMTY14.MX
2015-11-06,6.553116321563721,FMTY14.MX
2015-11-09,6.553116321563721,FMTY14.MX
2015-11-10,6.553116321563721,FMTY14.MX
2015-11-11,6.664620876312256,FMTY14.MX
2015-11-12,6.551836967468262,FMTY14.MX
2015-11-13,6.546706676483154,FMTY14.MX
2015-11-17,6.546706676483154,FMTY14.MX
2015-11-18,6.562086582183838,FMTY14.MX
2015-11-19,6.5877227783203125,FMTY14.MX
2015-11-20,6.5877227783203125,FMTY14.MX
2015-11-23,6.5877227783203125,FMTY14.MX
2015-11-24,6.5877227783203125,FMTY14.MX
2015-11-25,6.577465534210205,FMTY14.MX
2015-11-26,6.459554195404053,FMTY14.MX
2015-11-27,6.47493839263916,FMTY14.MX
2015-11-30,6.613354682922363,FMTY14.MX
2015-12-01,6.613354682922363,FMTY14.MX
2015-12-02,6.613354682922363,FMTY14.MX
2015-12-03,6.485189914703369,FMTY14.MX
2015-12-04,6.485189914703369,FMTY14.MX
2015-12-07,6.485189914703369,FMTY14.MX
2015-12-08,6.408287048339844,FMTY14.MX
2015-12-09,6.459554195404053,FMTY14.MX
2015-12-10,6.459554195404053,FMTY14.MX
2015-12-11,6.408287048339844,FMTY14.MX
2015-12-14,6.485189914703369,FMTY14.MX
2015-12-15,6.408287048339844,FMTY14.MX
2015-12-16,6.408287048339844,FMTY14.MX
2015-12-17,6.459554195404053,FMTY14.MX
2015-12-18,6.613354682922363,FMTY14.MX
2015-12-21,6.613354682922363,FMTY14.MX
2015-12-22,6.459554195404053,FMTY14.MX
2015-12-23,6.613354682922363,FMTY14.MX
2015-12-24,6.613354682922363,FMTY14.MX
2015-12-28,6.613354682922363,FMTY14.MX
2015-12-29,6.613354682922363,FMTY14.MX
2015-12-30,6.613354682922363,FMTY14.MX
2015-12-31,6.613354682922363,FMTY14.MX
2016-01-04,6.613354682922363,FMTY14.MX
2016-01-05,6.408287048339844,FMTY14.MX
2016-01-06,6.60822868347168,FMTY14.MX
2016-01-07,6.60822868347168,FMTY14.MX
2016-01-08,6.60822868347168,FMTY14.MX
2016-01-11,6.60822868347168,FMTY14.MX
2016-01-12,6.51082181930542,FMTY14.MX
2016-01-13,6.562086582183838,FMTY14.MX
2016-01-14,6.536454200744629,FMTY14.MX
2016-01-15,6.562086582183838,FMTY14.MX
2016-01-18,6.562086582183838,FMTY14.MX
2016-01-19,6.562086582183838,FMTY14.MX
2016-01-20,6.562086582183838,FMTY14.MX
2016-01-21,6.536454200744629,FMTY14.MX
2016-01-22,6.556966304779053,FMTY14.MX
2016-01-25,6.556966304779053,FMTY14.MX
2016-01-26,6.556966304779053,FMTY14.MX
2016-01-27,6.562086582183838,FMTY14.MX
2016-01-28,6.562086582183838,FMTY14.MX
2016-01-29,6.683480262756348,FMTY14.MX
2016-02-02,6.683480262756348,FMTY14.MX
2016-02-03,6.678260326385498,FMTY14.MX
2016-02-04,6.678260326385498,FMTY14.MX
2016-02-05,6.678260326385498,FMTY14.MX
2016-02-08,6.678260326385498,FMTY14.MX
2016-02-09,6.6573710441589355,FMTY14.MX
2016-02-10,6.6573710441589355,FMTY14.MX
2016-02-11,6.6573710441589355,FMTY14.MX
2016-02-12,6.678260326385498,FMTY14.MX
2016-02-15,6.678260326385498,FMTY14.MX
2016-02-16,6.678260326385498,FMTY14.MX
2016-02-17,6.678260326385498,FMTY14.MX
2016-02-18,6.678260326385498,FMTY14.MX
2016-02-19,6.678260326385498,FMTY14.MX
2016-02-22,6.579051494598389,FMTY14.MX
2016-02-23,6.678260326385498,FMTY14.MX
2016-02-24,6.678260326385498,FMTY14.MX
2016-02-25,6.579051494598389,FMTY14.MX
2016-02-26,6.673036575317383,FMTY14.MX
2016-02-29,6.673036575317383,FMTY14.MX
2016-03-01,6.683480262756348,FMTY14.MX
2016-03-02,6.709589004516602,FMTY14.MX
2016-03-03,6.7879109382629395,FMTY14.MX
2016-03-04,6.7879109382629395,FMTY14.MX
2016-03-07,6.7879109382629395,FMTY14.MX
2016-03-08,6.7879109382629395,FMTY14.MX
2016-03-09,6.7879109382629395,FMTY14.MX
2016-03-10,6.7879109382629395,FMTY14.MX
2016-03-11,6.7879109382629395,FMTY14.MX
2016-03-14,6.7879109382629395,FMTY14.MX
2016-03-15,6.7879109382629395,FMTY14.MX
2016-03-16,6.7879109382629395,FMTY14.MX
2016-03-17,6.991546630859375,FMTY14.MX
2016-03-18,6.991546630859375,FMTY14.MX
2016-03-22,6.991546630859375,FMTY14.MX
2016-03-23,6.991546630859375,FMTY14.MX
2016-03-28,6.991546630859375,FMTY14.MX
2016-03-29,7.117241382598877,FMTY14.MX
2016-03-30,7.0162506103515625,FMTY14.MX
2016-03-31,7.000304698944092,FMTY14.MX
2016-04-01,6.963099479675293,FMTY14.MX
2016-04-04,6.963099479675293,FMTY14.MX
2016-04-05,6.963099479675293,FMTY14.MX
2016-04-06,6.755798816680908,FMTY14.MX
2016-04-07,6.883368015289307,FMTY14.MX
2016-04-08,6.963099479675293,FMTY14.MX
2016-04-11,6.963099479675293,FMTY14.MX
2016-04-12,6.909943103790283,FMTY14.MX
2016-04-13,6.936521053314209,FMTY14.MX
2016-04-14,6.909943103790283,FMTY14.MX
2016-04-15,6.909943103790283,FMTY14.MX
2016-04-18,6.904630184173584,FMTY14.MX
2016-04-19,6.909943103790283,FMTY14.MX
2016-04-20,6.963099479675293,FMTY14.MX
2016-04-21,6.9986891746521,FMTY14.MX
2016-04-22,7.041173934936523,FMTY14.MX
2016-04-25,7.019529819488525,FMTY14.MX
2016-04-26,7.019529819488525,FMTY14.MX
2016-04-27,7.089883327484131,FMTY14.MX
2016-04-28,7.089883327484131,FMTY14.MX
2016-04-29,6.976231575012207,FMTY14.MX
2016-05-02,6.981644630432129,FMTY14.MX
2016-05-03,6.981644630432129,FMTY14.MX
2016-05-04,7.089883327484131,FMTY14.MX
2016-05-05,7.089883327484131,FMTY14.MX
2016-05-06,7.089883327484131,FMTY14.MX
2016-05-09,6.927521228790283,FMTY14.MX
2016-05-10,6.927521228790283,FMTY14.MX
2016-05-11,6.846339702606201,FMTY14.MX
2016-05-12,6.857163906097412,FMTY14.MX
2016-05-13,6.873401165008545,FMTY14.MX
2016-05-16,6.808455944061279,FMTY14.MX
2016-05-17,6.819278240203857,FMTY14.MX
2016-05-18,6.846339702606201,FMTY14.MX
2016-05-19,6.808455944061279,FMTY14.MX
2016-05-20,6.819278240203857,FMTY14.MX
2016-05-23,6.819278240203857,FMTY14.MX
2016-05-24,6.819278240203857,FMTY14.MX
2016-05-25,6.819278240203857,FMTY14.MX
2016-05-26,6.851751327514648,FMTY14.MX
2016-05-27,6.7651567459106445,FMTY14.MX
2016-05-30,6.7651567459106445,FMTY14.MX
2016-05-31,6.922109603881836,FMTY14.MX
2016-06-01,6.819278240203857,FMTY14.MX
2016-06-02,6.7651567459106445,FMTY14.MX
2016-06-03,6.754332065582275,FMTY14.MX
2016-06-06,6.754332065582275,FMTY14.MX
2016-06-07,6.738096237182617,FMTY14.MX
2016-06-08,6.727272033691406,FMTY14.MX
2016-06-09,6.738096237182617,FMTY14.MX
2016-06-10,6.738096237182617,FMTY14.MX
2016-06-13,6.7326836585998535,FMTY14.MX
2016-06-14,6.705626964569092,FMTY14.MX
2016-06-15,6.738096237182617,FMTY14.MX
2016-06-16,6.7651567459106445,FMTY14.MX
2016-06-17,6.846339702606201,FMTY14.MX
2016-06-20,6.846339702606201,FMTY14.MX
2016-06-21,6.846339702606201,FMTY14.MX
2016-06-22,6.954581260681152,FMTY14.MX
2016-06-23,6.954581260681152,FMTY14.MX
2016-06-24,6.824693202972412,FMTY14.MX
2016-06-27,6.835516929626465,FMTY14.MX
2016-06-28,6.835516929626465,FMTY14.MX
2016-06-29,6.895049571990967,FMTY14.MX
2016-06-30,6.895049571990967,FMTY14.MX
2016-07-01,7.035766124725342,FMTY14.MX
2016-07-04,7.246832847595215,FMTY14.MX
2016-07-05,7.246832847595215,FMTY14.MX
2016-07-06,7.246832847595215,FMTY14.MX
2016-07-07,7.246832847595215,FMTY14.MX
2016-07-08,7.241425514221191,FMTY14.MX
2016-07-11,7.241425514221191,FMTY14.MX
2016-07-12,7.241425514221191,FMTY14.MX
2016-07-13,7.241425514221191,FMTY14.MX
2016-07-14,7.225186347961426,FMTY14.MX
2016-07-15,7.21977424621582,FMTY14.MX
2016-07-18,7.198127269744873,FMTY14.MX
2016-07-19,7.198127269744873,FMTY14.MX
2016-07-20,7.198127269744873,FMTY14.MX
2016-07-21,7.198127269744873,FMTY14.MX
2016-07-22,7.198127269744873,FMTY14.MX
2016-07-25,7.225186347961426,FMTY14.MX
2016-07-26,6.927521228790283,FMTY14.MX
2016-07-27,7.133181571960449,FMTY14.MX
2016-07-28,7.252249240875244,FMTY14.MX
2016-07-29,7.252249240875244,FMTY14.MX
2016-08-01,7.035766124725342,FMTY14.MX
2016-08-02,7.008702278137207,FMTY14.MX
2016-08-03,6.895049571990967,FMTY14.MX
2016-08-04,6.873401165008545,FMTY14.MX
2016-08-05,6.8842244148254395,FMTY14.MX
2016-08-08,6.900461673736572,FMTY14.MX
2016-08-09,6.955682754516602,FMTY14.MX
2016-08-10,6.983067512512207,FMTY14.MX
2016-08-11,6.983067512512207,FMTY14.MX
2016-08-12,6.983067512512207,FMTY14.MX
2016-08-15,6.983067512512207,FMTY14.MX
2016-08-16,6.983067512512207,FMTY14.MX
2016-08-17,6.983067512512207,FMTY14.MX
2016-08-18,6.955682754516602,FMTY14.MX
2016-08-19,6.983067512512207,FMTY14.MX
2016-08-22,6.983067512512207,FMTY14.MX
2016-08-23,6.983067512512207,FMTY14.MX
2016-08-24,6.983067512512207,FMTY14.MX
2016-08-25,6.955682754516602,FMTY14.MX
2016-08-26,6.955682754516602,FMTY14.MX
2016-08-29,6.928300857543945,FMTY14.MX
2016-08-30,6.955682754516602,FMTY14.MX
2016-08-31,6.955682754516602,FMTY14.MX
2016-09-01,6.900914192199707,FMTY14.MX
2016-09-02,6.895436763763428,FMTY14.MX
2016-09-05,6.900914192199707,FMTY14.MX
2016-09-06,6.900914192199707,FMTY14.MX
2016-09-07,6.895436763763428,FMTY14.MX
2016-09-08,6.988544940948486,FMTY14.MX
2016-09-09,6.988544940948486,FMTY14.MX
2016-09-12,6.988544940948486,FMTY14.MX
2016-09-13,6.922821521759033,FMTY14.MX
2016-09-14,6.862573146820068,FMTY14.MX
2016-09-15,6.928300857543945,FMTY14.MX
2016-09-19,6.928300857543945,FMTY14.MX
2016-09-20,7.0104522705078125,FMTY14.MX
2016-09-21,6.994022846221924,FMTY14.MX
2016-09-22,6.994022846221924,FMTY14.MX
2016-09-23,7.0104522705078125,FMTY14.MX
2016-09-26,6.763991832733154,FMTY14.MX
2016-09-27,6.747558116912842,FMTY14.MX
2016-09-28,6.922821521759033,FMTY14.MX
2016-09-29,6.922821521759033,FMTY14.MX
2016-09-30,7.032951354980469,FMTY14.MX
2016-10-03,7.055279731750488,FMTY14.MX
2016-10-04,7.038534641265869,FMTY14.MX
2016-10-05,7.032951354980469,FMTY14.MX
2016-10-06,7.049698352813721,FMTY14.MX
2016-10-07,7.005043029785156,FMTY14.MX
2016-10-10,7.088770389556885,FMTY14.MX
2016-10-11,7.088770389556885,FMTY14.MX
2016-10-12,7.060857772827148,FMTY14.MX
2016-10-13,7.1166815757751465,FMTY14.MX
2016-10-14,7.1166815757751465,FMTY14.MX
2016-10-17,7.139002799987793,FMTY14.MX
2016-10-18,7.139002799987793,FMTY14.MX
2016-10-19,7.139002799987793,FMTY14.MX
2016-10-20,7.144586086273193,FMTY14.MX
2016-10-21,7.144586086273193,FMTY14.MX
2016-10-24,7.172494411468506,FMTY14.MX
2016-10-25,7.144586086273193,FMTY14.MX
2016-10-26,7.088770389556885,FMTY14.MX
2016-10-27,7.088770389556885,FMTY14.MX
2016-10-28,7.088770389556885,FMTY14.MX
2016-10-31,7.055279731750488,FMTY14.MX
2016-11-01,6.977136611938477,FMTY14.MX
2016-11-03,6.977136611938477,FMTY14.MX
2016-11-04,6.949226379394531,FMTY14.MX
2016-11-07,6.977136611938477,FMTY14.MX
2016-11-08,6.977136611938477,FMTY14.MX
2016-11-09,6.725959777832031,FMTY14.MX
2016-11-10,6.725959777832031,FMTY14.MX
2016-11-11,6.725959777832031,FMTY14.MX
2016-11-14,6.865503311157227,FMTY14.MX
2016-11-15,6.809683799743652,FMTY14.MX
2016-11-16,6.698050498962402,FMTY14.MX
2016-11-17,6.675725936889648,FMTY14.MX
2016-11-18,6.703635215759277,FMTY14.MX
2016-11-22,6.670140743255615,FMTY14.MX
2016-11-23,6.418964385986328,FMTY14.MX
2016-11-24,6.686886310577393,FMTY14.MX
2016-11-25,6.6813063621521,FMTY14.MX
2016-11-28,6.636650085449219,FMTY14.MX
2016-11-29,6.5975799560546875,FMTY14.MX
2016-11-30,6.698050498962402,FMTY14.MX
2016-12-01,6.698050498962402,FMTY14.MX
2016-12-02,6.698050498962402,FMTY14.MX
2016-12-05,6.70921516418457,FMTY14.MX
2016-12-06,6.698050498962402,FMTY14.MX
2016-12-07,6.642232894897461,FMTY14.MX
2016-12-08,6.664558410644531,FMTY14.MX
2016-12-09,6.670140743255615,FMTY14.MX
2016-12-13,6.5305986404418945,FMTY14.MX
2016-12-14,6.474782943725586,FMTY14.MX
2016-12-15,6.307327747344971,FMTY14.MX
2016-12-16,6.307327747344971,FMTY14.MX
2016-12-19,6.307327747344971,FMTY14.MX
2016-12-20,6.413383960723877,FMTY14.MX
2016-12-21,6.413383960723877,FMTY14.MX
2016-12-22,6.391056537628174,FMTY14.MX
2016-12-23,6.407801151275635,FMTY14.MX
2016-12-26,6.279422283172607,FMTY14.MX
2016-12-27,6.346402645111084,FMTY14.MX
2016-12-28,6.363147735595703,FMTY14.MX
2016-12-29,6.642232894897461,FMTY14.MX
2016-12-30,6.61432409286499,FMTY14.MX
2017-01-02,6.61432409286499,FMTY14.MX
2017-01-03,6.61432409286499,FMTY14.MX
2017-01-04,6.418964385986328,FMTY14.MX
2017-01-05,6.418964385986328,FMTY14.MX
2017-01-06,6.418964385986328,FMTY14.MX
2017-01-09,6.307327747344971,FMTY14.MX
2017-01-10,6.363147735595703,FMTY14.MX
2017-01-11,6.363147735595703,FMTY14.MX
2017-01-12,6.173369407653809,FMTY14.MX
2017-01-13,6.61432409286499,FMTY14.MX
2017-01-16,6.502689361572266,FMTY14.MX
2017-01-17,6.474782943725586,FMTY14.MX
2017-01-18,6.5864176750183105,FMTY14.MX
2017-01-19,6.558507442474365,FMTY14.MX
2017-01-20,6.5305986404418945,FMTY14.MX
2017-01-23,6.4245476722717285,FMTY14.MX
2017-01-24,6.57525110244751,FMTY14.MX
2017-01-25,6.363147735595703,FMTY14.MX
2017-01-26,6.474782943725586,FMTY14.MX
2017-01-27,6.418964385986328,FMTY14.MX
2017-01-30,6.368727684020996,FMTY14.MX
2017-01-31,6.418964385986328,FMTY14.MX
2017-02-01,6.418964385986328,FMTY14.MX
2017-02-02,6.418964385986328,FMTY14.MX
2017-02-03,6.402219295501709,FMTY14.MX
2017-02-07,6.402219295501709,FMTY14.MX
2017-02-08,6.402219295501709,FMTY14.MX
2017-02-09,6.0896453857421875,FMTY14.MX
2017-02-10,6.100807189941406,FMTY14.MX
2017-02-13,5.978011131286621,FMTY14.MX
2017-02-14,6.24035120010376,FMTY14.MX
2017-02-15,6.279422283172607,FMTY14.MX
2017-02-16,6.307327747344971,FMTY14.MX
2017-02-17,6.307327747344971,FMTY14.MX
2017-02-20,6.391056537628174,FMTY14.MX
2017-02-21,6.363147735595703,FMTY14.MX
2017-02-22,6.368727684020996,FMTY14.MX
2017-02-23,6.335240840911865,FMTY14.MX
2017-02-24,6.307327747344971,FMTY14.MX
2017-02-27,6.307327747344971,FMTY14.MX
2017-02-28,6.26267671585083,FMTY14.MX
2017-03-01,6.2682600021362305,FMTY14.MX
2017-03-02,6.296167373657227,FMTY14.MX
2017-03-03,6.2682600021362305,FMTY14.MX
2017-03-06,6.307327747344971,FMTY14.MX
2017-03-07,6.391056537628174,FMTY14.MX
2017-03-08,6.279422283172607,FMTY14.MX
2017-03-09,6.357566833496094,FMTY14.MX
2017-03-10,6.522042274475098,FMTY14.MX
2017-03-13,6.522042274475098,FMTY14.MX
2017-03-14,6.522042274475098,FMTY14.MX
2017-03-15,6.539175987243652,FMTY14.MX
2017-03-16,6.539175987243652,FMTY14.MX
2017-03-17,6.4535112380981445,FMTY14.MX
2017-03-21,6.464931964874268,FMTY14.MX
2017-03-22,6.4535112380981445,FMTY14.MX
2017-03-23,6.424953937530518,FMTY14.MX
2017-03-24,6.424953937530518,FMTY14.MX
2017-03-27,6.373555660247803,FMTY14.MX
2017-03-28,6.424953937530518,FMTY14.MX
2017-03-29,6.424953937530518,FMTY14.MX
2017-03-30,6.4420857429504395,FMTY14.MX
2017-03-31,6.4420857429504395,FMTY14.MX
2017-04-03,6.4420857429504395,FMTY14.MX
2017-04-04,6.4363789558410645,FMTY14.MX
2017-04-05,6.430665969848633,FMTY14.MX
2017-04-06,6.424953937530518,FMTY14.MX
2017-04-07,6.424953937530518,FMTY14.MX
2017-04-10,6.424953937530518,FMTY14.MX
2017-04-11,6.4477996826171875,FMTY14.MX
2017-04-12,6.4477996826171875,FMTY14.MX
2017-04-17,6.4535112380981445,FMTY14.MX
2017-04-18,6.4420857429504395,FMTY14.MX
2017-04-19,6.424953937530518,FMTY14.MX
2017-04-20,6.424953937530518,FMTY14.MX
2017-04-21,6.4535112380981445,FMTY14.MX
2017-04-24,6.4535112380981445,FMTY14.MX
2017-04-25,6.482066631317139,FMTY14.MX
2017-04-26,6.424953937530518,FMTY14.MX
2017-04-27,6.424953937530518,FMTY14.MX
2017-04-28,6.4535112380981445,FMTY14.MX
2017-05-02,6.4535112380981445,FMTY14.MX
2017-05-03,6.430665969848633,FMTY14.MX
2017-05-04,6.4363789558410645,FMTY14.MX
2017-05-05,6.4477996826171875,FMTY14.MX
2017-05-08,6.4535112380981445,FMTY14.MX
2017-05-09,6.4535112380981445,FMTY14.MX
2017-05-10,6.4535112380981445,FMTY14.MX
2017-05-11,6.659107685089111,FMTY14.MX
2017-05-12,6.676239490509033,FMTY14.MX
2017-05-15,6.670534133911133,FMTY14.MX
2017-05-16,6.7390642166137695,FMTY14.MX
2017-05-17,6.7390642166137695,FMTY14.MX
2017-05-18,6.6191325187683105,FMTY14.MX
2017-05-19,6.756196975708008,FMTY14.MX
2017-05-22,6.756196975708008,FMTY14.MX
2017-05-23,6.881856918334961,FMTY14.MX
2017-05-24,6.881856918334961,FMTY14.MX
2017-05-25,6.881856918334961,FMTY14.MX
2017-05-26,6.777585983276367,FMTY14.MX
2017-05-29,6.748621940612793,FMTY14.MX
2017-05-30,6.945577144622803,FMTY14.MX
2017-05-31,6.945577144622803,FMTY14.MX
2017-06-01,6.881856918334961,FMTY14.MX
2017-06-02,6.8760666847229,FMTY14.MX
2017-06-05,6.522701263427734,FMTY14.MX
2017-06-06,6.563249111175537,FMTY14.MX
2017-06-07,6.557458400726318,FMTY14.MX
2017-06-08,6.516909599304199,FMTY14.MX
2017-06-09,6.545872211456299,FMTY14.MX
2017-06-12,6.603799343109131,FMTY14.MX
2017-06-13,6.511118412017822,FMTY14.MX
2017-06-14,6.621180057525635,FMTY14.MX
2017-06-15,6.621180057525635,FMTY14.MX
2017-06-16,6.621180057525635,FMTY14.MX
2017-06-19,6.615386962890625,FMTY14.MX
2017-06-20,6.5922160148620605,FMTY14.MX
2017-06-21,6.5748372077941895,FMTY14.MX
2017-06-22,6.5748372077941895,FMTY14.MX
2017-06-23,6.6617326736450195,FMTY14.MX
2017-06-26,6.684901714324951,FMTY14.MX
2017-06-27,6.777585983276367,FMTY14.MX
2017-06-28,6.777585983276367,FMTY14.MX
2017-06-29,6.835514068603516,FMTY14.MX
2017-06-30,6.858684062957764,FMTY14.MX
2017-07-03,6.945577144622803,FMTY14.MX
2017-07-04,6.835514068603516,FMTY14.MX
2017-07-05,6.835514068603516,FMTY14.MX
2017-07-06,6.893442153930664,FMTY14.MX
2017-07-07,6.893442153930664,FMTY14.MX
2017-07-10,6.893442153930664,FMTY14.MX
2017-07-11,6.951370716094971,FMTY14.MX
2017-07-12,6.951370716094971,FMTY14.MX
2017-07-13,6.951370716094971,FMTY14.MX
2017-07-14,7.217837333679199,FMTY14.MX
2017-07-17,7.200462341308594,FMTY14.MX
2017-07-18,7.067226409912109,FMTY14.MX
2017-07-19,7.148326396942139,FMTY14.MX
2017-07-20,7.148326396942139,FMTY14.MX
2017-07-21,7.125155448913574,FMTY14.MX
2017-07-24,7.148326396942139,FMTY14.MX
2017-07-25,7.148326396942139,FMTY14.MX
2017-07-26,7.1746649742126465,FMTY14.MX
2017-07-27,6.999672889709473,FMTY14.MX
2017-07-28,7.040503025054932,FMTY14.MX
2017-07-31,7.133836269378662,FMTY14.MX
2017-08-01,7.1746649742126465,FMTY14.MX
2017-08-02,7.1746649742126465,FMTY14.MX
2017-08-03,7.081336975097656,FMTY14.MX
2017-08-04,7.203828811645508,FMTY14.MX
2017-08-07,7.291327476501465,FMTY14.MX
2017-08-08,7.291327476501465,FMTY14.MX
2017-08-09,7.2563300132751465,FMTY14.MX
2017-08-10,7.203828811645508,FMTY14.MX
2017-08-11,7.291327476501465,FMTY14.MX
2017-08-14,7.291327476501465,FMTY14.MX
2017-08-15,7.291327476501465,FMTY14.MX
2017-08-16,7.291327476501465,FMTY14.MX
2017-08-17,7.291327476501465,FMTY14.MX
2017-08-18,7.291327476501465,FMTY14.MX
2017-08-21,7.232996940612793,FMTY14.MX
2017-08-22,7.262157440185547,FMTY14.MX
2017-08-23,7.250495433807373,FMTY14.MX
2017-08-24,7.232996940612793,FMTY14.MX
2017-08-25,7.232996940612793,FMTY14.MX
2017-08-28,7.262157440185547,FMTY14.MX
2017-08-29,7.232996940612793,FMTY14.MX
2017-08-30,7.227160453796387,FMTY14.MX
2017-08-31,7.221329689025879,FMTY14.MX
2017-09-01,7.203828811645508,FMTY14.MX
2017-09-04,7.203828811645508,FMTY14.MX
2017-09-05,7.221329689025879,FMTY14.MX
2017-09-06,7.221329689025879,FMTY14.MX
2017-09-07,7.221329689025879,FMTY14.MX
2017-09-08,7.1746649742126465,FMTY14.MX
2017-09-11,7.221329689025879,FMTY14.MX
2017-09-12,7.221329689025879,FMTY14.MX
2017-09-13,7.221329689025879,FMTY14.MX
2017-09-14,7.215496063232422,FMTY14.MX
2017-09-15,7.232996940612793,FMTY14.MX
2017-09-18,7.2854905128479,FMTY14.MX
2017-09-19,7.197997093200684,FMTY14.MX
2017-09-20,7.291327476501465,FMTY14.MX
2017-09-21,7.291327476501465,FMTY14.MX
2017-09-22,7.279657363891602,FMTY14.MX
2017-09-25,7.279657363891602,FMTY14.MX
2017-09-26,7.2563300132751465,FMTY14.MX
2017-09-27,7.232996940612793,FMTY14.MX
2017-09-28,7.2854905128479,FMTY14.MX
2017-09-29,7.279657363891602,FMTY14.MX
2017-10-02,7.291327476501465,FMTY14.MX
2017-10-03,7.145498275756836,FMTY14.MX
2017-10-04,7.2854905128479,FMTY14.MX
2017-10-05,7.262157440185547,FMTY14.MX
2017-10-06,7.2854905128479,FMTY14.MX
2017-10-09,7.2563300132751465,FMTY14.MX
2017-10-10,7.221329689025879,FMTY14.MX
2017-10-11,7.221329689025879,FMTY14.MX
2017-10-12,7.232996940612793,FMTY14.MX
2017-10-13,7.291327476501465,FMTY14.MX
2017-10-16,7.291327476501465,FMTY14.MX
2017-10-17,7.232996940612793,FMTY14.MX
2017-10-18,7.203828811645508,FMTY14.MX
2017-10-19,7.221329689025879,FMTY14.MX
2017-10-20,7.244662284851074,FMTY14.MX
2017-10-23,7.407987117767334,FMTY14.MX
2017-10-24,7.407987117767334,FMTY14.MX
2017-10-25,7.326325416564941,FMTY14.MX
2017-10-26,7.402154445648193,FMTY14.MX
2017-10-27,7.4957499504089355,FMTY14.MX
2017-10-30,7.5134687423706055,FMTY14.MX
2017-10-31,7.501657009124756,FMTY14.MX
2017-11-01,7.383522033691406,FMTY14.MX
2017-11-03,7.383522033691406,FMTY14.MX
2017-11-06,7.44258451461792,FMTY14.MX
2017-11-07,7.44258451461792,FMTY14.MX
2017-11-08,7.413056373596191,FMTY14.MX
2017-11-09,7.44258451461792,FMTY14.MX
2017-11-10,7.44258451461792,FMTY14.MX
2017-11-13,7.44258451461792,FMTY14.MX
2017-11-14,7.44258451461792,FMTY14.MX
2017-11-15,7.353983402252197,FMTY14.MX
2017-11-16,7.44258451461792,FMTY14.MX
2017-11-17,7.3658013343811035,FMTY14.MX
2017-11-21,7.377612113952637,FMTY14.MX
2017-11-22,7.377612113952637,FMTY14.MX
2017-11-23,7.377612113952637,FMTY14.MX
2017-11-24,7.377612113952637,FMTY14.MX
2017-11-27,7.377612113952637,FMTY14.MX
2017-11-28,7.377612113952637,FMTY14.MX
2017-11-29,7.377612113952637,FMTY14.MX
2017-11-30,7.377612113952637,FMTY14.MX
2017-12-01,7.377612113952637,FMTY14.MX
2017-12-04,7.377612113952637,FMTY14.MX
2017-12-05,7.265385627746582,FMTY14.MX
2017-12-06,7.206316947937012,FMTY14.MX
2017-12-07,7.265385627746582,FMTY14.MX
2017-12-08,7.377612113952637,FMTY14.MX
2017-12-11,7.3658013343811035,FMTY14.MX
2017-12-13,7.44258451461792,FMTY14.MX
2017-12-14,7.383522033691406,FMTY14.MX
2017-12-15,7.265385627746582,FMTY14.MX
2017-12-18,7.383522033691406,FMTY14.MX
2017-12-19,7.383522033691406,FMTY14.MX
2017-12-20,7.383522033691406,FMTY14.MX
2017-12-21,7.383522033691406,FMTY14.MX
2017-12-22,7.383522033691406,FMTY14.MX
2017-12-26,7.383522033691406,FMTY14.MX
2017-12-27,7.353983402252197,FMTY14.MX
2017-12-28,7.3894243240356445,FMTY14.MX
2017-12-29,7.44258451461792,FMTY14.MX
2018-01-02,7.44258451461792,FMTY14.MX
2018-01-03,7.501657009124756,FMTY14.MX
2018-01-04,7.44258451461792,FMTY14.MX
2018-01-05,7.4957499504089355,FMTY14.MX
2018-01-08,7.4957499504089355,FMTY14.MX
2018-01-09,7.4957499504089355,FMTY14.MX
2018-01-10,7.4957499504089355,FMTY14.MX
2018-01-11,7.489843368530273,FMTY14.MX
2018-01-12,7.44258451461792,FMTY14.MX
2018-01-15,7.44258451461792,FMTY14.MX
2018-01-16,7.4307732582092285,FMTY14.MX
2018-01-17,7.4307732582092285,FMTY14.MX
2018-01-18,7.359890460968018,FMTY14.MX
2018-01-19,7.324453353881836,FMTY14.MX
2018-01-22,7.353983402252197,FMTY14.MX
2018-01-23,7.348081588745117,FMTY14.MX
2018-01-24,7.348081588745117,FMTY14.MX
2018-01-25,7.348081588745117,FMTY14.MX
2018-01-26,7.353983402252197,FMTY14.MX
2018-01-29,7.371705055236816,FMTY14.MX
2018-01-30,7.371705055236816,FMTY14.MX
2018-01-31,7.371705055236816,FMTY14.MX
2018-02-01,7.371705055236816,FMTY14.MX
2018-02-02,7.353983402252197,FMTY14.MX
2018-02-06,7.353983402252197,FMTY14.MX
2018-02-07,7.324453353881836,FMTY14.MX
2018-02-08,7.318543910980225,FMTY14.MX
2018-02-09,7.353983402252197,FMTY14.MX
2018-02-12,7.44258451461792,FMTY14.MX
2018-02-13,7.44258451461792,FMTY14.MX
2018-02-14,7.436680316925049,FMTY14.MX
2018-02-15,7.44258451461792,FMTY14.MX
2018-02-16,7.383522033691406,FMTY14.MX
2018-02-19,7.44258451461792,FMTY14.MX
2018-02-20,7.44258451461792,FMTY14.MX
2018-02-21,7.44258451461792,FMTY14.MX
2018-02-22,7.501657009124756,FMTY14.MX
2018-02-23,7.501657009124756,FMTY14.MX
2018-02-26,7.501657009124756,FMTY14.MX
2018-02-27,7.44258451461792,FMTY14.MX
2018-02-28,7.265385627746582,FMTY14.MX
2018-03-01,7.265385627746582,FMTY14.MX
2018-03-02,7.44258451461792,FMTY14.MX
2018-03-05,7.44258451461792,FMTY14.MX
2018-03-06,7.353983402252197,FMTY14.MX
2018-03-07,7.353983402252197,FMTY14.MX
2018-03-08,7.383522033691406,FMTY14.MX
2018-03-09,7.294917583465576,FMTY14.MX
2018-03-12,7.294917583465576,FMTY14.MX
2018-03-13,7.294917583465576,FMTY14.MX
2018-03-14,7.294917583465576,FMTY14.MX
2018-03-15,7.294917583465576,FMTY14.MX
2018-03-16,7.383522033691406,FMTY14.MX
2018-03-20,7.383522033691406,FMTY14.MX
2018-03-21,7.342174053192139,FMTY14.MX
2018-03-22,7.235849857330322,FMTY14.MX
2018-03-23,7.235849857330322,FMTY14.MX
2018-03-26,7.294917583465576,FMTY14.MX
2018-03-27,7.294917583465576,FMTY14.MX
2018-03-28,7.265385627746582,FMTY14.MX
2018-04-02,7.265385627746582,FMTY14.MX
2018-04-03,7.265385627746582,FMTY14.MX
2018-04-04,7.265385627746582,FMTY14.MX
2018-04-05,7.318543910980225,FMTY14.MX
2018-04-06,7.265385627746582,FMTY14.MX
2018-04-09,7.265385627746582,FMTY14.MX
2018-04-10,7.235849857330322,FMTY14.MX
2018-04-11,7.235849857330322,FMTY14.MX
2018-04-12,7.235849857330322,FMTY14.MX
2018-04-13,7.206316947937012,FMTY14.MX
2018-04-16,7.235849857330322,FMTY14.MX
2018-04-17,7.200408935546875,FMTY14.MX
2018-04-18,7.176779747009277,FMTY14.MX
2018-04-19,7.176779747009277,FMTY14.MX
2018-04-20,7.176779747009277,FMTY14.MX
2018-04-23,7.176779747009277,FMTY14.MX
2018-04-24,7.117715358734131,FMTY14.MX
2018-04-25,7.176779747009277,FMTY14.MX
2018-04-26,7.176779747009277,FMTY14.MX
2018-04-27,7.176779747009277,FMTY14.MX
2018-04-30,7.176779747009277,FMTY14.MX
2018-05-02,7.1708760261535645,FMTY14.MX
2018-05-03,7.147243976593018,FMTY14.MX
2018-05-04,7.117715358734131,FMTY14.MX
2018-05-07,7.082272529602051,FMTY14.MX
2018-05-08,7.029112339019775,FMTY14.MX
2018-05-09,7.1708760261535645,FMTY14.MX
2018-05-10,7.135434150695801,FMTY14.MX
2018-05-11,7.135434150695801,FMTY14.MX
2018-05-14,7.147243976593018,FMTY14.MX
2018-05-15,7.147243976593018,FMTY14.MX
2018-05-16,7.147243976593018,FMTY14.MX
2018-05-17,7.111804008483887,FMTY14.MX
2018-05-18,7.111804008483887,FMTY14.MX
2018-05-21,7.294917583465576,FMTY14.MX
2018-05-22,7.294917583465576,FMTY14.MX
2018-05-23,7.294917583465576,FMTY14.MX
2018-05-24,7.200408935546875,FMTY14.MX
2018-05-25,7.200408935546875,FMTY14.MX
2018-05-28,7.182689666748047,FMTY14.MX
2018-05-29,7.0881805419921875,FMTY14.MX
2018-05-30,7.0881805419921875,FMTY14.MX
2018-05-31,7.082272529602051,FMTY14.MX
2018-06-01,7.082272529602051,FMTY14.MX
2018-06-04,7.082272529602051,FMTY14.MX
2018-06-05,7.147243976593018,FMTY14.MX
2018-06-06,7.176779747009277,FMTY14.MX
2018-06-07,7.176779747009277,FMTY14.MX
2018-06-08,7.029112339019775,FMTY14.MX
2018-06-11,7.029112339019775,FMTY14.MX
2018-06-12,7.029112339019775,FMTY14.MX
2018-06-13,7.082272529602051,FMTY14.MX
2018-06-14,7.147243976593018,FMTY14.MX
2018-06-15,7.0881805419921875,FMTY14.MX
2018-06-18,7.029112339019775,FMTY14.MX
2018-06-19,7.0881805419921875,FMTY14.MX
2018-06-20,7.0881805419921875,FMTY14.MX
2018-06-21,7.0881805419921875,FMTY14.MX
2018-06-22,7.0881805419921875,FMTY14.MX
2018-06-25,7.0881805419921875,FMTY14.MX
2018-06-26,7.0881805419921875,FMTY14.MX
2018-06-27,7.0881805419921875,FMTY14.MX
2018-06-28,7.0881805419921875,FMTY14.MX
2018-06-29,7.029112339019775,FMTY14.MX
2018-07-02,7.0881805419921875,FMTY14.MX
2018-07-03,7.0881805419921875,FMTY14.MX
2018-07-04,7.0881805419921875,FMTY14.MX
2018-07-05,7.0881805419921875,FMTY14.MX
2018-07-06,7.07045841217041,FMTY14.MX
2018-07-09,7.0881805419921875,FMTY14.MX
2018-07-10,7.0881805419921875,FMTY14.MX
2018-07-11,7.0232038497924805,FMTY14.MX
2018-07-12,6.922789573669434,FMTY14.MX
2018-07-13,7.082272529602051,FMTY14.MX
2018-07-16,7.0881805419921875,FMTY14.MX
2018-07-17,7.0881805419921875,FMTY14.MX
2018-07-18,7.0881805419921875,FMTY14.MX
2018-07-19,7.0881805419921875,FMTY14.MX
2018-07-20,7.082272529602051,FMTY14.MX
2018-07-23,7.058643817901611,FMTY14.MX
2018-07-24,7.058643817901611,FMTY14.MX
2018-07-25,7.058643817901611,FMTY14.MX
2018-07-26,7.058643817901611,FMTY14.MX
2018-07-27,7.058643817901611,FMTY14.MX
2018-07-30,7.058643817901611,FMTY14.MX
2018-07-31,7.0881805419921875,FMTY14.MX
2018-08-01,7.0881805419921875,FMTY14.MX
2018-08-02,7.0881805419921875,FMTY14.MX
2018-08-03,7.0881805419921875,FMTY14.MX
2018-08-06,7.0881805419921875,FMTY14.MX
2018-08-07,7.0881805419921875,FMTY14.MX
2018-08-08,7.0881805419921875,FMTY14.MX
2018-08-09,7.0881805419921875,FMTY14.MX
2018-08-10,7.0881805419921875,FMTY14.MX
2018-08-13,7.0881805419921875,FMTY14.MX
2018-08-14,7.135434150695801,FMTY14.MX
2018-08-15,7.135434150695801,FMTY14.MX
2018-08-16,7.135434150695801,FMTY14.MX
2018-08-17,7.135434150695801,FMTY14.MX
2018-08-20,7.147243976593018,FMTY14.MX
2018-08-21,7.058643817901611,FMTY14.MX
2018-08-22,7.07045841217041,FMTY14.MX
2018-08-23,7.07045841217041,FMTY14.MX
2018-08-24,7.07045841217041,FMTY14.MX
2018-08-27,7.07045841217041,FMTY14.MX
2018-08-28,7.07045841217041,FMTY14.MX
2018-08-29,7.07045841217041,FMTY14.MX
2018-08-30,7.07045841217041,FMTY14.MX
2018-08-31,7.07045841217041,FMTY14.MX
2018-09-03,7.07045841217041,FMTY14.MX
2018-09-04,7.07045841217041,FMTY14.MX
2018-09-05,7.07045841217041,FMTY14.MX
2018-09-06,7.07045841217041,FMTY14.MX
2018-09-07,7.07045841217041,FMTY14.MX
2018-09-10,7.259478569030762,FMTY14.MX
2018-09-11,7.259478569030762,FMTY14.MX
2018-09-12,7.566630840301514,FMTY14.MX
2018-09-13,7.566630840301514,FMTY14.MX
2018-09-14,7.501657009124756,FMTY14.MX
2018-09-17,7.501657009124756,FMTY14.MX
2018-09-18,7.501657009124756,FMTY14.MX
2018-09-19,7.501657009124756,FMTY14.MX
2018-09-20,7.501657009124756,FMTY14.MX
2018-09-21,7.501657009124756,FMTY14.MX
2018-09-24,7.501657009124756,FMTY14.MX
2018-09-25,7.501657009124756,FMTY14.MX
2018-09-26,7.4721221923828125,FMTY14.MX
2018-09-27,7.4721221923828125,FMTY14.MX
2018-09-28,7.4721221923828125,FMTY14.MX
2018-10-01,7.44258451461792,FMTY14.MX
2018-10-02,7.436680316925049,FMTY14.MX
2018-10-03,7.436680316925049,FMTY14.MX
2018-10-04,7.436680316925049,FMTY14.MX
2018-10-05,7.44258451461792,FMTY14.MX
2018-10-08,7.44258451461792,FMTY14.MX
2018-10-09,7.4721221923828125,FMTY14.MX
2018-10-10,7.383522033691406,FMTY14.MX
2018-10-11,7.613886833190918,FMTY14.MX
2018-10-12,7.613886833190918,FMTY14.MX
2018-10-15,7.613886833190918,FMTY14.MX
2018-10-16,7.613886833190918,FMTY14.MX
2018-10-17,7.44258451461792,FMTY14.MX
2018-10-18,7.44258451461792,FMTY14.MX
2018-10-19,7.44258451461792,FMTY14.MX
2018-10-22,7.44258451461792,FMTY14.MX
2018-10-23,7.383522033691406,FMTY14.MX
2018-10-24,7.383522033691406,FMTY14.MX
2018-10-25,7.141340732574463,FMTY14.MX
2018-10-26,7.0881805419921875,FMTY14.MX
2018-10-29,7.147243976593018,FMTY14.MX
2018-10-30,7.265385627746582,FMTY14.MX
2018-10-31,7.265385627746582,FMTY14.MX
2018-11-01,7.294917583465576,FMTY14.MX
2018-11-05,7.147243976593018,FMTY14.MX
2018-11-06,7.206316947937012,FMTY14.MX
2018-11-07,7.206316947937012,FMTY14.MX
2018-11-08,7.176779747009277,FMTY14.MX
2018-11-09,7.383522033691406,FMTY14.MX
2018-11-12,7.206316947937012,FMTY14.MX
2018-11-13,7.383522033691406,FMTY14.MX
2018-11-14,7.235849857330322,FMTY14.MX
2018-11-15,7.235849857330322,FMTY14.MX
2018-11-16,7.206316947937012,FMTY14.MX
2018-11-20,7.206316947937012,FMTY14.MX
2018-11-21,7.147243976593018,FMTY14.MX
2018-11-22,7.0881805419921875,FMTY14.MX
2018-11-23,7.0881805419921875,FMTY14.MX
2018-11-26,7.0881805419921875,FMTY14.MX
2018-11-27,7.206316947937012,FMTY14.MX
2018-11-28,7.147243976593018,FMTY14.MX
2018-11-29,7.147243976593018,FMTY14.MX
2018-11-30,7.147243976593018,FMTY14.MX
2018-12-03,7.147243976593018,FMTY14.MX
2018-12-04,7.147243976593018,FMTY14.MX
2018-12-05,7.147243976593018,FMTY14.MX
2018-12-06,7.206316947937012,FMTY14.MX
2018-12-07,7.383522033691406,FMTY14.MX
2018-12-10,7.147243976593018,FMTY14.MX
2018-12-11,7.147243976593018,FMTY14.MX
2018-12-13,7.147243976593018,FMTY14.MX
2018-12-14,7.117715358734131,FMTY14.MX
2018-12-17,7.0881805419921875,FMTY14.MX
2018-12-18,7.0881805419921875,FMTY14.MX
2018-12-19,7.058643817901611,FMTY14.MX
2018-12-20,7.082272529602051,FMTY14.MX
2018-12-21,7.029112339019775,FMTY14.MX
2018-12-24,7.029112339019775,FMTY14.MX
2018-12-26,7.076364994049072,FMTY14.MX
2018-12-27,7.029112339019775,FMTY14.MX
2018-12-28,7.029112339019775,FMTY14.MX
2018-12-31,7.046835899353027,FMTY14.MX
2019-01-02,7.046835899353027,FMTY14.MX
2019-01-03,7.052737712860107,FMTY14.MX
2019-01-04,6.999577045440674,FMTY14.MX
2019-01-07,6.999577045440674,FMTY14.MX
2019-01-08,6.999577045440674,FMTY14.MX
2019-01-09,6.999577045440674,FMTY14.MX
2019-01-10,6.993669509887695,FMTY14.MX
2019-01-11,6.970043659210205,FMTY14.MX
2019-01-14,6.970043659210205,FMTY14.MX
2019-01-15,6.970043659210205,FMTY14.MX
2019-01-16,6.970043659210205,FMTY14.MX
2019-01-17,6.970043659210205,FMTY14.MX
2019-01-18,6.970043659210205,FMTY14.MX
2019-01-21,6.999577045440674,FMTY14.MX
2019-01-22,7.058643817901611,FMTY14.MX
2019-01-23,7.147243976593018,FMTY14.MX
2019-01-24,7.117715358734131,FMTY14.MX
2019-01-25,7.058643817901611,FMTY14.MX
2019-01-28,7.058643817901611,FMTY14.MX
2019-01-29,7.058643817901611,FMTY14.MX
2019-01-30,7.058643817901611,FMTY14.MX
2019-01-31,7.147243976593018,FMTY14.MX
2019-02-01,7.058643817901611,FMTY14.MX
2019-02-05,7.029112339019775,FMTY14.MX
2019-02-06,7.029112339019775,FMTY14.MX
2019-02-07,7.029112339019775,FMTY14.MX
2019-02-08,6.910974979400635,FMTY14.MX
2019-02-11,6.846001148223877,FMTY14.MX
2019-02-12,6.851906776428223,FMTY14.MX
2019-02-13,6.851906776428223,FMTY14.MX
2019-02-14,6.851906776428223,FMTY14.MX
2019-02-15,6.828283309936523,FMTY14.MX
2019-02-18,6.846001148223877,FMTY14.MX
2019-02-19,6.816466808319092,FMTY14.MX
2019-02-20,6.662887096405029,FMTY14.MX
2019-02-21,6.79284143447876,FMTY14.MX
2019-02-22,7.082272529602051,FMTY14.MX
2019-02-25,7.082272529602051,FMTY14.MX
2019-02-26,7.07045841217041,FMTY14.MX
2019-02-27,7.035016059875488,FMTY14.MX
2019-02-28,7.082272529602051,FMTY14.MX
2019-03-01,7.07045841217041,FMTY14.MX
2019-03-04,7.046835899353027,FMTY14.MX
2019-03-05,7.058643817901611,FMTY14.MX
2019-03-06,7.052737712860107,FMTY14.MX
2019-03-07,7.029112339019775,FMTY14.MX
2019-03-08,7.029112339019775,FMTY14.MX
2019-03-11,7.082272529602051,FMTY14.MX
2019-03-12,6.999577045440674,FMTY14.MX
2019-03-13,6.90506649017334,FMTY14.MX
2019-03-14,6.999577045440674,FMTY14.MX
2019-03-15,7.029112339019775,FMTY14.MX
2019-03-19,7.029112339019775,FMTY14.MX
2019-03-20,7.029112339019775,FMTY14.MX
2019-03-21,7.029112339019775,FMTY14.MX
2019-03-22,6.999577045440674,FMTY14.MX
2019-03-25,7.058643817901611,FMTY14.MX
2019-03-26,7.052737712860107,FMTY14.MX
2019-03-27,6.999577045440674,FMTY14.MX
2019-03-28,6.999577045440674,FMTY14.MX
2019-03-29,7.052737712860107,FMTY14.MX
2019-04-01,6.970043659210205,FMTY14.MX
2019-04-02,7.029112339019775,FMTY14.MX
2019-04-03,7.029112339019775,FMTY14.MX
2019-04-04,6.970043659210205,FMTY14.MX
2019-04-05,6.993669509887695,FMTY14.MX
2019-04-08,6.970043659210205,FMTY14.MX
2019-04-09,6.970043659210205,FMTY14.MX
2019-04-10,6.999577045440674,FMTY14.MX
2019-04-11,6.999577045440674,FMTY14.MX
2019-04-12,6.975948810577393,FMTY14.MX
2019-04-15,6.999577045440674,FMTY14.MX
2019-04-16,6.922789573669434,FMTY14.MX
2019-04-17,6.9168829917907715,FMTY14.MX
2019-04-22,6.9168829917907715,FMTY14.MX
2019-04-23,6.999577045440674,FMTY14.MX
2019-04-24,6.999577045440674,FMTY14.MX
2019-04-25,6.970043659210205,FMTY14.MX
2019-04-26,6.970043659210205,FMTY14.MX
2019-04-29,6.946417331695557,FMTY14.MX
2019-04-30,7.005483150482178,FMTY14.MX
2019-05-02,7.01139497756958,FMTY14.MX
2019-05-03,6.999577045440674,FMTY14.MX
2019-05-06,6.999577045440674,FMTY14.MX
2019-05-07,7.035016059875488,FMTY14.MX
2019-05-08,7.029112339019775,FMTY14.MX
2019-05-09,6.999577045440674,FMTY14.MX
2019-05-10,6.999577045440674,FMTY14.MX
2019-05-13,6.999577045440674,FMTY14.MX
2019-05-14,6.970043659210205,FMTY14.MX
2019-05-15,7.029112339019775,FMTY14.MX
2019-05-16,6.970043659210205,FMTY14.MX
2019-05-17,6.970043659210205,FMTY14.MX
2019-05-20,6.970043659210205,FMTY14.MX
2019-05-21,6.975948810577393,FMTY14.MX
2019-05-22,6.993669509887695,FMTY14.MX
2019-05-23,6.970043659210205,FMTY14.MX
2019-05-24,6.970043659210205,FMTY14.MX
2019-05-27,6.970043659210205,FMTY14.MX
2019-05-28,7.082272529602051,FMTY14.MX
2019-05-29,6.970043659210205,FMTY14.MX
2019-05-30,6.970043659210205,FMTY14.MX
2019-05-31,6.970043659210205,FMTY14.MX
2019-06-03,6.970043659210205,FMTY14.MX
2019-06-04,7.058643817901611,FMTY14.MX
2019-06-05,7.058643817901611,FMTY14.MX
2019-06-06,6.910974979400635,FMTY14.MX
2019-06-07,6.999577045440674,FMTY14.MX
2019-06-10,6.999577045440674,FMTY14.MX
2019-06-11,6.999577045440674,FMTY14.MX
2019-06-12,6.993669509887695,FMTY14.MX
2019-06-13,6.993669509887695,FMTY14.MX
2019-06-14,6.970043659210205,FMTY14.MX
2019-06-17,6.999577045440674,FMTY14.MX
2019-06-18,7.029112339019775,FMTY14.MX
2019-06-19,6.970043659210205,FMTY14.MX
2019-06-20,6.999577045440674,FMTY14.MX
2019-06-21,7.029112339019775,FMTY14.MX
2019-06-24,6.970043659210205,FMTY14.MX
2019-06-25,6.970043659210205,FMTY14.MX
2019-06-26,6.970043659210205,FMTY14.MX
2019-06-27,6.970043659210205,FMTY14.MX
2019-06-28,6.970043659210205,FMTY14.MX
2019-07-01,6.940510272979736,FMTY14.MX
2019-07-02,6.970043659210205,FMTY14.MX
2019-07-03,6.993669509887695,FMTY14.MX
2019-07-04,6.970043659210205,FMTY14.MX
2019-07-05,6.940510272979736,FMTY14.MX
2019-07-08,7.0881805419921875,FMTY14.MX
2019-07-09,7.06455135345459,FMTY14.MX
2019-07-10,7.06455135345459,FMTY14.MX
2019-07-11,6.952319622039795,FMTY14.MX
2019-07-12,7.0881805419921875,FMTY14.MX
2019-07-15,6.940510272979736,FMTY14.MX
2019-07-16,6.910974979400635,FMTY14.MX
2019-07-17,6.910974979400635,FMTY14.MX
2019-07-18,6.934602737426758,FMTY14.MX
2019-07-19,6.970043659210205,FMTY14.MX
2019-07-22,6.881441593170166,FMTY14.MX
2019-07-23,6.910974979400635,FMTY14.MX
2019-07-24,6.910974979400635,FMTY14.MX
2019-07-25,7.058643817901611,FMTY14.MX
2019-07-26,6.940510272979736,FMTY14.MX
2019-07-29,6.910974979400635,FMTY14.MX
2019-07-30,6.940510272979736,FMTY14.MX
2019-07-31,6.940510272979736,FMTY14.MX
2019-08-01,6.922789573669434,FMTY14.MX
2019-08-02,6.940510272979736,FMTY14.MX
2019-08-05,6.940510272979736,FMTY14.MX
2019-08-06,6.934602737426758,FMTY14.MX
2019-08-07,6.940510272979736,FMTY14.MX
2019-08-08,6.910974979400635,FMTY14.MX
2019-08-09,6.958228588104248,FMTY14.MX
2019-08-12,6.999577045440674,FMTY14.MX
2019-08-13,6.970043659210205,FMTY14.MX
2019-08-14,6.910974979400635,FMTY14.MX
2019-08-15,6.940510272979736,FMTY14.MX
2019-08-16,6.999577045440674,FMTY14.MX
2019-08-19,6.993669509887695,FMTY14.MX
2019-08-20,6.940510272979736,FMTY14.MX
2019-08-21,6.970043659210205,FMTY14.MX
2019-08-22,6.9641337394714355,FMTY14.MX
2019-08-23,6.910974979400635,FMTY14.MX
2019-08-26,6.9168829917907715,FMTY14.MX
2019-08-27,6.9641337394714355,FMTY14.MX
2019-08-28,6.9641337394714355,FMTY14.MX
2019-08-29,6.910974979400635,FMTY14.MX
2019-08-30,6.90506649017334,FMTY14.MX
2019-09-02,6.928694725036621,FMTY14.MX
2019-09-03,6.934602737426758,FMTY14.MX
2019-09-04,6.934602737426758,FMTY14.MX
2019-09-05,6.910974979400635,FMTY14.MX
2019-09-06,6.940510272979736,FMTY14.MX
2019-09-09,6.940510272979736,FMTY14.MX
2019-09-10,7.029112339019775,FMTY14.MX
2019-09-11,6.970043659210205,FMTY14.MX
2019-09-12,6.940510272979736,FMTY14.MX
2019-09-13,6.940510272979736,FMTY14.MX
2019-09-17,6.910974979400635,FMTY14.MX
2019-09-18,7.029112339019775,FMTY14.MX
2019-09-19,7.029112339019775,FMTY14.MX
2019-09-20,7.058643817901611,FMTY14.MX
2019-09-23,7.058643817901611,FMTY14.MX
2019-09-24,7.0881805419921875,FMTY14.MX
2019-09-25,6.999577045440674,FMTY14.MX
2019-09-26,7.0881805419921875,FMTY14.MX
2019-09-27,7.0881805419921875,FMTY14.MX
2019-09-30,7.0881805419921875,FMTY14.MX
2019-10-01,7.0881805419921875,FMTY14.MX
2019-10-02,7.1708760261535645,FMTY14.MX
2019-10-03,7.1708760261535645,FMTY14.MX
2019-10-04,7.312640190124512,FMTY14.MX
2019-10-07,7.306732177734375,FMTY14.MX
2019-10-08,7.306732177734375,FMTY14.MX
2019-10-09,7.147243976593018,FMTY14.MX
2019-10-10,7.0881805419921875,FMTY14.MX
2019-10-11,7.0881805419921875,FMTY14.MX
2019-10-14,7.265385627746582,FMTY14.MX
2019-10-15,7.247663497924805,FMTY14.MX
2019-10-16,7.300826072692871,FMTY14.MX
2019-10-17,7.265385627746582,FMTY14.MX
2019-10-18,7.265385627746582,FMTY14.MX
2019-10-21,7.44258451461792,FMTY14.MX
2019-10-22,7.495209217071533,FMTY14.MX
2019-10-23,7.394644737243652,FMTY14.MX
2019-10-24,7.4360527992248535,FMTY14.MX
2019-10-25,7.400555610656738,FMTY14.MX
2019-10-28,7.394644737243652,FMTY14.MX
2019-10-29,7.110685348510742,FMTY14.MX
2019-10-30,7.169841766357422,FMTY14.MX
2019-10-31,7.169841766357422,FMTY14.MX
2019-11-01,7.187594413757324,FMTY14.MX
2019-11-04,7.169841766357422,FMTY14.MX
2019-11-05,7.2526631355285645,FMTY14.MX
2019-11-06,7.270413398742676,FMTY14.MX
2019-11-07,7.187594413757324,FMTY14.MX
2019-11-08,7.187594413757324,FMTY14.MX
2019-11-11,7.158013343811035,FMTY14.MX
2019-11-12,7.169841766357422,FMTY14.MX
2019-11-13,7.175760746002197,FMTY14.MX
2019-11-14,7.181677341461182,FMTY14.MX
2019-11-15,7.187594413757324,FMTY14.MX
2019-11-19,7.187594413757324,FMTY14.MX
2019-11-20,7.187594413757324,FMTY14.MX
2019-11-21,7.181677341461182,FMTY14.MX
2019-11-22,7.163928508758545,FMTY14.MX
2019-11-25,7.169841766357422,FMTY14.MX
2019-11-26,7.169841766357422,FMTY14.MX
2019-11-27,7.181677341461182,FMTY14.MX
2019-11-28,7.175760746002197,FMTY14.MX
2019-11-29,7.158013343811035,FMTY14.MX
2019-12-02,7.158013343811035,FMTY14.MX
2019-12-03,7.116605281829834,FMTY14.MX
2019-12-04,7.092939376831055,FMTY14.MX
2019-12-05,7.163928508758545,FMTY14.MX
2019-12-06,7.152098178863525,FMTY14.MX
2019-12-09,7.116605281829834,FMTY14.MX
2019-12-10,7.128434658050537,FMTY14.MX
2019-12-11,7.092939376831055,FMTY14.MX
2019-12-13,7.063360691070557,FMTY14.MX
2019-12-16,7.098856449127197,FMTY14.MX
2019-12-17,7.158013343811035,FMTY14.MX
2019-12-18,7.128434658050537,FMTY14.MX
2019-12-19,7.146180629730225,FMTY14.MX
2019-12-20,7.152098178863525,FMTY14.MX
2019-12-23,7.098856449127197,FMTY14.MX
2019-12-24,7.098856449127197,FMTY14.MX
2019-12-26,7.063360691070557,FMTY14.MX
2019-12-27,7.098856449127197,FMTY14.MX
2019-12-30,7.098856449127197,FMTY14.MX
2019-12-31,7.098856449127197,FMTY14.MX
2020-01-02,7.152098178863525,FMTY14.MX
2020-01-03,7.092939376831055,FMTY14.MX
2020-01-06,6.998290538787842,FMTY14.MX
2020-01-07,7.039700508117676,FMTY14.MX
2020-01-08,7.069277286529541,FMTY14.MX
2020-01-09,7.081108093261719,FMTY14.MX
2020-01-10,7.087023735046387,FMTY14.MX
2020-01-13,7.087023735046387,FMTY14.MX
2020-01-14,7.05744743347168,FMTY14.MX
2020-01-15,7.063360691070557,FMTY14.MX
2020-01-16,7.069277286529541,FMTY14.MX
2020-01-17,7.098856449127197,FMTY14.MX
2020-01-20,7.087023735046387,FMTY14.MX
2020-01-21,7.03378438949585,FMTY14.MX
2020-01-22,7.116605281829834,FMTY14.MX
2020-01-23,7.122520923614502,FMTY14.MX
2020-01-24,7.128434658050537,FMTY14.MX
2020-01-27,7.081108093261719,FMTY14.MX
2020-01-28,7.081108093261719,FMTY14.MX
2020-01-29,7.081108093261719,FMTY14.MX
2020-01-30,7.158013343811035,FMTY14.MX
2020-01-31,7.092939376831055,FMTY14.MX
2020-02-04,7.084066867828369,FMTY14.MX
2020-02-05,7.081108093261719,FMTY14.MX
2020-02-06,7.069277286529541,FMTY14.MX
2020-02-07,7.039700508117676,FMTY14.MX
2020-02-10,7.03378438949585,FMTY14.MX
2020-02-11,7.128434658050537,FMTY14.MX
2020-02-12,7.092939376831055,FMTY14.MX
2020-02-13,7.063360691070557,FMTY14.MX
2020-02-14,7.087023735046387,FMTY14.MX
2020-02-17,7.081108093261719,FMTY14.MX
2020-02-18,7.069277286529541,FMTY14.MX
2020-02-19,7.004205226898193,FMTY14.MX
2020-02-20,7.098856449127197,FMTY14.MX
2020-02-21,7.160578727722168,FMTY14.MX
2020-02-24,7.1125617027282715,FMTY14.MX
2020-02-25,7.106558799743652,FMTY14.MX
2020-02-26,7.160578727722168,FMTY14.MX
2020-02-27,7.136569499969482,FMTY14.MX
2020-02-28,7.172581672668457,FMTY14.MX
2020-03-02,7.20259428024292,FMTY14.MX
2020-03-03,7.17858362197876,FMTY14.MX
2020-03-04,7.20259428024292,FMTY14.MX
2020-03-05,7.124561309814453,FMTY14.MX
2020-03-06,7.154574394226074,FMTY14.MX
2020-03-09,6.992519378662109,FMTY14.MX
2020-03-10,7.088551998138428,FMTY14.MX
2020-03-11,7.022528648376465,FMTY14.MX
2020-03-12,6.992519378662109,FMTY14.MX
2020-03-13,7.022528648376465,FMTY14.MX
2020-03-17,6.962508201599121,FMTY14.MX
2020-03-18,6.842461109161377,FMTY14.MX
2020-03-19,6.8664727210998535,FMTY14.MX
2020-03-20,6.758435249328613,FMTY14.MX
2020-03-23,6.302266597747803,FMTY14.MX
2020-03-24,6.296267032623291,FMTY14.MX
2020-03-25,6.098193168640137,FMTY14.MX
2020-03-26,5.654034614562988,FMTY14.MX
2020-03-27,5.582010746002197,FMTY14.MX
2020-03-30,5.359928607940674,FMTY14.MX
2020-03-31,5.2218804359436035,FMTY14.MX
2020-04-01,5.101834774017334,FMTY14.MX
2020-04-02,5.0718255043029785,FMTY14.MX
2020-04-03,5.04181432723999,FMTY14.MX
2020-04-06,5.083830833435059,FMTY14.MX
2020-04-07,5.0718255043029785,FMTY14.MX
2020-04-08,5.16185998916626,FMTY14.MX
2020-04-13,5.3719329833984375,FMTY14.MX
2020-04-14,5.281899929046631,FMTY14.MX
2020-04-15,5.215877532958984,FMTY14.MX
2020-04-16,5.16185998916626,FMTY14.MX
2020-04-17,5.281899929046631,FMTY14.MX
2020-04-20,5.263895034790039,FMTY14.MX
2020-04-21,5.011804103851318,FMTY14.MX
2020-04-22,4.9397783279418945,FMTY14.MX
2020-04-23,5.16185998916626,FMTY14.MX
2020-04-24,5.191870212554932,FMTY14.MX
2020-04-27,5.612019062042236,FMTY14.MX
2020-04-28,5.846542835235596,FMTY14.MX
2020-04-29,5.8707733154296875,FMTY14.MX
2020-04-30,5.78595495223999,FMTY14.MX
2020-05-04,5.779900074005127,FMTY14.MX
2020-05-05,5.8586578369140625,FMTY14.MX
2020-05-06,5.767777442932129,FMTY14.MX
2020-05-07,5.828366756439209,FMTY14.MX
2020-05-08,5.937419891357422,FMTY14.MX
2020-05-11,5.937419891357422,FMTY14.MX
2020-05-12,5.937419891357422,FMTY14.MX
2020-05-13,6.0525336265563965,FMTY14.MX
2020-05-14,6.0525336265563965,FMTY14.MX
2020-05-15,6.0525336265563965,FMTY14.MX
2020-05-18,6.058592796325684,FMTY14.MX
2020-05-19,6.161588668823242,FMTY14.MX
2020-05-20,6.143413066864014,FMTY14.MX
2020-05-21,6.1858229637146,FMTY14.MX
2020-05-22,6.240349292755127,FMTY14.MX
2020-05-25,6.379696846008301,FMTY14.MX
2020-05-26,6.300935745239258,FMTY14.MX
2020-05-27,6.262490749359131,FMTY14.MX
2020-05-28,6.183063507080078,FMTY14.MX
2020-05-29,6.164736747741699,FMTY14.MX
2020-06-01,6.317479610443115,FMTY14.MX
2020-06-02,6.341919898986816,FMTY14.MX
2020-06-03,6.3235907554626465,FMTY14.MX
2020-06-04,6.3235907554626465,FMTY14.MX
2020-06-05,6.286928653717041,FMTY14.MX
2020-06-08,6.2930402755737305,FMTY14.MX
2020-06-09,6.183063507080078,FMTY14.MX
2020-06-10,6.170845985412598,FMTY14.MX
2020-06-11,6.164736747741699,FMTY14.MX
2020-06-12,6.219722747802734,FMTY14.MX
2020-06-15,6.20750093460083,FMTY14.MX
2020-06-16,6.231942653656006,FMTY14.MX
2020-06-17,6.164736747741699,FMTY14.MX
2020-06-18,6.158624649047852,FMTY14.MX
2020-06-19,6.073089599609375,FMTY14.MX
2020-06-22,6.140295028686523,FMTY14.MX
2020-06-23,6.0242109298706055,FMTY14.MX
2020-06-24,6.085309028625488,FMTY14.MX
2020-06-25,6.097529888153076,FMTY14.MX
2020-06-26,6.151200294494629,FMTY14.MX
2020-06-29,6.120386123657227,FMTY14.MX
2020-06-30,6.0649094581604,FMTY14.MX
2020-07-01,6.120386123657227,FMTY14.MX
2020-07-02,6.138871669769287,FMTY14.MX
2020-07-03,6.138871669769287,FMTY14.MX
2020-07-06,6.120386123657227,FMTY14.MX
2020-07-07,6.120386123657227,FMTY14.MX
2020-07-08,6.101892948150635,FMTY14.MX
2020-07-09,6.040256023406982,FMTY14.MX
2020-07-10,5.9786200523376465,FMTY14.MX
2020-07-13,5.916984558105469,FMTY14.MX
2020-07-14,5.916984558105469,FMTY14.MX
2020-07-15,5.904659271240234,FMTY14.MX
2020-07-16,5.886167049407959,FMTY14.MX
2020-07-17,5.818367958068848,FMTY14.MX
2020-07-20,5.793715953826904,FMTY14.MX
2020-07-21,5.769062042236328,FMTY14.MX
2020-07-22,5.7813873291015625,FMTY14.MX
2020-07-23,5.886167049407959,FMTY14.MX
2020-07-24,5.984784126281738,FMTY14.MX
2020-07-27,6.101892948150635,FMTY14.MX
2020-07-28,6.182021141052246,FMTY14.MX
2020-07-29,6.15718936920166,FMTY14.MX
2020-07-30,6.269134998321533,FMTY14.MX
2020-07-31,6.206943988800049,FMTY14.MX
2020-08-03,6.281576156616211,FMTY14.MX
2020-08-04,6.238039493560791,FMTY14.MX
2020-08-05,6.206943988800049,FMTY14.MX
2020-08-06,6.2193827629089355,FMTY14.MX
2020-08-07,6.206943988800049,FMTY14.MX
2020-08-10,6.22559928894043,FMTY14.MX
2020-08-11,6.3437700271606445,FMTY14.MX
2020-08-12,6.175846099853516,FMTY14.MX
2020-08-13,6.231820106506348,FMTY14.MX
2020-08-14,6.306454181671143,FMTY14.MX
2020-08-17,6.169625759124756,FMTY14.MX
2020-08-18,6.213161468505859,FMTY14.MX
2020-08-19,6.269134998321533,FMTY14.MX
2020-08-20,6.262915134429932,FMTY14.MX
2020-08-21,6.206943988800049,FMTY14.MX
2020-08-24,6.206943988800049,FMTY14.MX
2020-08-25,6.2193827629089355,FMTY14.MX
2020-08-26,6.182065010070801,FMTY14.MX
2020-08-27,6.206943988800049,FMTY14.MX
2020-08-28,6.231854438781738,FMTY14.MX
2020-08-31,6.256955623626709,FMTY14.MX
2020-09-01,6.244406223297119,FMTY14.MX
2020-09-02,6.263234615325928,FMTY14.MX
2020-09-03,6.206753253936768,FMTY14.MX
2020-09-04,6.231854438781738,FMTY14.MX
2020-09-07,6.269509315490723,FMTY14.MX
2020-09-08,6.231854438781738,FMTY14.MX
2020-09-09,6.219302177429199,FMTY14.MX
2020-09-10,6.307162284851074,FMTY14.MX
2020-09-11,6.332266330718994,FMTY14.MX
2020-09-14,6.27578592300415,FMTY14.MX
2020-09-15,6.27578592300415,FMTY14.MX
2020-09-17,6.213028430938721,FMTY14.MX
2020-09-18,6.17537260055542,FMTY14.MX
2020-09-21,6.150269031524658,FMTY14.MX
2020-09-22,6.074958801269531,FMTY14.MX
2020-09-23,6.263234615325928,FMTY14.MX
2020-09-24,6.231854438781738,FMTY14.MX
2020-09-25,6.27578592300415,FMTY14.MX
2020-09-28,6.282060146331787,FMTY14.MX
2020-09-29,6.27578592300415,FMTY14.MX
2020-09-30,6.27578592300415,FMTY14.MX
2020-10-01,6.27578592300415,FMTY14.MX
2020-10-02,6.395025730133057,FMTY14.MX
2020-10-05,6.514263153076172,FMTY14.MX
2020-10-06,6.457781791687012,FMTY14.MX
2020-10-07,6.602125644683838,FMTY14.MX
2020-10-08,6.507988452911377,FMTY14.MX
2020-10-09,6.507988452911377,FMTY14.MX
2020-10-12,6.438956260681152,FMTY14.MX
2020-10-13,6.288336277008057,FMTY14.MX
2020-10-14,6.332266330718994,FMTY14.MX
2020-10-15,6.250681400299072,FMTY14.MX
2020-10-16,6.27578592300415,FMTY14.MX
2020-10-19,6.27578592300415,FMTY14.MX
2020-10-20,6.238129615783691,FMTY14.MX
2020-10-21,6.244406223297119,FMTY14.MX
2020-10-22,6.338543891906738,FMTY14.MX
2020-10-23,6.338543891906738,FMTY14.MX
2020-10-26,6.382471084594727,FMTY14.MX
2020-10-27,6.369922161102295,FMTY14.MX
2020-10-28,6.337760925292969,FMTY14.MX
2020-10-29,6.350426197052002,FMTY14.MX
2020-10-30,6.685987949371338,FMTY14.MX
2020-11-03,6.458057403564453,FMTY14.MX
2020-11-04,6.4707231521606445,FMTY14.MX
2020-11-05,6.439065933227539,FMTY14.MX
2020-11-06,6.546699523925781,FMTY14.MX
2020-11-09,6.591017246246338,FMTY14.MX
2020-11-10,6.591017246246338,FMTY14.MX
2020-11-11,6.70498514175415,FMTY14.MX
2020-11-12,6.8885955810546875,FMTY14.MX
2020-11-13,6.869604587554932,FMTY14.MX
2020-11-17,6.932915687561035,FMTY14.MX
2020-11-18,7.027889728546143,FMTY14.MX
2020-11-19,6.964574337005615,FMTY14.MX
2020-11-20,6.989901065826416,FMTY14.MX
2020-11-23,7.186173915863037,FMTY14.MX
2020-11-24,7.407772541046143,FMTY14.MX
2020-11-25,7.30647087097168,FMTY14.MX
2020-11-26,7.338127613067627,FMTY14.MX
2020-11-27,7.325464248657227,FMTY14.MX
2020-11-30,7.369784355163574,FMTY14.MX
2020-12-01,7.452095031738281,FMTY14.MX
2020-12-02,7.414105415344238,FMTY14.MX
2020-12-03,7.376114368438721,FMTY14.MX
2020-12-04,7.344457626342773,FMTY14.MX
2020-12-07,7.281149387359619,FMTY14.MX
2020-12-08,7.243155479431152,FMTY14.MX
2020-12-09,7.243155479431152,FMTY14.MX
2020-12-10,7.312802314758301,FMTY14.MX
2020-12-11,7.230490684509277,FMTY14.MX
2020-12-14,7.369784355163574,FMTY14.MX
2020-12-15,7.312802314758301,FMTY14.MX
2020-12-16,7.3317952156066895,FMTY14.MX
2020-12-17,7.376114368438721,FMTY14.MX
2020-12-18,7.388778209686279,FMTY14.MX
2020-12-21,7.293809413909912,FMTY14.MX
2020-12-22,7.420436382293701,FMTY14.MX
2020-12-23,7.312802314758301,FMTY14.MX
2020-12-24,7.053213119506836,FMTY14.MX
2020-12-28,7.230490684509277,FMTY14.MX
2020-12-29,7.217124938964844,FMTY14.MX
2020-12-30,7.331986904144287,FMTY14.MX
2020-12-31,7.383034706115723,FMTY14.MX
2021-01-04,7.402179718017578,FMTY14.MX
2021-01-05,7.4659905433654785,FMTY14.MX
2021-01-06,7.49151611328125,FMTY14.MX
2021-01-07,7.548947334289551,FMTY14.MX
2021-01-08,7.459610939025879,FMTY14.MX
2021-01-11,7.440465450286865,FMTY14.MX
2021-01-12,7.434088230133057,FMTY14.MX
2021-01-13,7.453232765197754,FMTY14.MX
2021-01-14,7.434088230133057,FMTY14.MX
2021-01-15,7.440465450286865,FMTY14.MX
2021-01-18,7.4659905433654785,FMTY14.MX
2021-01-19,7.402179718017578,FMTY14.MX
2021-01-20,7.31922721862793,FMTY14.MX
2021-01-21,7.204362869262695,FMTY14.MX
2021-01-22,7.210744380950928,FMTY14.MX
2021-01-25,7.280936241149902,FMTY14.MX
2021-01-26,7.146932601928711,FMTY14.MX
2021-01-27,7.367938995361328,FMTY14.MX
2021-01-28,7.322934627532959,FMTY14.MX
2021-01-29,7.367938995361328,FMTY14.MX
2021-02-02,7.239356994628906,FMTY14.MX
2021-02-03,7.226499080657959,FMTY14.MX
2021-02-04,7.226499080657959,FMTY14.MX
2021-02-05,7.200780868530273,FMTY14.MX
2021-02-08,7.200780868530273,FMTY14.MX
2021-02-09,7.155775547027588,FMTY14.MX
2021-02-10,7.168633460998535,FMTY14.MX
2021-02-11,7.097912788391113,FMTY14.MX
2021-02-12,7.104342937469482,FMTY14.MX
2021-02-15,7.1364898681640625,FMTY14.MX
2021-02-16,7.297222137451172,FMTY14.MX
2021-02-17,7.123628616333008,FMTY14.MX
2021-02-18,7.213639259338379,FMTY14.MX
2021-02-19,7.207211494445801,FMTY14.MX
2021-02-22,7.258644104003906,FMTY14.MX
2021-02-23,7.457951545715332,FMTY14.MX
2021-02-24,7.427882671356201,FMTY14.MX
2021-02-25,7.4473137855529785,FMTY14.MX
2021-02-26,7.5379743576049805,FMTY14.MX
2021-03-01,7.4084553718566895,FMTY14.MX
2021-03-02,7.427882671356201,FMTY14.MX
2021-03-03,7.4343581199646,FMTY14.MX
2021-03-04,7.291886329650879,FMTY14.MX
2021-03-05,7.401978969573975,FMTY14.MX
2021-03-08,7.376072406768799,FMTY14.MX
2021-03-09,7.376072406768799,FMTY14.MX
2021-03-10,7.424066543579102,FMTY14.MX
2021-03-11,7.437116622924805,FMTY14.MX
2021-03-12,7.469734191894531,FMTY14.MX
2021-03-16,7.424066543579102,FMTY14.MX
2021-03-17,7.397973537445068,FMTY14.MX
2021-03-18,7.456686496734619,FMTY14.MX
2021-03-19,7.456686496734619,FMTY14.MX
2021-03-22,7.456686496734619,FMTY14.MX
2021-03-23,7.56758975982666,FMTY14.MX
2021-03-24,7.593688488006592,FMTY14.MX
2021-03-25,7.6393513679504395,FMTY14.MX
2021-03-26,7.691543102264404,FMTY14.MX
2021-03-29,7.528446674346924,FMTY14.MX
2021-03-30,7.574113368988037,FMTY14.MX
2021-03-31,7.456686496734619,FMTY14.MX
2021-04-05,7.521922588348389,FMTY14.MX
2021-04-06,7.515402317047119,FMTY14.MX
2021-04-07,7.495828628540039,FMTY14.MX
2021-04-08,7.502357482910156,FMTY14.MX
2021-04-09,7.593688488006592,FMTY14.MX
2021-04-12,7.593688488006592,FMTY14.MX
2021-04-13,7.482781410217285,FMTY14.MX
2021-04-14,7.502357482910156,FMTY14.MX
2021-04-15,7.561068534851074,FMTY14.MX
2021-04-16,7.5480170249938965,FMTY14.MX
2021-04-19,7.5545430183410645,FMTY14.MX
2021-04-20,7.561068534851074,FMTY14.MX
2021-04-21,7.482781410217285,FMTY14.MX
2021-04-22,7.574113368988037,FMTY14.MX
2021-04-23,7.463210582733154,FMTY14.MX
2021-04-26,7.508875370025635,FMTY14.MX
2021-04-27,7.561068534851074,FMTY14.MX
2021-04-28,7.619790077209473,FMTY14.MX
2021-04-29,7.586972713470459,FMTY14.MX
2021-04-30,7.606662273406982,FMTY14.MX
2021-05-03,7.6591668128967285,FMTY14.MX
2021-05-04,7.6591668128967285,FMTY14.MX
2021-05-05,7.724799633026123,FMTY14.MX
2021-05-06,7.711674213409424,FMTY14.MX
2021-05-07,7.6591668128967285,FMTY14.MX
2021-05-10,7.691981792449951,FMTY14.MX
2021-05-11,7.691981792449951,FMTY14.MX
2021-05-12,7.652602195739746,FMTY14.MX
2021-05-13,7.626351356506348,FMTY14.MX
2021-05-14,7.698546886444092,FMTY14.MX
2021-05-17,7.777304172515869,FMTY14.MX
2021-05-18,7.84293794631958,FMTY14.MX
2021-05-19,7.6591668128967285,FMTY14.MX
2021-05-20,7.646039962768555,FMTY14.MX
2021-05-21,7.639481067657471,FMTY14.MX
2021-05-24,7.600098133087158,FMTY14.MX
2021-05-25,7.619790077209473,FMTY14.MX
2021-05-26,7.6591668128967285,FMTY14.MX
2021-05-27,7.771059036254883,FMTY14.MX
2021-05-28,7.6654205322265625,FMTY14.MX
2021-05-31,7.658818244934082,FMTY14.MX
2021-06-01,7.724844455718994,FMTY14.MX
2021-06-02,7.751251220703125,FMTY14.MX
2021-06-03,7.711640357971191,FMTY14.MX
2021-06-04,7.724844455718994,FMTY14.MX
2021-06-07,7.757857799530029,FMTY14.MX
2021-06-08,7.7380475997924805,FMTY14.MX
2021-06-09,7.698434352874756,FMTY14.MX
2021-06-10,7.744653224945068,FMTY14.MX
2021-06-11,7.757857799530029,FMTY14.MX
2021-06-14,7.804073333740234,FMTY14.MX
2021-06-15,7.804073333740234,FMTY14.MX
2021-06-16,7.856892108917236,FMTY14.MX
2021-06-17,7.9097137451171875,FMTY14.MX
2021-06-18,8.074771881103516,FMTY14.MX
2021-06-21,8.173808097839355,FMTY14.MX
2021-06-22,8.253040313720703,FMTY14.MX
2021-06-23,8.173808097839355,FMTY14.MX
2021-06-24,8.312458038330078,FMTY14.MX
2021-06-25,8.18701457977295,FMTY14.MX
2021-06-28,8.186666488647461,FMTY14.MX
2021-06-29,8.193305015563965,FMTY14.MX
2021-06-30,8.13354778289795,FMTY14.MX
2021-07-01,8.027314186096191,FMTY14.MX
2021-07-02,8.04723072052002,FMTY14.MX
2021-07-05,8.286258697509766,FMTY14.MX
2021-07-06,7.894519329071045,FMTY14.MX
2021-07-07,7.861322402954102,FMTY14.MX
2021-07-08,7.901158809661865,FMTY14.MX
2021-07-09,7.974197864532471,FMTY14.MX
2021-07-12,8.000753402709961,FMTY14.MX
2021-07-13,8.000753402709961,FMTY14.MX
2021-07-14,8.027314186096191,FMTY14.MX
2021-07-15,7.947638511657715,FMTY14.MX
2021-07-16,8.020674705505371,FMTY14.MX
2021-07-19,8.01403522491455,FMTY14.MX
2021-07-20,8.106988906860352,FMTY14.MX
2021-07-21,8.07379150390625,FMTY14.MX
2021-07-22,8.080429077148438,FMTY14.MX
2021-07-23,8.027314186096191,FMTY14.MX
2021-07-26,8.100350379943848,FMTY14.MX
2021-07-27,7.960920810699463,FMTY14.MX
2021-07-28,7.949561595916748,FMTY14.MX
2021-07-29,7.949561595916748,FMTY14.MX
2021-07-30,8.00300407409668,FMTY14.MX
2021-08-02,7.909478664398193,FMTY14.MX
2021-08-03,8.06312370300293,FMTY14.MX
2021-08-04,8.116567611694336,FMTY14.MX
2021-08-05,8.143290519714355,FMTY14.MX
2021-08-06,8.17000961303711,FMTY14.MX
2021-08-09,8.156649589538574,FMTY14.MX
2021-08-10,8.16332721710205,FMTY14.MX
2021-08-11,8.149970054626465,FMTY14.MX
2021-08-12,8.149970054626465,FMTY14.MX
2021-08-13,8.129927635192871,FMTY14.MX
2021-08-16,8.129927635192871,FMTY14.MX
2021-08-17,8.149970054626465,FMTY14.MX
2021-08-18,8.109886169433594,FMTY14.MX
2021-08-19,8.056441307067871,FMTY14.MX
2021-08-20,8.043084144592285,FMTY14.MX
2021-08-23,8.083169937133789,FMTY14.MX
2021-08-24,8.083169937133789,FMTY14.MX
2021-08-25,8.069806098937988,FMTY14.MX
2021-08-26,8.083169937133789,FMTY14.MX
2021-08-27,8.145739555358887,FMTY14.MX
2021-08-30,8.13230037689209,FMTY14.MX
2021-08-31,8.13230037689209,FMTY14.MX
2021-09-01,8.13230037689209,FMTY14.MX
2021-09-02,8.118855476379395,FMTY14.MX
2021-09-03,8.192787170410156,FMTY14.MX
2021-09-06,8.192787170410156,FMTY14.MX
2021-09-07,8.192787170410156,FMTY14.MX
2021-09-08,8.199506759643555,FMTY14.MX
2021-09-09,8.199506759643555,FMTY14.MX
2021-09-10,8.165901184082031,FMTY14.MX
2021-09-13,8.145739555358887,FMTY14.MX
2021-09-14,8.13230037689209,FMTY14.MX
2021-09-15,8.266714096069336,FMTY14.MX
2021-09-17,8.273433685302734,FMTY14.MX
2021-09-20,8.226386070251465,FMTY14.MX
2021-09-21,8.266714096069336,FMTY14.MX
2021-09-22,8.239830017089844,FMTY14.MX
2021-09-23,8.300318717956543,FMTY14.MX
2021-09-24,8.333924293518066,FMTY14.MX
2021-09-27,8.186063766479492,FMTY14.MX
2021-09-28,8.113783836364746,FMTY14.MX
2021-09-29,8.113783836364746,FMTY14.MX
2021-09-30,8.188158988952637,FMTY14.MX
2021-10-01,8.113783836364746,FMTY14.MX
2021-10-04,8.113783836364746,FMTY14.MX
2021-10-05,8.086737632751465,FMTY14.MX
2021-10-06,8.079976081848145,FMTY14.MX
2021-10-07,8.147590637207031,FMTY14.MX
2021-10-08,8.120545387268066,FMTY14.MX
2021-10-11,8.113783836364746,FMTY14.MX
2021-10-12,8.107022285461426,FMTY14.MX
2021-10-13,8.093500137329102,FMTY14.MX
2021-10-14,8.147590637207031,FMTY14.MX
2021-10-15,8.161113739013672,FMTY14.MX
2021-10-18,8.147590637207031,FMTY14.MX
2021-10-19,8.093500137329102,FMTY14.MX
2021-10-20,8.12730884552002,FMTY14.MX
2021-10-21,8.134069442749023,FMTY14.MX
2021-10-22,8.147590637207031,FMTY14.MX
2021-10-25,8.161113739013672,FMTY14.MX
2021-10-26,8.2422513961792,FMTY14.MX
2021-10-27,8.231569290161133,FMTY14.MX
2021-10-28,8.197552680969238,FMTY14.MX
2021-10-29,8.122718811035156,FMTY14.MX
2021-11-01,8.204355239868164,FMTY14.MX
2021-11-03,8.16353702545166,FMTY14.MX
2021-11-04,8.16353702545166,FMTY14.MX
2021-11-05,8.15673542022705,FMTY14.MX
2021-11-08,8.115921020507812,FMTY14.MX
2021-11-09,8.095510482788086,FMTY14.MX
2021-11-10,8.095510482788086,FMTY14.MX
2021-11-11,8.095510482788086,FMTY14.MX
2021-11-12,8.095510482788086,FMTY14.MX
2021-11-16,8.095510482788086,FMTY14.MX
2021-11-17,8.095510482788086,FMTY14.MX
2021-11-18,8.231569290161133,FMTY14.MX
2021-11-19,8.217962265014648,FMTY14.MX
2021-11-22,8.217962265014648,FMTY14.MX
2021-11-23,8.272384643554688,FMTY14.MX
2021-11-24,8.251978874206543,FMTY14.MX
2021-11-25,8.292797088623047,FMTY14.MX
2021-11-26,8.247817993164062,FMTY14.MX
2021-11-29,8.329955101013184,FMTY14.MX
2021-11-30,8.275201797485352,FMTY14.MX
2021-12-01,8.261509895324707,FMTY14.MX
2021-12-02,8.466849327087402,FMTY14.MX
2021-12-03,8.384712219238281,FMTY14.MX
2021-12-06,8.384712219238281,FMTY14.MX
2021-12-07,8.3778715133667,FMTY14.MX
2021-12-08,8.384712219238281,FMTY14.MX
2021-12-09,8.343647003173828,FMTY14.MX
2021-12-10,8.302577018737793,FMTY14.MX
2021-12-13,8.282042503356934,FMTY14.MX
2021-12-14,8.364176750183105,FMTY14.MX
2021-12-15,8.391557693481445,FMTY14.MX
2021-12-16,8.343647003173828,FMTY14.MX
2021-12-17,8.3778715133667,FMTY14.MX
2021-12-20,8.3778715133667,FMTY14.MX
2021-12-21,8.343647003173828,FMTY14.MX
2021-12-22,8.343647003173828,FMTY14.MX
2021-12-23,8.371024131774902,FMTY14.MX
2021-12-24,8.3778715133667,FMTY14.MX
2021-12-27,8.350488662719727,FMTY14.MX
2021-12-28,8.405247688293457,FMTY14.MX
2021-12-29,8.428861618041992,FMTY14.MX
2021-12-30,8.408204078674316,FMTY14.MX
2021-12-31,8.4495210647583,FMTY14.MX
2022-01-03,8.421977996826172,FMTY14.MX
2022-01-04,8.401317596435547,FMTY14.MX
2022-01-05,8.408204078674316,FMTY14.MX
2022-01-06,8.401317596435547,FMTY14.MX
2022-01-07,8.387543678283691,FMTY14.MX
2022-01-10,8.428861618041992,FMTY14.MX
2022-01-11,8.401317596435547,FMTY14.MX
2022-01-12,8.442635536193848,FMTY14.MX
2022-01-13,8.463293075561523,FMTY14.MX
2022-01-14,8.490838050842285,FMTY14.MX
2022-01-17,8.504612922668457,FMTY14.MX
2022-01-18,8.456406593322754,FMTY14.MX
2022-01-19,8.511499404907227,FMTY14.MX
2022-01-20,8.511499404907227,FMTY14.MX
2022-01-21,8.594134330749512,FMTY14.MX
2022-01-24,8.504612922668457,FMTY14.MX
2022-01-25,8.545931816101074,FMTY14.MX
2022-01-26,8.559700965881348,FMTY14.MX
2022-01-27,8.740997314453125,FMTY14.MX
2022-01-28,8.491451263427734,FMTY14.MX
2022-01-31,8.519174575805664,FMTY14.MX
2022-02-01,8.456792831420898,FMTY14.MX
2022-02-02,8.456792831420898,FMTY14.MX
2022-02-03,8.442925453186035,FMTY14.MX
2022-02-04,8.498380661010742,FMTY14.MX
2022-02-08,8.574631690979004,FMTY14.MX
2022-02-09,8.56769847869873,FMTY14.MX
2022-02-10,8.581562042236328,FMTY14.MX
2022-02-11,8.5399751663208,FMTY14.MX
2022-02-14,8.491451263427734,FMTY14.MX
2022-02-15,8.533040046691895,FMTY14.MX
2022-02-16,8.442925453186035,FMTY14.MX
2022-02-17,8.477591514587402,FMTY14.MX
2022-02-18,8.512246131896973,FMTY14.MX
2022-02-21,8.526107788085938,FMTY14.MX
2022-02-22,8.56076717376709,FMTY14.MX
2022-02-23,8.595427513122559,FMTY14.MX
2022-02-24,8.477746963500977,FMTY14.MX
2022-02-25,8.547523498535156,FMTY14.MX
2022-02-28,8.547523498535156,FMTY14.MX
2022-03-01,8.568455696105957,FMTY14.MX
2022-03-02,8.561477661132812,FMTY14.MX
2022-03-03,8.554498672485352,FMTY14.MX
2022-03-04,8.547523498535156,FMTY14.MX
2022-03-07,8.456812858581543,FMTY14.MX
2022-03-08,8.505655288696289,FMTY14.MX
2022-03-09,8.576847076416016,FMTY14.MX
2022-03-10,8.569820404052734,FMTY14.MX
2022-03-11,8.562796592712402,FMTY14.MX
2022-03-14,8.562796592712402,FMTY14.MX
2022-03-15,8.562796592712402,FMTY14.MX
2022-03-16,8.597917556762695,FMTY14.MX
2022-03-17,8.61899185180664,FMTY14.MX
2022-03-18,8.689238548278809,FMTY14.MX
2022-03-22,8.661139488220215,FMTY14.MX
2022-03-23,8.689238548278809,FMTY14.MX
2022-03-24,8.808650970458984,FMTY14.MX
2022-03-25,8.836747169494629,FMTY14.MX
2022-03-28,8.682214736938477,FMTY14.MX
2022-03-29,8.633038520812988,FMTY14.MX
2022-03-30,8.626015663146973,FMTY14.MX
2022-03-31,8.590896606445312,FMTY14.MX
2022-04-01,8.633038520812988,FMTY14.MX
2022-04-04,8.633038520812988,FMTY14.MX
2022-04-05,8.640063285827637,FMTY14.MX
2022-04-06,8.65411376953125,FMTY14.MX
2022-04-07,8.696258544921875,FMTY14.MX
2022-04-08,8.668163299560547,FMTY14.MX
2022-04-11,8.661139488220215,FMTY14.MX
2022-04-12,8.668163299560547,FMTY14.MX
2022-04-13,8.724360466003418,FMTY14.MX
2022-04-18,8.773530006408691,FMTY14.MX
2022-04-19,8.808650970458984,FMTY14.MX
2022-04-20,8.843772888183594,FMTY14.MX
2022-04-21,8.801628112792969,FMTY14.MX
2022-04-22,8.801628112792969,FMTY14.MX
2022-04-25,8.864848136901855,FMTY14.MX
2022-04-26,8.85079574584961,FMTY14.MX
2022-04-27,8.831154823303223,FMTY14.MX
2022-04-28,8.838225364685059,FMTY14.MX
2022-04-29,8.824082374572754,FMTY14.MX
2022-05-02,8.824082374572754,FMTY14.MX
2022-05-03,8.760446548461914,FMTY14.MX
2022-05-04,8.767518997192383,FMTY14.MX
2022-05-05,8.767518997192383,FMTY14.MX
2022-05-06,8.69681167602539,FMTY14.MX
2022-05-09,8.739237785339355,FMTY14.MX
2022-05-10,8.739237785339355,FMTY14.MX
2022-05-11,8.590754508972168,FMTY14.MX
2022-05-12,8.647320747375488,FMTY14.MX
2022-05-13,8.647320747375488,FMTY14.MX
2022-05-16,8.6756010055542,FMTY14.MX
2022-05-17,8.661459922790527,FMTY14.MX
2022-05-18,8.590754508972168,FMTY14.MX
2022-05-19,8.56247329711914,FMTY14.MX
2022-05-20,8.484696388244629,FMTY14.MX
2022-05-23,8.527120590209961,FMTY14.MX
2022-05-24,8.548330307006836,FMTY14.MX
2022-05-25,8.647320747375488,FMTY14.MX
2022-05-26,8.654389381408691,FMTY14.MX
2022-05-27,8.670204162597656,FMTY14.MX
2022-05-30,8.670204162597656,FMTY14.MX
2022-05-31,8.599020957946777,FMTY14.MX
2022-06-01,8.542074203491211,FMTY14.MX
2022-06-02,8.527836799621582,FMTY14.MX
2022-06-03,8.506481170654297,FMTY14.MX
2022-06-06,8.485126495361328,FMTY14.MX
2022-06-07,8.485126495361328,FMTY14.MX
2022-06-08,8.4922456741333,FMTY14.MX
2022-06-09,8.449535369873047,FMTY14.MX
2022-06-10,8.506481170654297,FMTY14.MX
2022-06-13,8.499364852905273,FMTY14.MX
2022-06-14,8.542074203491211,FMTY14.MX
2022-06-15,8.542074203491211,FMTY14.MX
2022-06-16,8.478008270263672,FMTY14.MX
2022-06-17,8.56342887878418,FMTY14.MX
2022-06-20,8.556309700012207,FMTY14.MX
2022-06-21,8.4922456741333,FMTY14.MX
2022-06-22,8.534955024719238,FMTY14.MX
2022-06-23,8.549190521240234,FMTY14.MX
2022-06-24,8.513598442077637,FMTY14.MX
2022-06-27,8.613259315490723,FMTY14.MX
2022-06-28,8.629180908203125,FMTY14.MX
2022-06-29,8.593345642089844,FMTY14.MX
2022-06-30,8.665014266967773,FMTY14.MX
2022-07-01,8.672181129455566,FMTY14.MX
2022-07-04,8.657848358154297,FMTY14.MX
2022-07-05,8.636347770690918,FMTY14.MX
2022-07-06,8.629180908203125,FMTY14.MX
2022-07-07,8.629180908203125,FMTY14.MX
2022-07-08,8.629180908203125,FMTY14.MX
2022-07-11,8.600510597229004,FMTY14.MX
2022-07-12,8.600510597229004,FMTY14.MX
2022-07-13,8.600510597229004,FMTY14.MX
2022-07-14,8.600510597229004,FMTY14.MX
2022-07-15,8.600510597229004,FMTY14.MX
2022-07-18,8.579011917114258,FMTY14.MX
2022-07-19,8.571843147277832,FMTY14.MX
2022-07-20,8.586176872253418,FMTY14.MX
2022-07-21,8.600510597229004,FMTY14.MX
2022-07-22,8.600510597229004,FMTY14.MX
2022-07-25,8.593345642089844,FMTY14.MX
2022-07-26,8.650680541992188,FMTY14.MX
2022-07-27,8.660752296447754,FMTY14.MX
2022-07-28,8.65353775024414,FMTY14.MX
2022-07-29,8.65353775024414,FMTY14.MX
2022-08-01,8.65353775024414,FMTY14.MX
2022-08-02,8.660752296447754,FMTY14.MX
2022-08-03,8.667972564697266,FMTY14.MX
2022-08-04,8.68962287902832,FMTY14.MX
2022-08-05,8.68962287902832,FMTY14.MX
2022-08-08,8.682406425476074,FMTY14.MX
2022-08-09,8.682406425476074,FMTY14.MX
2022-08-10,8.65353775024414,FMTY14.MX
2022-08-11,8.682406425476074,FMTY14.MX
2022-08-12,8.675189018249512,FMTY14.MX
2022-08-15,8.68962287902832,FMTY14.MX
2022-08-16,8.660752296447754,FMTY14.MX
2022-08-17,8.667972564697266,FMTY14.MX
2022-08-18,8.660752296447754,FMTY14.MX
2022-08-19,8.675189018249512,FMTY14.MX
2022-08-22,8.65353775024414,FMTY14.MX
2022-08-23,8.667972564697266,FMTY14.MX
2022-08-24,8.660752296447754,FMTY14.MX
2022-08-25,8.69683837890625,FMTY14.MX
2022-08-26,8.769014358520508,FMTY14.MX
2022-08-29,8.735549926757812,FMTY14.MX
2022-08-30,8.742816925048828,FMTY14.MX
2022-08-31,8.72828483581543,FMTY14.MX
2022-09-01,8.735549926757812,FMTY14.MX
2022-09-02,8.750083923339844,FMTY14.MX
2022-09-05,8.757352828979492,FMTY14.MX
2022-09-06,8.79369068145752,FMTY14.MX
2022-09-07,8.844563484191895,FMTY14.MX
2022-09-08,8.891366004943848,FMTY14.MX
2022-09-09,8.884045600891113,FMTY14.MX
2022-09-12,8.884045600891113,FMTY14.MX
2022-09-13,8.89868450164795,FMTY14.MX
2022-09-14,8.927957534790039,FMTY14.MX
2022-09-15,8.927957534790039,FMTY14.MX
2022-09-19,8.942591667175293,FMTY14.MX
2022-09-20,8.95722770690918,FMTY14.MX
2022-09-21,8.927957534790039,FMTY14.MX
2022-09-22,8.935272216796875,FMTY14.MX
2022-09-23,8.935272216796875,FMTY14.MX
2022-09-26,8.927957534790039,FMTY14.MX
2022-09-27,8.949907302856445,FMTY14.MX
2022-09-28,8.942591667175293,FMTY14.MX
2022-09-29,8.935272216796875,FMTY14.MX
2022-09-30,8.927957534790039,FMTY14.MX
2022-10-03,8.949907302856445,FMTY14.MX
2022-10-04,9.023087501525879,FMTY14.MX
2022-10-05,9.096269607543945,FMTY14.MX
2022-10-06,9.0450439453125,FMTY14.MX
2022-10-07,9.001134872436523,FMTY14.MX
2022-10-10,8.986498832702637,FMTY14.MX
2022-10-11,8.95722770690918,FMTY14.MX
2022-10-12,8.920637130737305,FMTY14.MX
2022-10-13,8.906002044677734,FMTY14.MX
2022-10-14,8.876727104187012,FMTY14.MX
2022-10-17,8.935272216796875,FMTY14.MX
2022-10-18,8.862093925476074,FMTY14.MX
2022-10-19,8.891366004943848,FMTY14.MX
2022-10-20,8.906002044677734,FMTY14.MX
2022-10-21,8.876727104187012,FMTY14.MX
2022-10-24,8.876727104187012,FMTY14.MX
2022-10-25,8.86941146850586,FMTY14.MX
2022-10-26,8.89868450164795,FMTY14.MX
2022-10-27,8.967533111572266,FMTY14.MX
2022-10-28,8.952794075012207,FMTY14.MX
2022-10-31,8.945425033569336,FMTY14.MX
2022-11-01,8.952794075012207,FMTY14.MX
2022-11-03,8.930688858032227,FMTY14.MX
2022-11-04,8.871739387512207,FMTY14.MX
2022-11-07,8.945425033569336,FMTY14.MX
2022-11-08,8.908580780029297,FMTY14.MX
2022-11-09,8.915950775146484,FMTY14.MX
2022-11-10,8.915950775146484,FMTY14.MX
2022-11-11,8.930688858032227,FMTY14.MX
2022-11-14,9.004376411437988,FMTY14.MX
2022-11-15,8.945425033569336,FMTY14.MX
2022-11-16,8.915950775146484,FMTY14.MX
2022-11-17,8.930688858032227,FMTY14.MX
2022-11-18,8.923320770263672,FMTY14.MX
2022-11-22,8.967533111572266,FMTY14.MX
2022-11-23,8.952794075012207,FMTY14.MX
2022-11-24,8.974898338317871,FMTY14.MX
2022-11-25,8.997004508972168,FMTY14.MX
2022-11-28,9.05148983001709,FMTY14.MX
2022-11-29,9.088582992553711,FMTY14.MX
2022-11-30,9.058905601501465,FMTY14.MX
2022-12-01,9.04407024383545,FMTY14.MX
2022-12-02,9.05148983001709,FMTY14.MX
2022-12-05,9.04407024383545,FMTY14.MX
2022-12-06,9.036646842956543,FMTY14.MX
2022-12-07,9.036646842956543,FMTY14.MX
2022-12-08,9.05148983001709,FMTY14.MX
2022-12-09,9.0292329788208,FMTY14.MX
2022-12-13,9.05148983001709,FMTY14.MX
2022-12-14,9.05148983001709,FMTY14.MX
2022-12-15,9.036646842956543,FMTY14.MX
2022-12-16,9.68212604522705,FMTY14.MX
2022-12-19,9.199872016906738,FMTY14.MX
2022-12-20,9.31857967376709,FMTY14.MX
2022-12-21,9.348258018493652,FMTY14.MX
2022-12-22,9.274067878723145,FMTY14.MX
2022-12-23,9.303740501403809,FMTY14.MX
2022-12-26,9.311161041259766,FMTY14.MX
2022-12-27,9.385353088378906,FMTY14.MX
2022-12-28,9.417792320251465,FMTY14.MX
2022-12-29,9.260954856872559,FMTY14.MX
2022-12-30,9.246017456054688,FMTY14.MX
2023-01-02,9.238547325134277,FMTY14.MX
2023-01-03,9.260954856872559,FMTY14.MX
2023-01-04,9.18626880645752,FMTY14.MX
2023-01-05,9.18626880645752,FMTY14.MX
2023-01-06,9.22360897064209,FMTY14.MX
2023-01-09,9.148924827575684,FMTY14.MX
2023-01-10,9.22360897064209,FMTY14.MX
2023-01-11,9.193737983703613,FMTY14.MX
2023-01-12,9.18626880645752,FMTY14.MX
2023-01-13,9.22360897064209,FMTY14.MX
2023-01-16,9.18626880645752,FMTY14.MX
2023-01-17,9.148924827575684,FMTY14.MX
2023-01-18,9.126521110534668,FMTY14.MX
2023-01-19,9.171331405639648,FMTY14.MX
2023-01-20,9.260954856872559,FMTY14.MX
2023-01-23,9.216145515441895,FMTY14.MX
2023-01-24,9.208672523498535,FMTY14.MX
2023-01-25,9.216145515441895,FMTY14.MX
2023-01-26,9.18626880645752,FMTY14.MX
2023-01-27,9.250385284423828,FMTY14.MX
2023-01-30,9.242863655090332,FMTY14.MX
2023-01-31,9.21278190612793,FMTY14.MX
2023-02-01,9.21278190612793,FMTY14.MX
2023-02-02,9.21278190612793,FMTY14.MX
2023-02-03,9.220301628112793,FMTY14.MX
2023-02-07,9.242863655090332,FMTY14.MX
2023-02-08,9.205262184143066,FMTY14.MX
2023-02-09,9.19774055480957,FMTY14.MX
2023-02-10,9.242863655090332,FMTY14.MX
2023-02-13,9.325592041015625,FMTY14.MX
2023-02-14,9.36319351196289,FMTY14.MX
2023-02-15,9.316754341125488,FMTY14.MX
2023-02-16,9.316754341125488,FMTY14.MX
2023-02-17,9.40007209777832,FMTY14.MX
2023-02-20,9.475817680358887,FMTY14.MX
2023-02-21,9.445521354675293,FMTY14.MX
2023-02-22,9.553422927856445,FMTY14.MX
2023-02-23,9.530121803283691,FMTY14.MX
2023-02-24,9.631092071533203,FMTY14.MX
2023-02-27,9.600025177001953,FMTY14.MX
2023-02-28,9.475751876831055,FMTY14.MX
2023-03-01,9.54565715789795,FMTY14.MX
2023-03-02,9.623324394226074,FMTY14.MX
2023-03-03,9.88740348815918,FMTY14.MX
2023-03-06,9.70876407623291,FMTY14.MX
2023-03-07,9.607789993286133,FMTY14.MX
2023-03-08,9.654396057128906,FMTY14.MX
2023-03-09,9.631092071533203,FMTY14.MX
2023-03-10,9.631092071533203,FMTY14.MX
2023-03-13,9.592255592346191,FMTY14.MX
2023-03-14,9.530121803283691,FMTY14.MX
2023-03-15,9.615560531616211,FMTY14.MX
2023-03-16,9.631092071533203,FMTY14.MX
2023-03-17,9.584489822387695,FMTY14.MX
2023-03-21,9.514588356018066,FMTY14.MX
2023-03-22,9.56119155883789,FMTY14.MX
2023-03-23,9.514588356018066,FMTY14.MX
2023-03-24,9.491283416748047,FMTY14.MX
2023-03-27,9.491283416748047,FMTY14.MX
2023-03-28,9.475751876831055,FMTY14.MX
2023-03-29,9.565698623657227,FMTY14.MX
2023-03-30,9.557878494262695,FMTY14.MX
2023-03-31,9.565698623657227,FMTY14.MX
2023-04-03,9.542237281799316,FMTY14.MX
2023-04-04,9.565698623657227,FMTY14.MX
2023-04-05,9.565698623657227,FMTY14.MX
2023-04-10,9.495304107666016,FMTY14.MX
2023-04-11,9.47966194152832,FMTY14.MX
2023-04-12,9.518770217895508,FMTY14.MX
2023-04-13,9.542237281799316,FMTY14.MX
2023-04-14,9.573519706726074,FMTY14.MX
2023-04-17,9.557878494262695,FMTY14.MX
2023-04-18,9.557878494262695,FMTY14.MX
2023-04-19,9.581342697143555,FMTY14.MX
2023-04-20,9.565698623657227,FMTY14.MX
2023-04-21,9.557878494262695,FMTY14.MX
2023-04-24,9.557878494262695,FMTY14.MX
2023-04-25,9.53441047668457,FMTY14.MX
2023-04-26,9.518770217895508,FMTY14.MX
2023-04-27,9.495304107666016,FMTY14.MX
2023-04-28,9.557878494262695,FMTY14.MX
2023-05-02,9.503128051757812,FMTY14.MX
2023-05-03,9.47966194152832,FMTY14.MX
2023-05-04,9.503128051757812,FMTY14.MX
2023-05-05,9.495304107666016,FMTY14.MX
2023-05-08,9.51094913482666,FMTY14.MX
2023-05-09,9.526592254638672,FMTY14.MX
2023-05-10,9.51094913482666,FMTY14.MX
2023-05-11,9.503128051757812,FMTY14.MX
2023-05-12,9.42491340637207,FMTY14.MX
2023-05-15,9.417086601257324,FMTY14.MX
2023-05-16,9.346695899963379,FMTY14.MX
2023-05-17,9.346695899963379,FMTY14.MX
2023-05-18,9.33887767791748,FMTY14.MX
2023-05-19,9.33887767791748,FMTY14.MX
2023-05-22,9.307591438293457,FMTY14.MX
2023-05-23,9.3858060836792,FMTY14.MX
2023-05-24,9.291948318481445,FMTY14.MX
2023-05-25,9.299765586853027,FMTY14.MX
2023-05-26,9.307591438293457,FMTY14.MX
2023-05-29,9.354521751403809,FMTY14.MX
2023-05-30,9.323234558105469,FMTY14.MX
2023-05-31,9.268485069274902,FMTY14.MX
2023-06-01,9.370162010192871,FMTY14.MX
2023-06-02,9.315411567687988,FMTY14.MX
2023-06-05,9.323234558105469,FMTY14.MX
2023-06-06,9.36233901977539,FMTY14.MX
2023-06-07,9.3858060836792,FMTY14.MX
2023-06-08,9.3858060836792,FMTY14.MX
2023-06-09,9.346695899963379,FMTY14.MX
2023-06-12,9.252839088439941,FMTY14.MX
2023-06-13,9.323234558105469,FMTY14.MX
2023-06-14,9.2763032913208,FMTY14.MX
2023-06-15,9.237196922302246,FMTY14.MX
2023-06-16,9.072948455810547,FMTY14.MX
2023-06-19,9.213729858398438,FMTY14.MX
2023-06-20,9.24501895904541,FMTY14.MX
2023-06-21,9.151162147521973,FMTY14.MX
2023-06-22,9.174623489379883,FMTY14.MX
2023-06-23,9.143336296081543,FMTY14.MX
2023-06-26,9.213729858398438,FMTY14.MX
2023-06-27,9.174623489379883,FMTY14.MX
2023-06-28,9.213729858398438,FMTY14.MX
2023-06-29,9.190266609191895,FMTY14.MX
2023-06-30,9.213729858398438,FMTY14.MX
2023-07-03,9.198089599609375,FMTY14.MX
2023-07-04,9.182448387145996,FMTY14.MX
2023-07-05,9.237196922302246,FMTY14.MX
2023-07-06,9.229373931884766,FMTY14.MX
2023-07-07,9.2763032913208,FMTY14.MX
2023-07-10,9.174623489379883,FMTY14.MX
2023-07-11,9.237196922302246,FMTY14.MX
2023-07-12,9.198089599609375,FMTY14.MX
2023-07-13,9.260661125183105,FMTY14.MX
2023-07-14,9.323234558105469,FMTY14.MX
2023-07-17,9.299765586853027,FMTY14.MX
2023-07-18,9.299765586853027,FMTY14.MX
2023-07-19,9.205914497375488,FMTY14.MX
2023-07-20,9.190266609191895,FMTY14.MX
2023-07-21,9.221552848815918,FMTY14.MX
2023-07-24,9.119873046875,FMTY14.MX
2023-07-25,9.06512451171875,FMTY14.MX
2023-07-26,8.986907005310059,FMTY14.MX
2023-07-27,9.037619590759277,FMTY14.MX
2023-07-28,9.029746055603027,FMTY14.MX
2023-07-31,8.935275077819824,FMTY14.MX
2023-08-01,8.998257637023926,FMTY14.MX
2023-08-02,9.037619590759277,FMTY14.MX
2023-08-03,8.998257637023926,FMTY14.MX
2023-08-04,9.00613021850586,FMTY14.MX
2023-08-07,9.037619590759277,FMTY14.MX
2023-08-08,8.943148612976074,FMTY14.MX
2023-08-09,8.817191123962402,FMTY14.MX
2023-08-10,8.935275077819824,FMTY14.MX
2023-08-11,9.029746055603027,FMTY14.MX
2023-08-14,9.014001846313477,FMTY14.MX
2023-08-15,9.053362846374512,FMTY14.MX
2023-08-16,8.872297286987305,FMTY14.MX
2023-08-17,9.053362846374512,FMTY14.MX
2023-08-18,9.00613021850586,FMTY14.MX
2023-08-21,8.966767311096191,FMTY14.MX
2023-08-22,8.856552124023438,FMTY14.MX
2023-08-23,8.856552124023438,FMTY14.MX
2023-08-24,8.880167961120605,FMTY14.MX
2023-08-25,8.793572425842285,FMTY14.MX
2023-08-28,8.817191123962402,FMTY14.MX
2023-08-29,8.773155212402344,FMTY14.MX
2023-08-30,8.749378204345703,FMTY14.MX
2023-08-31,8.678050994873047,FMTY14.MX
2023-09-01,8.678050994873047,FMTY14.MX
2023-09-04,8.71767807006836,FMTY14.MX
2023-09-05,8.678050994873047,FMTY14.MX
2023-09-06,8.654278755187988,FMTY14.MX
2023-09-07,8.654278755187988,FMTY14.MX
2023-09-08,8.670125961303711,FMTY14.MX
2023-09-11,8.773155212402344,FMTY14.MX
2023-09-12,8.955435752868652,FMTY14.MX
2023-09-13,8.693902969360352,FMTY14.MX
2023-09-14,8.582948684692383,FMTY14.MX
2023-09-15,8.622577667236328,FMTY14.MX
2023-09-18,8.622577667236328,FMTY14.MX
2023-09-19,8.598796844482422,FMTY14.MX
2023-09-20,8.598796844482422,FMTY14.MX
2023-09-21,8.551250457763672,FMTY14.MX
2023-09-22,8.535398483276367,FMTY14.MX
2023-09-25,8.511622428894043,FMTY14.MX
2023-09-26,8.424447059631348,FMTY14.MX
2023-09-27,8.507827758789062,FMTY14.MX
2023-09-28,8.507827758789062,FMTY14.MX
2023-09-29,8.635523796081543,FMTY14.MX
2023-10-02,8.451959609985352,FMTY14.MX
2023-10-03,8.563695907592773,FMTY14.MX
2023-10-04,8.54773235321045,FMTY14.MX
2023-10-05,8.571677207946777,FMTY14.MX
2023-10-06,8.635523796081543,FMTY14.MX
2023-10-09,8.619564056396484,FMTY14.MX
2023-10-10,8.579657554626465,FMTY14.MX
2023-10-11,8.507827758789062,FMTY14.MX
2023-10-12,8.571677207946777,FMTY14.MX
2023-10-13,8.619564056396484,FMTY14.MX
2023-10-16,8.428017616271973,FMTY14.MX
2023-10-17,8.420040130615234,FMTY14.MX
2023-10-18,8.396092414855957,FMTY14.MX
2023-10-19,8.380131721496582,FMTY14.MX
2023-10-20,8.316283226013184,FMTY14.MX
2023-10-23,8.35619068145752,FMTY14.MX
2023-10-24,8.388113975524902,FMTY14.MX
2023-10-25,8.316283226013184,FMTY14.MX
2023-10-26,8.372151374816895,FMTY14.MX
2023-10-27,8.483499526977539,FMTY14.MX
2023-10-30,8.274423599243164,FMTY14.MX
2023-10-31,8.282470703125,FMTY14.MX
2023-11-01,8.43525218963623,FMTY14.MX
2023-11-03,8.515664100646973,FMTY14.MX
2023-11-06,8.153810501098633,FMTY14.MX
2023-11-07,8.298548698425293,FMTY14.MX
2023-11-08,8.282470703125,FMTY14.MX
2023-11-09,8.234220504760742,FMTY14.MX
2023-11-10,8.282470703125,FMTY14.MX
2023-11-13,8.403085708618164,FMTY14.MX
2023-11-14,8.45937728881836,FMTY14.MX
2023-11-15,8.362881660461426,FMTY14.MX
2023-11-16,8.555872917175293,FMTY14.MX
2023-11-17,8.64432430267334,FMTY14.MX
2023-11-21,8.805148124694824,FMTY14.MX
2023-11-22,8.941849708557129,FMTY14.MX
2023-11-23,8.909683227539062,FMTY14.MX
2023-11-24,8.877520561218262,FMTY14.MX
2023-11-27,8.837313652038574,FMTY14.MX
2023-11-28,8.471667289733887,FMTY14.MX
2023-11-29,8.747037887573242,FMTY14.MX
2023-11-30,8.860424041748047,FMTY14.MX
2023-12-01,8.981910705566406,FMTY14.MX
2023-12-04,8.990011215209961,FMTY14.MX
2023-12-05,8.909018516540527,FMTY14.MX
2023-12-06,8.828028678894043,FMTY14.MX
2023-12-07,9.022407531738281,FMTY14.MX
2023-12-08,9.208684921264648,FMTY14.MX
2023-12-11,9.12769603729248,FMTY14.MX
2023-12-13,9.071000099182129,FMTY14.MX
2023-12-14,9.095298767089844,FMTY14.MX
2023-12-15,9.467855453491211,FMTY14.MX
2023-12-18,9.475958824157715,FMTY14.MX
2023-12-19,9.42736530303955,FMTY14.MX
2023-12-20,9.467855453491211,FMTY14.MX
2023-12-21,9.573145866394043,FMTY14.MX
2023-12-22,9.662238121032715,FMTY14.MX
2023-12-26,9.775626182556152,FMTY14.MX
2023-12-27,9.798887252807617,FMTY14.MX
2023-12-28,10.10866928100586,FMTY14.MX
2023-12-29,9.986385345458984,FMTY14.MX
2024-01-02,10.018996238708496,FMTY14.MX
2024-01-03,9.970080375671387,FMTY14.MX
2024-01-04,9.904864311218262,FMTY14.MX
2024-01-05,9.97823429107666,FMTY14.MX
2024-01-08,9.986385345458984,FMTY14.MX
2024-01-09,9.896713256835938,FMTY14.MX
2024-01-10,9.823344230651855,FMTY14.MX
2024-01-11,9.73366928100586,FMTY14.MX
2024-01-12,9.945626258850098,FMTY14.MX
2024-01-15,9.904864311218262,FMTY14.MX
2024-01-16,9.823344230651855,FMTY14.MX
2024-01-17,9.97823429107666,FMTY14.MX
2024-01-18,9.831497192382812,FMTY14.MX
2024-01-19,9.864102363586426,FMTY14.MX
2024-01-22,9.904864311218262,FMTY14.MX
2024-01-23,9.831497192382812,FMTY14.MX
2024-01-24,9.78258228302002,FMTY14.MX
2024-01-25,9.904864311218262,FMTY14.MX
2024-01-26,9.839648246765137,FMTY14.MX
2024-01-29,9.925889015197754,FMTY14.MX
2024-01-30,9.925889015197754,FMTY14.MX
2024-01-31,9.950502395629883,FMTY14.MX
2024-02-01,10.007925033569336,FMTY14.MX
2024-02-02,10.08175277709961,FMTY14.MX
2024-02-06,10.06534481048584,FMTY14.MX
2024-02-07,10.20479965209961,FMTY14.MX
2024-02-08,10.171988487243652,FMTY14.MX
2024-02-09,10.130974769592285,FMTY14.MX
2024-02-12,9.90128231048584,FMTY14.MX
2024-02-13,10.106361389160156,FMTY14.MX
2024-02-14,10.06534481048584,FMTY14.MX
2024-02-15,9.950502395629883,FMTY14.MX
2024-02-16,9.95870590209961,FMTY14.MX
2024-02-19,9.81925106048584,FMTY14.MX
2024-02-20,9.925889015197754,FMTY14.MX
2024-02-21,9.811046600341797,FMTY14.MX
2024-02-22,9.794639587402344,FMTY14.MX
2024-02-23,9.95870590209961,FMTY14.MX
2024-02-26,9.770030975341797,FMTY14.MX
2024-02-27,9.947526931762695,FMTY14.MX
2024-02-28,9.815444946289062,FMTY14.MX
2024-02-29,9.836224555969238,FMTY14.MX
2024-03-01,9.852838516235352,FMTY14.MX
2024-03-04,10.05221939086914,FMTY14.MX
2024-03-05,10.176836013793945,FMTY14.MX
2024-03-06,10.151912689208984,FMTY14.MX
2024-03-07,10.05221939086914,FMTY14.MX
2024-03-08,10.085453033447266,FMTY14.MX
2024-03-11,10.143606185913086,FMTY14.MX
2024-03-12,10.24329662322998,FMTY14.MX
2024-03-13,10.135297775268555,FMTY14.MX
2024-03-14,10.11037540435791,FMTY14.MX
2024-03-15,9.42915153503418,FMTY14.MX
2024-03-19,9.213153839111328,FMTY14.MX
2024-03-20,9.296232223510742,FMTY14.MX
2024-03-21,9.42915153503418,FMTY14.MX
2024-03-22,9.470687866210938,FMTY14.MX
2024-03-25,9.395919799804688,FMTY14.MX
2024-03-26,9.470687866210938,FMTY14.MX
2024-03-27,9.470687866210938,FMTY14.MX
2024-04-01,9.412534713745117,FMTY14.MX
2024-04-02,9.354384422302246,FMTY14.MX
2024-04-03,9.412534713745117,FMTY14.MX
2024-04-04,9.370997428894043,FMTY14.MX
2024-04-05,9.34607219696045,FMTY14.MX
2024-04-08,9.34607219696045,FMTY14.MX
2024-04-09,9.26300048828125,FMTY14.MX
2024-04-10,9.04699993133545,FMTY14.MX
2024-04-11,9.096846580505371,FMTY14.MX
2024-04-12,9.138384819030762,FMTY14.MX
2024-04-15,8.988844871520996,FMTY14.MX
2024-04-16,8.78946304321289,FMTY14.MX
2024-04-17,8.772848129272461,FMTY14.MX
2024-04-18,8.498697280883789,FMTY14.MX
2024-04-19,8.340851783752441,FMTY14.MX
2024-04-22,8.216238021850586,FMTY14.MX
2024-04-23,8.216238021850586,FMTY14.MX
2024-04-24,8.307622909545898,FMTY14.MX
2024-04-25,8.432236671447754,FMTY14.MX
2024-04-26,8.432236671447754,FMTY14.MX
2024-04-29,8.723004341125488,FMTY14.MX
2024-04-30,8.473773956298828,FMTY14.MX
2024-05-02,8.548543930053711,FMTY14.MX
2024-05-03,8.556852340698242,FMTY14.MX
2024-05-06,8.48208236694336,FMTY14.MX
2024-05-07,8.365774154663086,FMTY14.MX
2024-05-08,8.365774154663086,FMTY14.MX
2024-05-09,8.432236671447754,FMTY14.MX
2024-05-10,8.399005889892578,FMTY14.MX
2024-05-13,8.423929214477539,FMTY14.MX
2024-05-14,8.340851783752441,FMTY14.MX
2024-05-15,8.556852340698242,FMTY14.MX
2024-05-16,8.573466300964355,FMTY14.MX
2024-05-17,8.681462287902832,FMTY14.MX
2024-05-20,8.61500358581543,FMTY14.MX
2024-05-21,8.399005889892578,FMTY14.MX
2024-05-22,8.623309135437012,FMTY14.MX
2024-05-23,8.814387321472168,FMTY14.MX
2024-05-24,8.706385612487793,FMTY14.MX
2024-05-27,8.648234367370605,FMTY14.MX
2024-05-28,8.606696128845215,FMTY14.MX
2024-05-29,8.498697280883789,FMTY14.MX
2024-05-30,8.440544128417969,FMTY14.MX
2024-05-31,8.54023551940918,FMTY14.MX
2024-06-03,8.382389068603516,FMTY14.MX
2024-06-04,8.457159042358398,FMTY14.MX
2024-06-05,8.498697280883789,FMTY14.MX
2024-06-06,8.423929214477539,FMTY14.MX
2024-06-07,8.340851783752441,FMTY14.MX
2024-06-10,8.357467651367188,FMTY14.MX
2024-06-11,8.307622909545898,FMTY14.MX
2024-06-12,8.274392127990723,FMTY14.MX
2024-06-13,8.291004180908203,FMTY14.MX
2024-06-14,8.216238021850586,FMTY14.MX
2024-06-17,8.174698829650879,FMTY14.MX
2024-06-18,8.174698829650879,FMTY14.MX
2024-06-19,8.207931518554688,FMTY14.MX
2024-06-20,8.216238021850586,FMTY14.MX
2024-06-21,8.598389625549316,FMTY14.MX
2024-06-24,8.399005889892578,FMTY14.MX
2024-06-25,8.291004180908203,FMTY14.MX
2024-06-26,8.207931518554688,FMTY14.MX
2024-06-27,8.16015338897705,FMTY14.MX
2024-06-28,8.168523788452148,FMTY14.MX
2024-07-01,8.252219200134277,FMTY14.MX
2024-07-02,8.168523788452148,FMTY14.MX
2024-07-03,8.16015338897705,FMTY14.MX
2024-07-04,8.268956184387207,FMTY14.MX
2024-07-05,8.268956184387207,FMTY14.MX
2024-07-08,8.17689323425293,FMTY14.MX
2024-07-09,8.034613609313965,FMTY14.MX
2024-07-10,8.26058578491211,FMTY14.MX
2024-07-11,8.335911750793457,FMTY14.MX
2024-07-12,8.310803413391113,FMTY14.MX
2024-07-15,8.335911750793457,FMTY14.MX
2024-07-16,8.16015338897705,FMTY14.MX
2024-07-17,8.135046005249023,FMTY14.MX
2024-07-18,8.093195915222168,FMTY14.MX
2024-07-19,8.034613609313965,FMTY14.MX
2024-07-22,8.135046005249023,FMTY14.MX
2024-07-23,8.135046005249023,FMTY14.MX
2024-07-24,8.126675605773926,FMTY14.MX
2024-07-25,7.925810813903809,FMTY14.MX
2024-07-26,7.942549228668213,FMTY14.MX
2024-07-29,7.909073352813721,FMTY14.MX
2024-07-30,7.891747951507568,FMTY14.MX
2024-07-31,8.102758407592773,FMTY14.MX
2024-08-01,8.339089393615723,FMTY14.MX
2024-08-02,8.440372467041016,FMTY14.MX
2024-08-05,8.482573509216309,FMTY14.MX
2024-08-06,8.558539390563965,FMTY14.MX
2024-08-07,8.659821510314941,FMTY14.MX
2024-08-08,8.887711524963379,FMTY14.MX
2024-08-09,8.853950500488281,FMTY14.MX
2024-08-12,8.870830535888672,FMTY14.MX
2024-08-13,8.988995552062988,FMTY14.MX
2024-08-14,9.031200408935547,FMTY14.MX
2024-08-15,9.28441047668457,FMTY14.MX
2024-08-16,9.225326538085938,FMTY14.MX
2024-08-19,9.115604400634766,FMTY14.MX
2024-08-20,8.853950500488281,FMTY14.MX
2024-08-21,8.659821510314941,FMTY14.MX
2024-08-22,8.744223594665527,FMTY14.MX
2024-08-23,8.659821510314941,FMTY14.MX
2024-08-26,8.659821510314941,FMTY14.MX
2024-08-27,8.46569538116455,FMTY14.MX
2024-08-28,8.507894515991211,FMTY14.MX
2024-08-29,8.703598022460938,FMTY14.MX
2024-08-30,8.873754501342773,FMTY14.MX
2024-09-02,8.805693626403809,FMTY14.MX
2024-09-03,8.848235130310059,FMTY14.MX
2024-09-04,8.9248046875,FMTY14.MX
2024-09-05,9.018389701843262,FMTY14.MX
2024-09-06,9.273630142211914,FMTY14.MX
2024-09-09,9.290644645690918,FMTY14.MX
2024-09-10,9.035406112670898,FMTY14.MX
2024-09-11,9.358709335327148,FMTY14.MX
2024-09-12,9.180042266845703,FMTY14.MX
2024-09-13,9.367215156555176,FMTY14.MX
2024-09-17,9.350199699401855,FMTY14.MX
2024-09-18,9.282137870788574,FMTY14.MX
2024-09-19,9.094963073730469,FMTY14.MX
2024-09-20,8.541949272155762,FMTY14.MX
2024-09-23,8.873754501342773,FMTY14.MX
2024-09-24,8.933313369750977,FMTY14.MX
2024-09-25,8.81419849395752,FMTY14.MX
2024-09-26,8.822710037231445,FMTY14.MX
2024-09-27,8.917097091674805,FMTY14.MX
2024-09-30,9.0114107131958,FMTY14.MX
2024-10-02,9.19146728515625,FMTY14.MX
2024-10-03,9.148597717285156,FMTY14.MX
2024-10-04,9.337227821350098,FMTY14.MX
2024-10-07,9.174320220947266,FMTY14.MX
2024-10-08,9.088576316833496,FMTY14.MX
2024-10-09,8.977116584777832,FMTY14.MX
2024-10-10,8.90852165222168,FMTY14.MX
2024-10-11,8.891373634338379,FMTY14.MX
2024-10-14,8.934245109558105,FMTY14.MX
2024-10-15,9.06285572052002,FMTY14.MX
2024-10-16,9.002838134765625,FMTY14.MX
2024-10-17,8.985687255859375,FMTY14.MX
2024-10-18,8.9942626953125,FMTY14.MX
2024-10-21,8.899946212768555,FMTY14.MX
2024-10-22,8.831355094909668,FMTY14.MX
2024-10-23,8.737037658691406,FMTY14.MX
2024-10-24,8.822781562805176,FMTY14.MX
2024-10-25,9.0114107131958,FMTY14.MX
2024-10-28,8.985687255859375,FMTY14.MX
2024-10-29,9.174320220947266,FMTY14.MX
2024-10-30,9.029523849487305,FMTY14.MX
2024-10-31,8.969038009643555,FMTY14.MX
2024-11-01,9.107290267944336,FMTY14.MX
2024-11-04,9.072725296020508,FMTY14.MX
2024-11-05,9.193697929382324,FMTY14.MX
2024-11-06,9.159133911132812,FMTY14.MX
2024-11-07,9.055444717407227,FMTY14.MX
2024-11-08,9.081365585327148,FMTY14.MX
2024-11-11,9.159133911132812,FMTY14.MX
2024-11-12,9.107290267944336,FMTY14.MX
2024-11-13,8.969038009643555,FMTY14.MX
2024-11-14,9.055444717407227,FMTY14.MX
2024-11-15,9.072725296020508,FMTY14.MX
2024-11-19,9.150491714477539,FMTY14.MX
2024-11-20,9.159133911132812,FMTY14.MX
2024-11-21,9.150491714477539,FMTY14.MX
2024-11-22,9.04680347442627,FMTY14.MX
2024-11-25,9.064085960388184,FMTY14.MX
2024-11-26,9.01224136352539,FMTY14.MX
2024-11-27,8.899911880493164,FMTY14.MX
2024-11-28,8.85869312286377,FMTY14.MX
2024-11-29,8.849984169006348,FMTY14.MX
2024-12-02,8.954508781433105,FMTY14.MX
2024-12-03,9.04161548614502,FMTY14.MX
2024-12-04,9.180983543395996,FMTY14.MX
2024-12-05,9.233247756958008,FMTY14.MX
2024-12-06,9.311641693115234,FMTY14.MX
2024-12-09,9.442303657531738,FMTY14.MX
2024-12-10,9.398750305175781,FMTY14.MX
2024-12-11,9.572962760925293,FMTY14.MX
2024-12-13,9.581672668457031,FMTY14.MX
2024-12-16,9.651357650756836,FMTY14.MX
2024-12-17,9.825570106506348,FMTY14.MX
2024-12-18,9.668781280517578,FMTY14.MX
2024-12-19,9.564251899719238,FMTY14.MX
2024-12-20,9.442303657531738,FMTY14.MX
2024-12-23,9.49456787109375,FMTY14.MX
2024-12-24,9.285513877868652,FMTY14.MX
2024-12-26,9.38467788696289,FMTY14.MX
2024-12-27,9.314446449279785,FMTY14.MX
2024-12-30,9.367122650146484,FMTY14.MX
2024-12-31,9.516361236572266,FMTY14.MX
2025-01-02,9.560256958007812,FMTY14.MX
2025-01-03,9.595373153686523,FMTY14.MX
2025-01-06,9.656826972961426,FMTY14.MX
2025-01-07,9.656826972961426,FMTY14.MX
2025-01-08,9.551480293273926,FMTY14.MX
2025-01-09,9.498804092407227,FMTY14.MX
2025-01-10,9.498804092407227,FMTY14.MX
2025-01-13,9.349562644958496,FMTY14.MX
2025-01-14,9.340784072875977,FMTY14.MX
2025-01-15,9.375899314880371,FMTY14.MX
2025-01-16,9.182762145996094,FMTY14.MX
2025-01-17,9.051080703735352,FMTY14.MX
2025-01-20,9.086194038391113,FMTY14.MX
2025-01-21,9.059856414794922,FMTY14.MX
2025-01-22,9.17398452758789,FMTY14.MX
2025-01-23,9.13886833190918,FMTY14.MX
2025-01-24,9.191543579101562,FMTY14.MX
2025-01-27,9.332003593444824,FMTY14.MX
2025-01-28,9.349562644958496,FMTY14.MX
2025-01-29,9.375899314880371,FMTY14.MX
2025-01-30,9.442961692810059,FMTY14.MX
2025-01-31,9.398707389831543,FMTY14.MX
2025-02-04,9.513758659362793,FMTY14.MX
2025-02-05,9.451810836791992,FMTY14.MX
2025-02-06,9.381010055541992,FMTY14.MX
2025-02-07,9.593408584594727,FMTY14.MX
2025-02-10,9.513758659362793,FMTY14.MX
2025-02-11,9.460657119750977,FMTY14.MX
2025-02-12,9.487210273742676,FMTY14.MX
2025-02-13,9.43410873413086,FMTY14.MX
2025-02-14,9.504907608032227,FMTY14.MX
2025-02-17,9.496058464050293,FMTY14.MX
2025-02-18,9.469508171081543,FMTY14.MX
2025-02-19,9.460657119750977,FMTY14.MX
2025-02-20,9.57570743560791,FMTY14.MX
2025-02-21,9.735010147094727,FMTY14.MX
2025-02-24,9.982809066772461,FMTY14.MX
2025-02-25,9.673059463500977,FMTY14.MX
2025-02-26,9.75270938873291,FMTY14.MX
2025-02-27,9.873761177062988,FMTY14.MX
2025-02-28,9.971877098083496,FMTY14.MX
2025-03-03,9.954036712646484,FMTY14.MX
2025-03-04,9.811326026916504,FMTY14.MX
2025-03-05,9.793488502502441,FMTY14.MX
2025-03-06,9.8916015625,FMTY14.MX
2025-03-07,9.954036712646484,FMTY14.MX
2025-03-10,9.855924606323242,FMTY14.MX
2025-03-11,9.888031005859375,FMTY14.MX
2025-03-12,9.888031005859375,FMTY14.MX
2025-03-13,10.139725685119629,FMTY14.MX
2025-03-14,10.328498840332031,FMTY14.MX
2025-03-18,10.697052955627441,FMTY14.MX
2025-03-19,10.903801918029785,FMTY14.MX
2025-03-20,10.867846488952637,FMTY14.MX
2025-03-21,10.652105331420898,FMTY14.MX
2025-03-24,10.63412857055664,FMTY14.MX
2025-03-25,10.724020004272461,FMTY14.MX
2025-03-26,10.759976387023926,FMTY14.MX
2025-03-27,10.652105331420898,FMTY14.MX
2025-03-28,10.724020004272461,FMTY14.MX
2025-03-31,10.571205139160156,FMTY14.MX
2025-04-01,10.697052955627441,FMTY14.MX
2025-04-02,10.813911437988281,FMTY14.MX
2025-04-03,10.993692398071289,FMTY14.MX
2025-04-04,10.670085906982422,FMTY14.MX
2025-04-07,10.885824203491211,FMTY14.MX
2025-04-08,10.70604133605957,FMTY14.MX
2025-04-09,10.741997718811035,FMTY14.MX
2025-04-10,10.777955055236816,FMTY14.MX
2025-04-11,10.724020004272461,FMTY14.MX
2025-04-14,10.715031623840332,FMTY14.MX
2025-04-15,10.733010292053223,FMTY14.MX
2025-04-16,10.786940574645996,FMTY14.MX
2025-04-21,10.741997718811035,FMTY14.MX
2025-04-22,10.553224563598633,FMTY14.MX
2025-04-23,10.472323417663574,FMTY14.MX
2025-04-24,10.87683391571045,FMTY14.MX
2025-04-25,10.957736015319824,FMTY14.MX
2025-04-28,11.00268268585205,FMTY14.MX
2025-04-29,10.83894157409668,FMTY14.MX
2025-04-30,10.911383628845215,FMTY14.MX
2025-05-02,11.1377592086792,FMTY14.MX
2025-05-05,11.219256401062012,FMTY14.MX
2025-05-06,11.029099464416504,FMTY14.MX
2025-05-07,11.1377592086792,FMTY14.MX
2025-05-08,11.499963760375977,FMTY14.MX
2025-05-09,11.490909576416016,FMTY14.MX
2025-05-12,11.400359153747559,FMTY14.MX
2025-05-13,11.490909576416016,FMTY14.MX
2025-05-14,11.463741302490234,FMTY14.MX
2025-05-15,11.400359153747559,FMTY14.MX
2025-05-16,11.599570274353027,FMTY14.MX
2025-05-19,11.681063652038574,FMTY14.MX
2025-05-20,11.735396385192871,FMTY14.MX
2025-05-21,11.79878044128418,FMTY14.MX
2025-05-22,11.762560844421387,FMTY14.MX
2025-05-23,11.907441139221191,FMTY14.MX
2025-05-26,12.170039176940918,FMTY14.MX
2025-05-27,12.260590553283691,FMTY14.MX
2025-05-28,12.486968994140625,FMTY14.MX
2025-05-29,12.723091125488281,FMTY14.MX
2025-05-30,12.631950378417969,FMTY14.MX
2025-06-02,12.422330856323242,FMTY14.MX
2025-06-03,12.066885948181152,FMTY14.MX
2025-06-04,12.194480895996094,FMTY14.MX
2025-06-05,12.121570587158203,FMTY14.MX
2025-06-06,12.376760482788086,FMTY14.MX
2025-06-09,12.303848266601562,FMTY14.MX
2025-06-10,12.285619735717773,FMTY14.MX
2025-06-11,12.039543151855469,FMTY14.MX
2025-06-12,11.993971824645996,FMTY14.MX
2025-06-13,11.939291000366211,FMTY14.MX
2025-06-16,12.103340148925781,FMTY14.MX
2025-06-17,11.957517623901367,FMTY14.MX
2025-06-18,11.729668617248535,FMTY14.MX
2025-06-19,12.121570587158203,FMTY14.MX
2025-06-20,11.401566505432129,FMTY14.MX
2025-06-23,11.911949157714844,FMTY14.MX
2025-06-24,12.03042984008789,FMTY14.MX
2025-06-25,12.02131462097168,FMTY14.MX
2025-06-26,12.103340148925781,FMTY14.MX
2025-06-27,12.085112571716309,FMTY14.MX
2025-06-30,11.975746154785156,FMTY14.MX
2025-07-01,12.066885948181152,FMTY14.MX
2025-07-02,12.066885948181152,FMTY14.MX
2025-07-03,12.12996768951416,FMTY14.MX
2025-07-04,11.900580406188965,FMTY14.MX
2025-07-07,12.084089279174805,FMTY14.MX
2025-07-08,12.01986312866211,FMTY14.MX
2025-07-09,11.973983764648438,FMTY14.MX
2025-07-10,11.882231712341309,FMTY14.MX
2025-07-11,12.056565284729004,FMTY14.MX
2025-07-14,12.515336036682129,FMTY14.MX
2025-07-15,12.432757377624512,FMTY14.MX
2025-07-16,12.258424758911133,FMTY14.MX
2025-07-17,12.359355926513672,FMTY14.MX
2025-07-18,12.451109886169434,FMTY14.MX
2025-07-21,12.432757377624512,FMTY14.MX
2025-07-22,12.441933631896973,FMTY14.MX
2025-07-23,12.588743209838867,FMTY14.MX
2025-07-24,12.597916603088379,FMTY14.MX
2025-07-25,12.5612154006958,FMTY14.MX
2025-07-28,12.47863483428955,FMTY14.MX
2025-07-29,12.331828117370605,FMTY14.MX
2025-07-30,12.365352630615234,FMTY14.MX
2025-07-31,12.337647438049316,FMTY14.MX
2025-08-01,12.559283256530762,FMTY14.MX
2025-08-04,12.162187576293945,FMTY14.MX
2025-08-05,12.346883773803711,FMTY14.MX
2025-08-06,12.40229320526123,FMTY14.MX
2025-08-07,12.356117248535156,FMTY14.MX
2025-08-08,12.550049781799316,FMTY14.MX
2025-08-11,12.513108253479004,FMTY14.MX
2025-08-12,12.540814399719238,FMTY14.MX
2025-08-13,12.64239501953125,FMTY14.MX
2025-08-14,12.494640350341797,FMTY14.MX
2025-08-15,12.356117248535156,FMTY14.MX
2025-08-18,12.420762062072754,FMTY14.MX
2025-08-19,12.309944152832031,FMTY14.MX
2025-08-20,12.09754467010498,FMTY14.MX
2025-08-21,12.282240867614746,FMTY14.MX
2025-08-22,12.346883773803711,FMTY14.MX
2025-08-25,12.31917953491211,FMTY14.MX
2025-08-26,12.208361625671387,FMTY14.MX
2025-08-27,12.356117248535156,FMTY14.MX
2025-08-28,12.371272087097168,FMTY14.MX
2025-08-29,12.315503120422363,FMTY14.MX
2025-09-01,12.222555160522461,FMTY14.MX
2025-09-02,12.399155616760254,FMTY14.MX
2025-09-03,12.34338665008545,FMTY14.MX
2025-09-04,12.361978530883789,FMTY14.MX
2025-09-05,12.501398086547852,FMTY14.MX
2025-09-08,12.529282569885254,FMTY14.MX
2025-09-09,12.33409309387207,FMTY14.MX
2025-09-10,13.142732620239258,FMTY14.MX
2025-09-11,12.966134071350098,FMTY14.MX
2025-09-12,13.003312110900879,FMTY14.MX
2025-09-15,13.05907917022705,FMTY14.MX
2025-09-17,13.226386070251465,FMTY14.MX
2025-09-18,13.05907917022705,FMTY14.MX
2025-09-19,13.60746955871582,FMTY14.MX
2025-09-22,13.412278175354004,FMTY14.MX
2025-09-23,13.393691062927246,FMTY14.MX
2025-09-24,13.365806579589844,FMTY14.MX
2025-09-25,12.960088729858398,FMTY14.MX
2025-09-26,12.819829940795898,FMTY14.MX
2025-09-29,12.791776657104492,FMTY14.MX
2025-09-30,13.119051933288574,FMTY14.MX
2025-10-01,13.053598403930664,FMTY14.MX
2025-10-02,12.932037353515625,FMTY14.MX
2025-10-03,13.203208923339844,FMTY14.MX
2025-10-06,13.016193389892578,FMTY14.MX
2025-10-07,12.997492790222168,FMTY14.MX
2025-10-08,13.203208923339844,FMTY14.MX
2025-10-09,12.903985977172852,FMTY14.MX
2025-10-10,12.782424926757812,FMTY14.MX
2025-10-13,13.661394119262695,FMTY14.MX
2025-10-14,13.053598403930664,FMTY14.MX
2025-10-15,12.969440460205078,FMTY14.MX
2025-10-16,13.33411979675293,FMTY14.MX
2025-10-17,13.006842613220215,FMTY14.MX
2025-10-20,12.950738906860352,FMTY14.MX
2025-10-21,12.829181671142578,FMTY14.MX
2025-10-22,12.997492790222168,FMTY14.MX
2025-10-23,13.081648826599121,FMTY14.MX
2025-10-24,13.36216926574707,FMTY14.MX
2025-10-27,13.137752532958984,FMTY14.MX
2025-10-28,13.128401756286621,FMTY14.MX
2025-10-29,13.025545120239258,FMTY14.MX
2025-10-30,12.747187614440918,FMTY14.MX
2025-10-31,13.47156810760498,FMTY14.MX
2025-11-03,13.339861869812012,FMTY14.MX
2025-11-04,13.170525550842285,FMTY14.MX
2025-11-05,13.405712127685547,FMTY14.MX
2025-11-06,13.217562675476074,FMTY14.MX
2025-11-07,13.556234359741211,FMTY14.MX
2025-11-10,13.509197235107422,FMTY14.MX
2025-11-11,13.349268913269043,FMTY14.MX
2025-11-12,13.349268913269043,FMTY14.MX
2025-11-13,13.085857391357422,FMTY14.MX
2025-11-14,13.2457857131958,FMTY14.MX
2025-11-18,13.311638832092285,FMTY14.MX
2025-11-19,13.038820266723633,FMTY14.MX
2025-11-20,12.972969055175781,FMTY14.MX
2025-11-21,13.029414176940918,FMTY14.MX
2025-11-24,13.490381240844727,FMTY14.MX
2025-11-25,13.415122032165527,FMTY14.MX
2025-11-26,13.396306991577148,FMTY14.MX
2025-11-27,13.428586959838867,FMTY14.MX
2025-11-28,13.58000373840332,FMTY14.MX
2025-12-01,13.532686233520508,FMTY14.MX
2025-12-02,13.504297256469727,FMTY14.MX
2025-12-03,13.674637794494629,FMTY14.MX
2025-12-04,13.447516441345215,FMTY14.MX
2025-12-05,13.721955299377441,FMTY14.MX
2025-12-08,14.384393692016602,FMTY14.MX
2025-12-09,14.838637351989746,FMTY14.MX
2025-12-10,14.47902774810791,FMTY14.MX
2025-12-11,14.706149101257324,FMTY14.MX
2025-12-15,14.706149101257324,FMTY14.MX
2025-12-16,14.725075721740723,FMTY14.MX
2025-12-17,14.734539031982422,FMTY14.MX
2025-12-18,14.762929916381836,FMTY14.MX
2025-12-19,14.062636375427246,FMTY14.MX
2025-12-22,14.176197052001953,FMTY14.MX
2025-12-23,14.223514556884766,FMTY14.MX
2025-12-24,14.341595649719238,FMTY14.MX
2025-12-26,14.608062744140625,FMTY14.MX
2025-12-29,14.608062744140625,FMTY14.MX
2025-12-30,14.646130561828613,FMTY14.MX
2025-12-31,14.655645370483398,FMTY14.MX
2026-01-02,14.845978736877441,FMTY14.MX
2026-01-05,15.19809627532959,FMTY14.MX
2026-01-06,14.731779098510742,FMTY14.MX
2026-01-07,14.798397064208984,FMTY14.MX
2026-01-08,15.160029411315918,FMTY14.MX
2026-01-09,14.96017837524414,FMTY14.MX
2026-01-12,14.836462020874023,FMTY14.MX
2026-01-13,14.722262382507324,FMTY14.MX
2026-01-14,14.608062744140625,FMTY14.MX
2026-01-15,14.655645370483398,FMTY14.MX
2026-01-16,14.512896537780762,FMTY14.MX
2026-01-19,14.47482967376709,FMTY14.MX
2026-01-20,14.589029312133789,FMTY14.MX
2026-01-21,14.836462020874023,FMTY14.MX
2026-01-22,14.49386215209961,FMTY14.MX
2026-01-23,14.3130464553833,FMTY14.MX
2026-01-26,14.294013023376465,FMTY14.MX
2026-01-27,14.351112365722656,FMTY14.MX
2026-01-28,14.465312004089355,FMTY14.MX
2026-01-29,14.390328407287598,FMTY14.MX
2026-01-30,14.237239837646484,FMTY14.MX
2026-02-03,13.969334602355957,FMTY14.MX
2026-02-04,13.76840591430664,FMTY14.MX
2026-02-05,13.356979370117188,FMTY14.MX
2026-02-06,13.395252227783203,FMTY14.MX
2026-02-09,13.682292938232422,FMTY14.MX
2026-02-10,13.414388656616211,FMTY14.MX
2026-02-11,13.710996627807617,FMTY14.MX
2026-02-12,14.313783645629883,FMTY14.MX
2026-02-13,14.218103408813477,FMTY14.MX
2026-02-16,14.256376266479492,FMTY14.MX
2026-02-17,14.323351860046387,FMTY14.MX
2026-02-18,14.57211971282959,FMTY14.MX
2026-02-19,14.648664474487305,FMTY14.MX
2026-02-20,14.6390962600708,FMTY14.MX
2026-02-23,14.62952995300293,FMTY14.MX
2026-02-24,14.390328407287598,FMTY14.MX
2026-02-25,14.505144119262695,FMTY14.MX
2026-02-26,14.679643630981445,FMTY14.MX
2026-02-27,14.160179138183594,FMTY14.MX
2026-03-02,14.063982963562012,FMTY14.MX
2026-03-03,13.967787742614746,FMTY14.MX
2026-03-04,14.41029167175293,FMTY14.MX
2026-03-05,14.136919975280762,FMTY14.MX
2026-03-06,14.107651710510254,FMTY14.MX
2026-03-09,13.756422996520996,FMTY14.MX
2026-03-10,13.541784286499023,FMTY14.MX
2026-03-11,13.463732719421387,FMTY14.MX
2026-03-12,13.395439147949219,FMTY14.MX
2026-03-13,14.029600143432617,FMTY14.MX
2026-03-17,14.439366340637207,FMTY14.MX
2026-03-18,14.312533378601074,FMTY14.MX
2026-03-19,13.873498916625977,FMTY14.MX
2026-03-20,13.580809593200684,FMTY14.MX
2026-03-23,13.9027681350708,FMTY14.MX
2026-03-24,14.097894668579102,FMTY14.MX
2026-03-25,14.175944328308105,FMTY14.MX
2026-03-26,14.07838249206543,FMTY14.MX
2026-03-27,14.380828857421875,FMTY14.MX
2026-03-30,14.585710525512695,FMTY14.MX
2026-03-31,14.810107231140137,FMTY14.MX
2026-04-01,14.790594100952148,FMTY14.MX
2026-04-06,14.751568794250488,FMTY14.MX
2026-04-07,14.780837059020996,FMTY14.MX
2026-04-08,14.966208457946777,FMTY14.MX
2026-04-09,15.268654823303223,FMTY14.MX
2026-04-10,15.171091079711914,FMTY14.MX
2026-04-13,15.37597370147705,FMTY14.MX
2026-04-14,15.366217613220215,FMTY14.MX
2026-04-15,15.327192306518555,FMTY14.MX
2026-04-16,15.405243873596191,FMTY14.MX
2026-04-17,15.414999008178711,FMTY14.MX
2026-04-20,15.551587104797363,FMTY14.MX
2026-04-21,15.66866397857666,FMTY14.MX
2026-04-23,15.434510231018066,FMTY14.MX
2026-04-24,15.405243873596191,FMTY14.MX
2026-04-27,15.297922134399414,FMTY14.MX
2026-04-28,14.98572063446045,FMTY14.MX
2026-04-29,14.732056617736816,FMTY14.MX
2026-04-30,14.732056617736816,FMTY14.MX
2026-05-04,14.917426109313965,FMTY14.MX
2026-05-05,14.995475769042969,FMTY14.MX
2026-05-06,14.693031311035156,FMTY14.MX
2026-05-07,14.634492874145508,FMTY14.MX
2026-05-08,14.497903823852539,FMTY14.MX
2026-05-11,14.507659912109375,FMTY14.MX
2026-05-12,14.332045555114746,FMTY14.MX
2026-05-13,14.146677017211914,FMTY14.MX
2026-05-14,14.253995895385742,FMTY14.MX
2026-05-15,14.08813762664795,FMTY14.MX
2026-05-18,14.27350902557373,FMTY14.MX
2026-05-19,14.439366340637207,FMTY14.MX
2026-05-20,14.214969635009766,FMTY14.MX
2026-05-21,14.341802597045898,FMTY14.MX
2026-05-22,14.371071815490723,FMTY14.MX
2026-05-25,14.332045555114746,FMTY14.MX
2026-05-26,14.468634605407715,FMTY14.MX
2026-05-27,14.08813762664795,FMTY14.MX
2026-05-28,13.756422996520996,FMTY14.MX
2026-05-29,13.766179084777832,FMTY14.MX
2026-06-01,13.610077857971191,FMTY14.MX
2026-06-02,13.649104118347168,FMTY14.MX
2026-06-03,13.766179084777832,FMTY14.MX
2026-06-04,13.7076416015625,FMTY14.MX
2026-06-05,14.068624496459961,FMTY14.MX
2026-06-08,13.96130657196045,FMTY14.MX
2026-06-09,13.932036399841309,FMTY14.MX
2026-06-10,13.834473609924316,FMTY14.MX
2026-06-11,13.844229698181152,FMTY14.MX
2026-06-12,13.873498916625977,FMTY14.MX
2026-06-15,13.932036399841309,FMTY14.MX
2026-06-16,13.853985786437988,FMTY14.MX
2026-06-17,13.831740379333496,FMTY14.MX
2026-06-18,13.821895599365234,FMTY14.MX
2026-06-19,13.831740379333496,FMTY14.MX
2026-06-22,13.693914413452148,FMTY14.MX
2026-06-23,13.585623741149902,FMTY14.MX
2026-06-24,13.654535293579102,FMTY14.MX
2026-06-25,13.752983093261719,FMTY14.MX
2026-06-26,14.136923789978027,FMTY14.MX
2026-06-29,14.373196601867676,FMTY14.MX
2026-06-30,14.442108154296875,FMTY14.MX
2026-07-01,14.432263374328613,FMTY14.MX
2026-07-02,14.373196601867676,FMTY14.MX
2026-07-03,14.461796760559082,FMTY14.MX
2026-07-06,14.875272750854492,FMTY14.MX
2026-07-07,14.806361198425293,FMTY14.MX
2026-07-08,14.579934120178223,FMTY14.MX
2026-07-09,14.491331100463867,FMTY14.MX
2026-07-10,14.61931324005127,FMTY14.MX
2026-07-13,14.5602445602417,FMTY14.MX
2026-07-14,14.61931324005127,FMTY14.MX
2026-07-15,14.53071117401123,FMTY14.MX
2026-07-16,14.69806957244873,FMTY14.MX
2026-07-17,14.658690452575684,FMTY14.MX
2026-07-20,14.520864486694336,FMTY14.MX
2026-07-21,14.550399780273438,FMTY14.MX
2026-07-22,14.707913398742676,FMTY14.MX
2026-07-23,14.609467506408691,FMTY14.MX
2026-07-24,14.61931324005127,FMTY14.MX
2026-07-27,14.76698112487793,FMTY14.MX
2026-07-28,14.963874816894531,FMTY14.MX
2026-07-29,15.003253936767578,FMTY14.MX
2026-07-30,14.831022262573242,FMTY14.MX
2026-07-31,14.811233520507812,FMTY14.MX
2026-08-03,14.524310111999512,FMTY14.MX
2026-08-04,14.247279167175293,FMTY14.MX
2026-08-05,14.039505958557129,FMTY14.MX
2026-08-06,14.02961254119873,FMTY14.MX
2026-08-07,14.138445854187012,FMTY14.MX
2026-08-10,14.217597007751465,FMTY14.MX
2026-08-11,14.237384796142578,FMTY14.MX
2026-08-12,14.217597007751465,FMTY14.MX
2026-08-13,14.148340225219727,FMTY14.MX
2026-08-14,13.970248222351074,FMTY14.MX
2026-08-17,13.940567016601562,FMTY14.MX
2026-08-18,13.990036964416504,FMTY14.MX
2026-08-19,14.009824752807617,FMTY14.MX
2026-08-20,14.039505958557129,FMTY14.MX
2026-08-21,14.415475845336914,FMTY14.MX
2026-08-24,14.217597007751465,FMTY14.MX
2026-08-25,14.187915802001953,FMTY14.MX
2026-08-26,14.22749137878418,FMTY14.MX
2026-08-27,14.203542709350586,FMTY14.MX
2026-08-28,14.243328094482422,FMTY14.MX
2026-08-31,14.38257884979248,FMTY14.MX
2026-09-01,14.233382225036621,FMTY14.MX
2026-09-02,14.233382225036621,FMTY14.MX
2026-09-03,14.243328094482422,FMTY14.MX
2026-09-04,14.084184646606445,FMTY14.MX
2026-09-07,13.964827537536621,FMTY14.MX
2026-09-08,14.004612922668457,FMTY14.MX
2026-09-09,14.064292907714844,FMTY14.MX
2026-09-10,14.11402416229248,FMTY14.MX
2026-09-11,14.223435401916504,FMTY14.MX
2026-09-14,14.32289981842041,FMTY14.MX
2026-09-15,14.04439926147461,FMTY14.MX
2026-09-17,14.054346084594727,FMTY14.MX
2026-09-18,14.034452438354492,FMTY14.MX
2026-09-21,13.954880714416504,FMTY14.MX
2026-09-22,13.994667053222656,FMTY14.MX
2026-09-23,14.10407829284668,FMTY14.MX
2026-09-24,14.119999885559082,FMTY14.MX
2026-09-25,14.210000038146973,FMTY14.MX
2026-09-28,14.09000015258789,FMTY14.MX
2011-03-18,6.882597923278809,FUNO11.MX
2011-03-22,6.7969512939453125,FUNO11.MX
2011-03-23,6.683897495269775,FUNO11.MX
2011-03-24,6.683897495269775,FUNO11.MX
2011-03-25,6.68732213973999,FUNO11.MX
2011-03-28,6.683897495269775,FUNO11.MX
2011-03-29,6.714728832244873,FUNO11.MX
2011-03-30,6.697599411010742,FUNO11.MX
2011-03-31,6.748987674713135,FUNO11.MX
2011-04-01,6.783246994018555,FUNO11.MX
2011-04-04,6.783246994018555,FUNO11.MX
2011-04-05,6.783246994018555,FUNO11.MX
2011-04-06,6.783246994018555,FUNO11.MX
2011-04-07,6.731856822967529,FUNO11.MX
2011-04-08,6.711303234100342,FUNO11.MX
2011-04-11,6.766119480133057,FUNO11.MX
2011-04-12,6.731856822967529,FUNO11.MX
2011-04-13,6.731856822967529,FUNO11.MX
2011-04-14,6.731856822967529,FUNO11.MX
2011-04-15,6.731856822967529,FUNO11.MX
2011-04-18,6.731856822967529,FUNO11.MX
2011-04-19,6.680469036102295,FUNO11.MX
2011-04-20,6.714728832244873,FUNO11.MX
2011-04-25,6.714728832244873,FUNO11.MX
2011-04-26,6.680469036102295,FUNO11.MX
2011-04-27,6.680469036102295,FUNO11.MX
2011-04-28,6.680469036102295,FUNO11.MX
2011-04-29,6.714728832244873,FUNO11.MX
2011-05-02,6.711303234100342,FUNO11.MX
2011-05-03,6.697599411010742,FUNO11.MX
2011-05-04,6.680469036102295,FUNO11.MX
2011-05-05,6.714728832244873,FUNO11.MX
2011-05-06,6.697599411010742,FUNO11.MX
2011-05-09,6.697599411010742,FUNO11.MX
2011-05-10,6.697599411010742,FUNO11.MX
2011-05-11,6.697599411010742,FUNO11.MX
2011-05-12,6.697599411010742,FUNO11.MX
2011-05-13,6.680469036102295,FUNO11.MX
2011-05-16,6.680469036102295,FUNO11.MX
2011-05-17,6.680469036102295,FUNO11.MX
2011-05-18,6.680469036102295,FUNO11.MX
2011-05-19,6.680469036102295,FUNO11.MX
2011-05-20,6.74556303024292,FUNO11.MX
2011-05-23,6.709275245666504,FUNO11.MX
2011-05-24,6.709275245666504,FUNO11.MX
2011-05-25,6.709275245666504,FUNO11.MX
2011-05-26,6.692115306854248,FUNO11.MX
2011-05-27,6.6577959060668945,FUNO11.MX
2011-05-30,6.6577959060668945,FUNO11.MX
2011-05-31,6.681820392608643,FUNO11.MX
2011-06-01,6.681820392608643,FUNO11.MX
2011-06-02,6.709275245666504,FUNO11.MX
2011-06-03,6.692115306854248,FUNO11.MX
2011-06-06,6.692115306854248,FUNO11.MX
2011-06-07,6.726430416107178,FUNO11.MX
2011-06-08,6.743594646453857,FUNO11.MX
2011-06-09,6.7504563331604,FUNO11.MX
2011-06-10,6.760754585266113,FUNO11.MX
2011-06-13,6.760754585266113,FUNO11.MX
2011-06-14,6.7779154777526855,FUNO11.MX
2011-06-15,6.812230587005615,FUNO11.MX
2011-06-16,6.82938814163208,FUNO11.MX
2011-06-17,6.863708972930908,FUNO11.MX
2011-06-20,6.863708972930908,FUNO11.MX
2011-06-21,6.7504563331604,FUNO11.MX
2011-06-22,6.760754585266113,FUNO11.MX
2011-06-23,6.863708972930908,FUNO11.MX
2011-06-24,6.863708972930908,FUNO11.MX
2011-06-27,6.863708972930908,FUNO11.MX
2011-06-28,6.863708972930908,FUNO11.MX
2011-06-29,6.898026466369629,FUNO11.MX
2011-06-30,6.898026466369629,FUNO11.MX
2011-07-01,6.966662883758545,FUNO11.MX
2011-07-04,6.966662883758545,FUNO11.MX
2011-07-05,6.915184497833252,FUNO11.MX
2011-07-06,6.915184497833252,FUNO11.MX
2011-07-07,6.94950532913208,FUNO11.MX
2011-07-08,6.983823299407959,FUNO11.MX
2011-07-11,7.018141746520996,FUNO11.MX
2011-07-12,7.206894874572754,FUNO11.MX
2011-07-13,7.107370853424072,FUNO11.MX
2011-07-14,7.1313934326171875,FUNO11.MX
2011-07-15,7.206894874572754,FUNO11.MX
2011-07-18,7.206894874572754,FUNO11.MX
2011-07-19,7.15541410446167,FUNO11.MX
2011-07-20,7.206894874572754,FUNO11.MX
2011-07-21,7.206894874572754,FUNO11.MX
2011-07-22,7.206894874572754,FUNO11.MX
2011-07-25,7.550076484680176,FUNO11.MX
2011-07-26,7.550076484680176,FUNO11.MX
2011-07-27,7.550076484680176,FUNO11.MX
2011-07-28,7.550076484680176,FUNO11.MX
2011-07-29,7.550076484680176,FUNO11.MX
2011-08-01,7.550076484680176,FUNO11.MX
2011-08-02,7.550076484680176,FUNO11.MX
2011-08-03,7.481438636779785,FUNO11.MX
2011-08-04,7.481438636779785,FUNO11.MX
2011-08-05,7.481438636779785,FUNO11.MX
2011-08-08,7.415722846984863,FUNO11.MX
2011-08-09,7.381069183349609,FUNO11.MX
2011-08-10,7.381069183349609,FUNO11.MX
2011-08-11,7.512750148773193,FUNO11.MX
2011-08-12,7.450375556945801,FUNO11.MX
2011-08-15,7.588985919952393,FUNO11.MX
2011-08-16,7.554330825805664,FUNO11.MX
2011-08-17,7.554330825805664,FUNO11.MX
2011-08-18,7.554330825805664,FUNO11.MX
2011-08-19,7.554330825805664,FUNO11.MX
2011-08-22,7.6236371994018555,FUNO11.MX
2011-08-23,7.6236371994018555,FUNO11.MX
2011-08-24,7.6236371994018555,FUNO11.MX
2011-08-25,7.6236371994018555,FUNO11.MX
2011-08-26,7.6236371994018555,FUNO11.MX
2011-08-29,7.6236371994018555,FUNO11.MX
2011-08-30,7.6236371994018555,FUNO11.MX
2011-08-31,7.9701690673828125,FUNO11.MX
2011-09-01,7.9701690673828125,FUNO11.MX
2011-09-02,7.9701690673828125,FUNO11.MX
2011-09-05,7.9701690673828125,FUNO11.MX
2011-09-06,7.869673728942871,FUNO11.MX
2011-09-07,7.831557273864746,FUNO11.MX
2011-09-08,7.9701690673828125,FUNO11.MX
2011-09-09,8.1434326171875,FUNO11.MX
2011-09-12,8.1434326171875,FUNO11.MX
2011-09-13,8.1434326171875,FUNO11.MX
2011-09-14,8.1434326171875,FUNO11.MX
2011-09-15,8.1434326171875,FUNO11.MX
2011-09-19,8.139970779418945,FUNO11.MX
2011-09-20,8.05679988861084,FUNO11.MX
2011-09-21,8.05679988861084,FUNO11.MX
2011-09-22,8.074125289916992,FUNO11.MX
2011-09-23,8.049866676330566,FUNO11.MX
2011-09-26,8.049866676330566,FUNO11.MX
2011-09-27,7.9701690673828125,FUNO11.MX
2011-09-28,7.796905517578125,FUNO11.MX
2011-09-29,7.796905517578125,FUNO11.MX
2011-09-30,7.9701690673828125,FUNO11.MX
2011-10-03,7.95284366607666,FUNO11.MX
2011-10-04,7.95284366607666,FUNO11.MX
2011-10-05,7.95284366607666,FUNO11.MX
2011-10-06,7.900862693786621,FUNO11.MX
2011-10-07,7.9701690673828125,FUNO11.MX
2011-10-10,7.9701690673828125,FUNO11.MX
2011-10-11,7.9701690673828125,FUNO11.MX
2011-10-12,7.935514450073242,FUNO11.MX
2011-10-13,7.796905517578125,FUNO11.MX
2011-10-14,7.9701690673828125,FUNO11.MX
2011-10-17,7.9701690673828125,FUNO11.MX
2011-10-18,7.9701690673828125,FUNO11.MX
2011-10-19,7.9701690673828125,FUNO11.MX
2011-10-20,7.9701690673828125,FUNO11.MX
2011-10-21,7.9701690673828125,FUNO11.MX
2011-10-24,7.9701690673828125,FUNO11.MX
2011-10-25,7.9701690673828125,FUNO11.MX
2011-10-26,7.9701690673828125,FUNO11.MX
2011-10-27,7.9701690673828125,FUNO11.MX
2011-10-28,7.9701690673828125,FUNO11.MX
2011-10-31,7.9701690673828125,FUNO11.MX
2011-11-01,7.9701690673828125,FUNO11.MX
2011-11-03,8.103323936462402,FUNO11.MX
2011-11-04,8.103323936462402,FUNO11.MX
2011-11-07,8.103323936462402,FUNO11.MX
2011-11-08,8.103323936462402,FUNO11.MX
2011-11-09,8.103323936462402,FUNO11.MX
2011-11-10,8.103323936462402,FUNO11.MX
2011-11-11,8.103323936462402,FUNO11.MX
2011-11-14,8.103323936462402,FUNO11.MX
2011-11-15,8.103323936462402,FUNO11.MX
2011-11-16,8.103323936462402,FUNO11.MX
2011-11-17,8.085712432861328,FUNO11.MX
2011-11-18,8.085712432861328,FUNO11.MX
2011-11-22,8.085712432861328,FUNO11.MX
2011-11-23,8.085712432861328,FUNO11.MX
2011-11-24,8.103323936462402,FUNO11.MX
2011-11-25,8.103323936462402,FUNO11.MX
2011-11-28,8.085712432861328,FUNO11.MX
2011-11-29,8.085712432861328,FUNO11.MX
2011-11-30,8.085712432861328,FUNO11.MX
2011-12-01,8.085712432861328,FUNO11.MX
2011-12-02,8.085712432861328,FUNO11.MX
2011-12-05,8.085712432861328,FUNO11.MX
2011-12-06,8.103323936462402,FUNO11.MX
2011-12-07,8.085712432861328,FUNO11.MX
2011-12-08,8.085712432861328,FUNO11.MX
2011-12-09,8.085712432861328,FUNO11.MX
2011-12-13,8.085712432861328,FUNO11.MX
2011-12-14,8.085712432861328,FUNO11.MX
2011-12-15,8.103323936462402,FUNO11.MX
2011-12-16,8.085712432861328,FUNO11.MX
2011-12-19,8.085712432861328,FUNO11.MX
2011-12-20,8.085712432861328,FUNO11.MX
2011-12-21,8.085712432861328,FUNO11.MX
2011-12-22,8.085712432861328,FUNO11.MX
2011-12-23,8.085712432861328,FUNO11.MX
2011-12-26,8.103323936462402,FUNO11.MX
2011-12-27,8.085712432861328,FUNO11.MX
2011-12-28,8.085712432861328,FUNO11.MX
2011-12-29,8.103323936462402,FUNO11.MX
2011-12-30,8.103323936462402,FUNO11.MX
2012-01-02,8.103323936462402,FUNO11.MX
2012-01-03,8.085712432861328,FUNO11.MX
2012-01-04,8.085712432861328,FUNO11.MX
2012-01-05,8.085712432861328,FUNO11.MX
2012-01-09,8.085712432861328,FUNO11.MX
2012-01-10,8.085712432861328,FUNO11.MX
2012-01-11,8.085712432861328,FUNO11.MX
2012-01-12,8.085712432861328,FUNO11.MX
2012-01-13,8.085712432861328,FUNO11.MX
2012-01-16,8.103323936462402,FUNO11.MX
2012-01-17,8.085712432861328,FUNO11.MX
2012-01-18,8.085712432861328,FUNO11.MX
2012-01-19,8.085712432861328,FUNO11.MX
2012-01-20,8.085712432861328,FUNO11.MX
2012-01-23,8.085712432861328,FUNO11.MX
2012-01-24,8.085712432861328,FUNO11.MX
2012-01-25,8.085712432861328,FUNO11.MX
2012-01-26,8.085712432861328,FUNO11.MX
2012-01-27,8.085712432861328,FUNO11.MX
2012-01-30,8.085712432861328,FUNO11.MX
2012-01-31,8.085712432861328,FUNO11.MX
2012-02-01,8.085712432861328,FUNO11.MX
2012-02-02,8.085712432861328,FUNO11.MX
2012-02-03,8.085712432861328,FUNO11.MX
2012-02-07,8.085712432861328,FUNO11.MX
2012-02-08,8.085712432861328,FUNO11.MX
2012-02-09,8.217803001403809,FUNO11.MX
2012-02-10,8.217803001403809,FUNO11.MX
2012-02-13,8.217803001403809,FUNO11.MX
2012-02-14,8.217803001403809,FUNO11.MX
2012-02-15,8.235703468322754,FUNO11.MX
2012-02-16,8.217803001403809,FUNO11.MX
2012-02-17,8.217803001403809,FUNO11.MX
2012-02-20,8.235703468322754,FUNO11.MX
2012-02-21,8.217803001403809,FUNO11.MX
2012-02-22,8.217803001403809,FUNO11.MX
2012-02-23,8.217803001403809,FUNO11.MX
2012-02-24,8.217803001403809,FUNO11.MX
2012-02-27,8.217803001403809,FUNO11.MX
2012-02-28,8.217803001403809,FUNO11.MX
2012-02-29,8.217803001403809,FUNO11.MX
2012-03-01,8.217803001403809,FUNO11.MX
2012-03-02,8.217803001403809,FUNO11.MX
2012-03-05,8.217803001403809,FUNO11.MX
2012-03-06,8.217803001403809,FUNO11.MX
2012-03-07,8.217803001403809,FUNO11.MX
2012-03-08,8.217803001403809,FUNO11.MX
2012-03-09,8.235703468322754,FUNO11.MX
2012-03-12,8.217803001403809,FUNO11.MX
2012-03-13,8.217803001403809,FUNO11.MX
2012-03-14,8.217803001403809,FUNO11.MX
2012-03-15,8.217803001403809,FUNO11.MX
2012-03-16,8.217803001403809,FUNO11.MX
2012-03-20,8.217803001403809,FUNO11.MX
2012-03-21,8.217803001403809,FUNO11.MX
2012-03-22,8.217803001403809,FUNO11.MX
2012-03-23,8.217803001403809,FUNO11.MX
2012-03-26,8.217803001403809,FUNO11.MX
2012-03-27,8.217803001403809,FUNO11.MX
2012-03-28,8.217803001403809,FUNO11.MX
2012-03-29,8.217803001403809,FUNO11.MX
2012-03-30,8.217803001403809,FUNO11.MX
2012-04-02,8.217803001403809,FUNO11.MX
2012-04-03,8.217803001403809,FUNO11.MX
2012-04-04,8.217803001403809,FUNO11.MX
2012-04-09,8.217803001403809,FUNO11.MX
2012-04-10,8.217803001403809,FUNO11.MX
2012-04-11,8.217803001403809,FUNO11.MX
2012-04-12,8.217803001403809,FUNO11.MX
2012-04-13,8.217803001403809,FUNO11.MX
2012-04-16,8.217803001403809,FUNO11.MX
2012-04-17,8.217803001403809,FUNO11.MX
2012-04-18,8.217803001403809,FUNO11.MX
2012-04-19,8.217803001403809,FUNO11.MX
2012-04-20,8.217803001403809,FUNO11.MX
2012-04-23,8.217803001403809,FUNO11.MX
2012-04-24,8.217803001403809,FUNO11.MX
2012-04-25,8.217803001403809,FUNO11.MX
2012-04-26,8.217803001403809,FUNO11.MX
2012-04-27,9.102242469787598,FUNO11.MX
2012-04-30,9.309928894042969,FUNO11.MX
2012-05-02,9.095084190368652,FUNO11.MX
2012-05-03,8.991242408752441,FUNO11.MX
2012-05-04,9.09863567352295,FUNO11.MX
2012-05-07,9.81070613861084,FUNO11.MX
2012-05-08,9.638081550598145,FUNO11.MX
2012-05-09,9.494231224060059,FUNO11.MX
2012-05-10,9.620101928710938,FUNO11.MX
2012-05-11,9.656063079833984,FUNO11.MX
2012-05-14,9.566158294677734,FUNO11.MX
2012-05-15,9.670449256896973,FUNO11.MX
2012-05-16,9.638081550598145,FUNO11.MX
2012-05-17,9.602119445800781,FUNO11.MX
2012-05-18,9.648872375488281,FUNO11.MX
2012-05-21,9.674043655395508,FUNO11.MX
2012-05-22,9.638081550598145,FUNO11.MX
2012-05-23,9.562559127807617,FUNO11.MX
2012-05-24,9.52299690246582,FUNO11.MX
2012-05-25,9.458267211914062,FUNO11.MX
2012-05-28,9.494231224060059,FUNO11.MX
2012-05-29,9.350378036499023,FUNO11.MX
2012-05-30,9.353970527648926,FUNO11.MX
2012-05-31,9.530195236206055,FUNO11.MX
2012-06-01,9.447477340698242,FUNO11.MX
2012-06-04,9.429496765136719,FUNO11.MX
2012-06-05,9.368358612060547,FUNO11.MX
2012-06-06,9.548174858093262,FUNO11.MX
2012-06-07,9.674043655395508,FUNO11.MX
2012-06-08,9.710009574890137,FUNO11.MX
2012-06-11,9.566158294677734,FUNO11.MX
2012-06-12,9.602119445800781,FUNO11.MX
2012-06-13,9.64527416229248,FUNO11.MX
2012-06-14,9.692024230957031,FUNO11.MX
2012-06-15,9.638081550598145,FUNO11.MX
2012-06-18,9.710009574890137,FUNO11.MX
2012-06-19,9.92578411102295,FUNO11.MX
2012-06-20,9.943768501281738,FUNO11.MX
2012-06-21,9.972535133361816,FUNO11.MX
2012-06-22,10.141561508178711,FUNO11.MX
2012-06-25,10.134370803833008,FUNO11.MX
2012-06-26,10.141561508178711,FUNO11.MX
2012-06-27,10.055253028869629,FUNO11.MX
2012-06-28,10.030077934265137,FUNO11.MX
2012-06-29,9.853857040405273,FUNO11.MX
2012-07-03,9.789129257202148,FUNO11.MX
2012-07-04,9.853857040405273,FUNO11.MX
2012-07-05,9.789129257202148,FUNO11.MX
2012-07-06,9.904210090637207,FUNO11.MX
2012-07-09,9.871846199035645,FUNO11.MX
2012-07-10,9.92578411102295,FUNO11.MX
2012-07-11,10.094812393188477,FUNO11.MX
2012-07-12,10.069639205932617,FUNO11.MX
2012-07-13,10.105602264404297,FUNO11.MX
2012-07-16,9.882627487182617,FUNO11.MX
2012-07-17,9.871846199035645,FUNO11.MX
2012-07-18,9.857454299926758,FUNO11.MX
2012-07-19,9.907805442810059,FUNO11.MX
2012-07-20,9.997710227966309,FUNO11.MX
2012-07-23,10.022887229919434,FUNO11.MX
2012-07-24,10.267431259155273,FUNO11.MX
2012-07-25,10.249452590942383,FUNO11.MX
2012-07-26,10.450846672058105,FUNO11.MX
2012-07-27,10.42566967010498,FUNO11.MX
2012-07-30,10.260241508483887,FUNO11.MX
2012-07-31,9.886226654052734,FUNO11.MX
2012-08-01,10.026480674743652,FUNO11.MX
2012-08-02,10.116393089294434,FUNO11.MX
2012-08-03,10.217084884643555,FUNO11.MX
2012-08-06,10.322489738464355,FUNO11.MX
2012-08-07,10.28250789642334,FUNO11.MX
2012-08-08,10.206184387207031,FUNO11.MX
2012-08-09,10.151663780212402,FUNO11.MX
2012-08-10,10.169833183288574,FUNO11.MX
2012-08-13,10.111678123474121,FUNO11.MX
2012-08-14,10.126219749450684,FUNO11.MX
2012-08-15,9.991734504699707,FUNO11.MX
2012-08-16,9.973564147949219,FUNO11.MX
2012-08-17,9.977197647094727,FUNO11.MX
2012-08-20,9.980828285217285,FUNO11.MX
2012-08-21,9.984465599060059,FUNO11.MX
2012-08-22,10.104408264160156,FUNO11.MX
2012-08-23,10.137125015258789,FUNO11.MX
2012-08-24,10.100778579711914,FUNO11.MX
2012-08-27,10.068062782287598,FUNO11.MX
2012-08-28,10.04988956451416,FUNO11.MX
2012-08-29,10.235257148742676,FUNO11.MX
2012-08-30,10.249797821044922,FUNO11.MX
2012-08-31,10.213446617126465,FUNO11.MX
2012-09-03,10.206184387207031,FUNO11.MX
2012-09-04,10.358840942382812,FUNO11.MX
2012-09-05,10.420629501342773,FUNO11.MX
2012-09-06,10.707764625549316,FUNO11.MX
2012-09-07,10.602363586425781,FUNO11.MX
2012-09-10,10.769554138183594,FUNO11.MX
2012-09-11,10.795000076293945,FUNO11.MX
2012-09-12,10.824078559875488,FUNO11.MX
2012-09-14,10.77319049835205,FUNO11.MX
2012-09-17,10.722307205200195,FUNO11.MX
2012-09-18,10.653247833251953,FUNO11.MX
2012-09-19,10.627806663513184,FUNO11.MX
2012-09-20,10.656880378723145,FUNO11.MX
2012-09-21,10.605995178222656,FUNO11.MX
2012-09-24,10.518766403198242,FUNO11.MX
2012-09-25,10.486048698425293,FUNO11.MX
2012-09-26,10.496957778930664,FUNO11.MX
2012-09-27,10.569649696350098,FUNO11.MX
2012-09-28,10.580552101135254,FUNO11.MX
2012-10-01,10.50786018371582,FUNO11.MX
2012-10-02,10.533305168151855,FUNO11.MX
2012-10-03,10.489686965942383,FUNO11.MX
2012-10-04,10.598725318908691,FUNO11.MX
2012-10-05,10.61326789855957,FUNO11.MX
2012-10-08,10.722307205200195,FUNO11.MX
2012-10-09,10.882230758666992,FUNO11.MX
2012-10-10,11.082135200500488,FUNO11.MX
2012-10-11,11.238431930541992,FUNO11.MX
2012-10-12,11.31839370727539,FUNO11.MX
2012-10-15,11.4274320602417,FUNO11.MX
2012-10-16,11.620071411132812,FUNO11.MX
2012-10-17,11.71457576751709,FUNO11.MX
2012-10-18,11.667320251464844,FUNO11.MX
2012-10-19,11.892670631408691,FUNO11.MX
2012-10-22,11.732744216918945,FUNO11.MX
2012-10-23,11.707304954528809,FUNO11.MX
2012-10-24,12.00898265838623,FUNO11.MX
2012-10-25,12.565088272094727,FUNO11.MX
2012-10-26,12.55418872833252,FUNO11.MX
2012-10-29,12.452417373657227,FUNO11.MX
2012-10-30,12.39062213897705,FUNO11.MX
2012-10-31,12.539644241333008,FUNO11.MX
2012-11-05,12.983077049255371,FUNO11.MX
2012-11-06,13.021476745605469,FUNO11.MX
2012-11-07,12.756791114807129,FUNO11.MX
2012-11-08,12.642824172973633,FUNO11.MX
2012-11-09,12.52518367767334,FUNO11.MX
2012-11-12,12.70531940460205,FUNO11.MX
2012-11-13,12.569300651550293,FUNO11.MX
2012-11-14,12.396514892578125,FUNO11.MX
2012-11-15,11.973733901977539,FUNO11.MX
2012-11-16,11.775216102600098,FUNO11.MX
2012-11-20,12.091375350952148,FUNO11.MX
2012-11-21,12.157550811767578,FUNO11.MX
2012-11-22,12.227401733398438,FUNO11.MX
2012-11-23,12.341365814208984,FUNO11.MX
2012-11-26,12.319308280944824,FUNO11.MX
2012-11-27,12.209020614624023,FUNO11.MX
2012-11-28,12.209020614624023,FUNO11.MX
2012-11-29,12.308279037475586,FUNO11.MX
2012-11-30,12.48841381072998,FUNO11.MX
2012-12-03,12.46268367767334,FUNO11.MX
2012-12-04,12.5472412109375,FUNO11.MX
2012-12-05,12.492094039916992,FUNO11.MX
2012-12-06,12.481062889099121,FUNO11.MX
2012-12-07,12.414892196655273,FUNO11.MX
2012-12-10,12.286216735839844,FUNO11.MX
2012-12-11,12.282544136047363,FUNO11.MX
2012-12-13,12.58768081665039,FUNO11.MX
2012-12-14,12.683263778686523,FUNO11.MX
2012-12-17,12.925899505615234,FUNO11.MX
2012-12-18,13.253087043762207,FUNO11.MX
2012-12-19,13.28985595703125,FUNO11.MX
2012-12-20,13.466317176818848,FUNO11.MX
2012-12-21,13.580283164978027,FUNO11.MX
2012-12-24,13.547194480895996,FUNO11.MX
2012-12-26,13.547194480895996,FUNO11.MX
2012-12-27,13.767778396606445,FUNO11.MX
2012-12-28,14.014084815979004,FUNO11.MX
2012-12-31,14.337603569030762,FUNO11.MX
2013-01-02,14.047181129455566,FUNO11.MX
2013-01-03,13.532492637634277,FUNO11.MX
2013-01-04,13.89644718170166,FUNO11.MX
2013-01-07,13.782480239868164,FUNO11.MX
2013-01-08,13.664838790893555,FUNO11.MX
2013-01-09,13.764097213745117,FUNO11.MX
2013-01-10,13.782480239868164,FUNO11.MX
2013-01-11,13.73836612701416,FUNO11.MX
2013-01-14,13.436903953552246,FUNO11.MX
2013-01-15,13.425880432128906,FUNO11.MX
2013-01-16,13.532492637634277,FUNO11.MX
2013-01-17,14.065559387207031,FUNO11.MX
2013-01-18,14.09129524230957,FUNO11.MX
2013-01-21,14.153782844543457,FUNO11.MX
2013-01-22,14.34495735168457,FUNO11.MX
2013-01-23,14.326578140258789,FUNO11.MX
2013-01-24,14.09129524230957,FUNO11.MX
2013-01-25,14.352091789245605,FUNO11.MX
2013-01-28,14.214556694030762,FUNO11.MX
2013-01-29,14.244293212890625,FUNO11.MX
2013-01-30,14.820457458496094,FUNO11.MX
2013-01-31,14.809309005737305,FUNO11.MX
2013-02-01,14.861346244812012,FUNO11.MX
2013-02-05,14.77213191986084,FUNO11.MX
2013-02-06,14.91710376739502,FUNO11.MX
2013-02-07,14.645750045776367,FUNO11.MX
2013-02-08,14.77213191986084,FUNO11.MX
2013-02-11,14.589994430541992,FUNO11.MX
2013-02-12,14.504500389099121,FUNO11.MX
2013-02-13,14.7200927734375,FUNO11.MX
2013-02-14,14.857634544372559,FUNO11.MX
2013-02-15,15.203329086303711,FUNO11.MX
2013-02-18,15.444944381713867,FUNO11.MX
2013-02-19,15.74604320526123,FUNO11.MX
2013-02-20,15.396624565124512,FUNO11.MX
2013-02-21,14.98029613494873,FUNO11.MX
2013-02-22,15.236783981323242,FUNO11.MX
2013-02-25,15.002602577209473,FUNO11.MX
2013-02-26,14.682917594909668,FUNO11.MX
2013-02-27,14.77956771850586,FUNO11.MX
2013-02-28,14.72752857208252,FUNO11.MX
2013-03-01,14.545388221740723,FUNO11.MX
2013-03-04,14.794437408447266,FUNO11.MX
2013-03-05,14.865066528320312,FUNO11.MX
2013-03-06,14.865066528320312,FUNO11.MX
2013-03-07,14.668051719665527,FUNO11.MX
2013-03-08,14.519365310668945,FUNO11.MX
2013-03-11,14.38182544708252,FUNO11.MX
2013-03-12,14.72752857208252,FUNO11.MX
2013-03-13,14.798154830932617,FUNO11.MX
2013-03-14,15.017471313476562,FUNO11.MX
2013-03-15,15.181026458740234,FUNO11.MX
2013-03-19,15.166152954101562,FUNO11.MX
2013-03-20,14.738677024841309,FUNO11.MX
2013-03-21,14.857634544372559,FUNO11.MX
2013-03-22,15.080658912658691,FUNO11.MX
2013-03-25,15.177310943603516,FUNO11.MX
2013-03-26,15.184743881225586,FUNO11.MX
2013-03-27,15.147573471069336,FUNO11.MX
2013-04-01,15.039772033691406,FUNO11.MX
2013-04-02,15.199616432189941,FUNO11.MX
2013-04-03,15.400339126586914,FUNO11.MX
2013-04-04,15.864988327026367,FUNO11.MX
2013-04-05,16.09174156188965,FUNO11.MX
2013-04-08,16.25529670715332,FUNO11.MX
2013-04-09,16.500625610351562,FUNO11.MX
2013-04-10,16.742246627807617,FUNO11.MX
2013-04-11,16.463464736938477,FUNO11.MX
2013-04-12,16.318492889404297,FUNO11.MX
2013-04-15,15.965356826782227,FUNO11.MX
2013-04-16,16.641881942749023,FUNO11.MX
2013-04-17,16.389116287231445,FUNO11.MX
2013-04-18,16.731094360351562,FUNO11.MX
2013-04-19,16.7794246673584,FUNO11.MX
2013-04-22,16.9764347076416,FUNO11.MX
2013-04-23,17.552602767944336,FUNO11.MX
2013-04-24,17.764474868774414,FUNO11.MX
2013-04-25,17.64180564880371,FUNO11.MX
2013-04-26,17.333284378051758,FUNO11.MX
2013-04-29,17.50055694580078,FUNO11.MX
2013-04-30,17.35930824279785,FUNO11.MX
2013-05-02,16.89093589782715,FUNO11.MX
2013-05-03,16.556386947631836,FUNO11.MX
2013-05-06,16.82622528076172,FUNO11.MX
2013-05-07,16.990676879882812,FUNO11.MX
2013-05-08,16.714101791381836,FUNO11.MX
2013-05-09,15.925488471984863,FUNO11.MX
2013-05-10,15.417179107666016,FUNO11.MX
2013-05-13,15.544261932373047,FUNO11.MX
2013-05-14,15.510624885559082,FUNO11.MX
2013-05-15,15.906797409057617,FUNO11.MX
2013-05-16,16.81127166748047,FUNO11.MX
2013-05-17,16.82622528076172,FUNO11.MX
2013-05-20,16.714101791381836,FUNO11.MX
2013-05-21,16.70288848876953,FUNO11.MX
2013-05-22,16.695409774780273,FUNO11.MX
2013-05-23,16.594497680664062,FUNO11.MX
2013-05-24,16.7514705657959,FUNO11.MX
2013-05-27,16.269332885742188,FUNO11.MX
2013-05-28,16.388933181762695,FUNO11.MX
2013-05-29,15.970333099365234,FUNO11.MX
2013-05-30,15.899317741394043,FUNO11.MX
2013-05-31,16.579544067382812,FUNO11.MX
2013-06-03,16.9383487701416,FUNO11.MX
2013-06-04,17.188758850097656,FUNO11.MX
2013-06-05,16.63187026977539,FUNO11.MX
2013-06-06,16.40388298034668,FUNO11.MX
2013-06-07,16.269332885742188,FUNO11.MX
2013-06-10,16.291751861572266,FUNO11.MX
2013-06-11,16.474897384643555,FUNO11.MX
2013-06-12,16.250648498535156,FUNO11.MX
2013-06-13,16.149736404418945,FUNO11.MX
2013-06-14,15.753561019897461,FUNO11.MX
2013-06-17,15.712448120117188,FUNO11.MX
2013-06-18,15.432129859924316,FUNO11.MX
2013-06-19,15.226569175720215,FUNO11.MX
2013-06-20,14.957474708557129,FUNO11.MX
2013-06-21,15.271417617797852,FUNO11.MX
2013-06-24,14.867775917053223,FUNO11.MX
2013-06-25,14.819181442260742,FUNO11.MX
2013-06-26,15.34990406036377,FUNO11.MX
2013-06-27,15.899317741394043,FUNO11.MX
2013-06-28,16.17963409423828,FUNO11.MX
2013-07-01,16.14225959777832,FUNO11.MX
2013-07-02,16.0189208984375,FUNO11.MX
2013-07-03,15.74608325958252,FUNO11.MX
2013-07-04,15.77224063873291,FUNO11.MX
2013-07-05,15.499407768249512,FUNO11.MX
2013-07-08,15.443347930908203,FUNO11.MX
2013-07-09,15.656380653381348,FUNO11.MX
2013-07-10,15.83577823638916,FUNO11.MX
2013-07-11,15.861945152282715,FUNO11.MX
2013-07-12,15.69376277923584,FUNO11.MX
2013-07-15,15.66012191772461,FUNO11.MX
2013-07-16,15.753561019897461,FUNO11.MX
2013-07-17,15.880634307861328,FUNO11.MX
2013-07-18,15.962862014770508,FUNO11.MX
2013-07-19,15.959123611450195,FUNO11.MX
2013-07-22,15.76103687286377,FUNO11.MX
2013-07-23,15.914271354675293,FUNO11.MX
2013-07-24,15.839520454406738,FUNO11.MX
2013-07-25,15.78719425201416,FUNO11.MX
2013-07-26,15.753561019897461,FUNO11.MX
2013-07-29,15.424660682678223,FUNO11.MX
2013-07-30,15.12939167022705,FUNO11.MX
2013-07-31,15.237780570983887,FUNO11.MX
2013-08-01,15.226569175720215,FUNO11.MX
2013-08-02,15.009798049926758,FUNO11.MX
2013-08-05,14.97242259979248,FUNO11.MX
2013-08-06,15.131267547607422,FUNO11.MX
2013-08-07,15.059733390808105,FUNO11.MX
2013-08-08,15.0559663772583,FUNO11.MX
2013-08-09,14.671940803527832,FUNO11.MX
2013-08-12,14.638060569763184,FUNO11.MX
2013-08-13,15.0070219039917,FUNO11.MX
2013-08-14,15.240443229675293,FUNO11.MX
2013-08-15,14.879018783569336,FUNO11.MX
2013-08-16,14.619236946105957,FUNO11.MX
2013-08-19,14.27662467956543,FUNO11.MX
2013-08-20,14.626757621765137,FUNO11.MX
2013-08-21,14.378273963928223,FUNO11.MX
2013-08-22,14.144855499267578,FUNO11.MX
2013-08-23,13.934016227722168,FUNO11.MX
2013-08-26,13.651647567749023,FUNO11.MX
2013-08-27,13.553755760192871,FUNO11.MX
2013-08-28,13.54999828338623,FUNO11.MX
2013-08-29,13.625288963317871,FUNO11.MX
2013-08-30,14.754776000976562,FUNO11.MX
2013-09-02,14.272855758666992,FUNO11.MX
2013-09-03,13.971667289733887,FUNO11.MX
2013-09-04,13.674238204956055,FUNO11.MX
2013-09-05,13.681768417358398,FUNO11.MX
2013-09-06,14.223916053771973,FUNO11.MX
2013-09-09,14.630537033081055,FUNO11.MX
2013-09-10,14.705826759338379,FUNO11.MX
2013-09-11,14.73971176147461,FUNO11.MX
2013-09-12,14.453574180603027,FUNO11.MX
2013-09-13,14.604174613952637,FUNO11.MX
2013-09-17,14.570292472839355,FUNO11.MX
2013-09-18,14.856422424316406,FUNO11.MX
2013-09-19,14.743475914001465,FUNO11.MX
2013-09-20,14.393336296081543,FUNO11.MX
2013-09-23,14.359454154968262,FUNO11.MX
2013-09-24,13.998019218444824,FUNO11.MX
2013-09-25,13.892601013183594,FUNO11.MX
2013-09-26,13.877543449401855,FUNO11.MX
2013-09-27,13.681768417358398,FUNO11.MX
2013-09-30,13.651647567749023,FUNO11.MX
2013-10-01,13.779650688171387,FUNO11.MX
2013-10-02,13.538698196411133,FUNO11.MX
2013-10-03,13.064319610595703,FUNO11.MX
2013-10-04,12.876066207885742,FUNO11.MX
2013-10-07,13.004075050354004,FUNO11.MX
2013-10-08,13.36174488067627,FUNO11.MX
2013-10-09,13.640351295471191,FUNO11.MX
2013-10-10,14.2653226852417,FUNO11.MX
2013-10-11,14.302980422973633,FUNO11.MX
2013-10-14,14.167437553405762,FUNO11.MX
2013-10-15,14.257794380187988,FUNO11.MX
2013-10-16,14.20509147644043,FUNO11.MX
2013-10-17,14.05073070526123,FUNO11.MX
2013-10-18,14.223916053771973,FUNO11.MX
2013-10-21,14.208853721618652,FUNO11.MX
2013-10-22,14.506284713745117,FUNO11.MX
2013-10-23,14.604174613952637,FUNO11.MX
2013-10-24,14.671940803527832,FUNO11.MX
2013-10-25,15.38727855682373,FUNO11.MX
2013-10-28,15.564237594604492,FUNO11.MX
2013-10-29,15.153849601745605,FUNO11.MX
2013-10-30,15.040904998779297,FUNO11.MX
2013-10-31,15.278094291687012,FUNO11.MX
2013-11-01,15.044669151306152,FUNO11.MX
2013-11-04,14.7924222946167,FUNO11.MX
2013-11-05,14.781126022338867,FUNO11.MX
2013-11-06,14.590841293334961,FUNO11.MX
2013-11-07,14.792704582214355,FUNO11.MX
2013-11-08,14.769848823547363,FUNO11.MX
2013-11-11,14.857443809509277,FUNO11.MX
2013-11-12,15.143095016479492,FUNO11.MX
2013-11-13,15.211653709411621,FUNO11.MX
2013-11-14,15.287824630737305,FUNO11.MX
2013-11-15,15.181180000305176,FUNO11.MX
2013-11-19,15.310676574707031,FUNO11.MX
2013-11-20,15.32971477508545,FUNO11.MX
2013-11-21,15.367805480957031,FUNO11.MX
2013-11-22,15.356379508972168,FUNO11.MX
2013-11-25,15.306872367858887,FUNO11.MX
2013-11-26,15.07072925567627,FUNO11.MX
2013-11-27,15.352568626403809,FUNO11.MX
2013-11-28,15.230692863464355,FUNO11.MX
2013-11-29,15.600127220153809,FUNO11.MX
2013-12-02,15.89339828491211,FUNO11.MX
2013-12-03,15.710576057434082,FUNO11.MX
2013-12-04,15.710576057434082,FUNO11.MX
2013-12-05,15.790555000305176,FUNO11.MX
2013-12-06,15.706769943237305,FUNO11.MX
2013-12-09,15.996222496032715,FUNO11.MX
2013-12-10,16.209510803222656,FUNO11.MX
2013-12-11,16.19808578491211,FUNO11.MX
2013-12-13,15.782942771911621,FUNO11.MX
2013-12-16,15.901012420654297,FUNO11.MX
2013-12-17,15.958139419555664,FUNO11.MX
2013-12-18,15.916250228881836,FUNO11.MX
2013-12-19,16.003847122192383,FUNO11.MX
2013-12-20,16.26282501220703,FUNO11.MX
2013-12-23,16.12571907043457,FUNO11.MX
2013-12-26,15.748664855957031,FUNO11.MX
2013-12-27,15.881965637207031,FUNO11.MX
2013-12-30,16.110490798950195,FUNO11.MX
2014-01-02,16.118101119995117,FUNO11.MX
2014-01-03,16.114295959472656,FUNO11.MX
2014-01-06,16.24759292602539,FUNO11.MX
2014-01-07,16.33138084411621,FUNO11.MX
2014-01-08,16.552284240722656,FUNO11.MX
2014-01-09,16.578943252563477,FUNO11.MX
2014-01-10,16.738906860351562,FUNO11.MX
2014-01-13,16.853168487548828,FUNO11.MX
2014-01-14,17.12738609313965,FUNO11.MX
2014-01-15,17.169282913208008,FUNO11.MX
2014-01-16,17.192136764526367,FUNO11.MX
2014-01-17,16.82651138305664,FUNO11.MX
2014-01-20,16.90648651123047,FUNO11.MX
2014-01-21,16.872209548950195,FUNO11.MX
2014-01-22,17.077877044677734,FUNO11.MX
2014-01-23,17.157855987548828,FUNO11.MX
2014-01-24,17.0207462310791,FUNO11.MX
2014-01-27,17.138816833496094,FUNO11.MX
2014-01-28,16.666540145874023,FUNO11.MX
2014-01-29,16.52562713623047,FUNO11.MX
2014-01-30,16.39994239807129,FUNO11.MX
2014-01-31,16.445646286010742,FUNO11.MX
2014-02-04,16.171424865722656,FUNO11.MX
2014-02-05,16.361854553222656,FUNO11.MX
2014-02-06,16.31234359741211,FUNO11.MX
2014-02-07,16.438032150268555,FUNO11.MX
2014-02-10,16.218494415283203,FUNO11.MX
2014-02-11,16.19153594970703,FUNO11.MX
2014-02-12,16.226198196411133,FUNO11.MX
2014-02-13,16.32632827758789,FUNO11.MX
2014-02-14,16.549718856811523,FUNO11.MX
2014-02-17,16.257007598876953,FUNO11.MX
2014-02-18,16.31862449645996,FUNO11.MX
2014-02-19,16.44573402404785,FUNO11.MX
2014-02-20,16.06058120727539,FUNO11.MX
2014-02-21,16.052879333496094,FUNO11.MX
2014-02-24,16.411067962646484,FUNO11.MX
2014-02-25,16.183834075927734,FUNO11.MX
2014-02-26,16.002809524536133,FUNO11.MX
2014-02-27,16.145313262939453,FUNO11.MX
2014-02-28,16.16457748413086,FUNO11.MX
2014-03-03,16.476539611816406,FUNO11.MX
2014-03-04,16.730737686157227,FUNO11.MX
2014-03-05,16.904052734375,FUNO11.MX
2014-03-06,17.10433006286621,FUNO11.MX
2014-03-07,17.100481033325195,FUNO11.MX
2014-03-10,17.061965942382812,FUNO11.MX
2014-03-11,17.015748977661133,FUNO11.MX
2014-03-12,17.273786544799805,FUNO11.MX
2014-03-13,17.073522567749023,FUNO11.MX
2014-03-14,17.150545120239258,FUNO11.MX
2014-03-18,17.23143196105957,FUNO11.MX
2014-03-19,16.93100929260254,FUNO11.MX
2014-03-20,17.000329971313477,FUNO11.MX
2014-03-21,16.457286834716797,FUNO11.MX
2014-03-24,16.46114158630371,FUNO11.MX
2014-03-25,16.499649047851562,FUNO11.MX
2014-03-26,15.998966217041016,FUNO11.MX
2014-03-27,15.767874717712402,FUNO11.MX
2014-03-28,15.972003936767578,FUNO11.MX
2014-03-31,16.26471519470215,FUNO11.MX
2014-04-01,16.195384979248047,FUNO11.MX
2014-04-02,15.698548316955566,FUNO11.MX
2014-04-03,15.39813232421875,FUNO11.MX
2014-04-04,15.36347484588623,FUNO11.MX
2014-04-07,15.898822784423828,FUNO11.MX
2014-04-08,15.779426574707031,FUNO11.MX
2014-04-09,15.760170936584473,FUNO11.MX
2014-04-10,15.586853981018066,FUNO11.MX
2014-04-11,15.683140754699707,FUNO11.MX
2014-04-14,15.775571823120117,FUNO11.MX
2014-04-15,15.744759559631348,FUNO11.MX
2014-04-16,15.690841674804688,FUNO11.MX
2014-04-21,15.721657752990723,FUNO11.MX
2014-04-22,15.806384086608887,FUNO11.MX
2014-04-23,15.856453895568848,FUNO11.MX
2014-04-24,15.860305786132812,FUNO11.MX
2014-04-25,15.783280372619629,FUNO11.MX
2014-04-28,15.80253791809082,FUNO11.MX
2014-04-29,16.160717010498047,FUNO11.MX
2014-04-30,16.46114158630371,FUNO11.MX
2014-05-02,16.195384979248047,FUNO11.MX
2014-05-05,16.199237823486328,FUNO11.MX
2014-05-06,16.314697265625,FUNO11.MX
2014-05-07,16.365291595458984,FUNO11.MX
2014-05-08,16.365291595458984,FUNO11.MX
2014-05-09,16.13567352294922,FUNO11.MX
2014-05-12,16.069509506225586,FUNO11.MX
2014-05-13,16.085079193115234,FUNO11.MX
2014-05-14,15.976106643676758,FUNO11.MX
2014-05-15,15.983888626098633,FUNO11.MX
2014-05-16,16.244644165039062,FUNO11.MX
2014-05-19,16.007240295410156,FUNO11.MX
2014-05-20,15.800971984863281,FUNO11.MX
2014-05-21,15.7698335647583,FUNO11.MX
2014-05-22,16.085079193115234,FUNO11.MX
2014-05-23,16.182373046875,FUNO11.MX
2014-05-26,16.034486770629883,FUNO11.MX
2014-05-27,15.781511306762695,FUNO11.MX
2014-05-28,15.51297664642334,FUNO11.MX
2014-05-29,15.516863822937012,FUNO11.MX
2014-05-30,15.29892349243164,FUNO11.MX
2014-06-02,15.489620208740234,FUNO11.MX
2014-06-03,15.66865062713623,FUNO11.MX
2014-06-04,15.73481273651123,FUNO11.MX
2014-06-05,15.762054443359375,FUNO11.MX
2014-06-06,16.143455505371094,FUNO11.MX
2014-06-09,16.186269760131836,FUNO11.MX
2014-06-10,16.369186401367188,FUNO11.MX
2014-06-11,16.952960968017578,FUNO11.MX
2014-06-12,17.069725036621094,FUNO11.MX
2014-06-13,17.330476760864258,FUNO11.MX
2014-06-16,17.412208557128906,FUNO11.MX
2014-06-17,17.46669578552246,FUNO11.MX
2014-06-18,17.474477767944336,FUNO11.MX
2014-06-19,17.439449310302734,FUNO11.MX
2014-06-20,17.54842185974121,FUNO11.MX
2014-06-23,17.606796264648438,FUNO11.MX
2014-06-24,17.61847686767578,FUNO11.MX
2014-06-25,17.65349769592285,FUNO11.MX
2014-06-26,17.532855987548828,FUNO11.MX
2014-06-27,17.517288208007812,FUNO11.MX
2014-06-30,17.61847686767578,FUNO11.MX
2014-07-01,17.70409393310547,FUNO11.MX
2014-07-02,17.72355842590332,FUNO11.MX
2014-07-03,17.801395416259766,FUNO11.MX
2014-07-04,17.707984924316406,FUNO11.MX
2014-07-07,17.844202041625977,FUNO11.MX
2014-07-08,17.707984924316406,FUNO11.MX
2014-07-09,17.61847686767578,FUNO11.MX
2014-07-10,17.493934631347656,FUNO11.MX
2014-07-11,17.560094833374023,FUNO11.MX
2014-07-14,17.439449310302734,FUNO11.MX
2014-07-15,17.505605697631836,FUNO11.MX
2014-07-16,17.377178192138672,FUNO11.MX
2014-07-17,17.423879623413086,FUNO11.MX
2014-07-18,17.384958267211914,FUNO11.MX
2014-07-21,17.521181106567383,FUNO11.MX
2014-07-22,17.49004554748535,FUNO11.MX
2014-07-23,17.49004554748535,FUNO11.MX
2014-07-24,17.665180206298828,FUNO11.MX
2014-07-25,18.097166061401367,FUNO11.MX
2014-07-28,18.264522552490234,FUNO11.MX
2014-07-29,18.38127326965332,FUNO11.MX
2014-07-30,18.396846771240234,FUNO11.MX
2014-07-31,18.081602096557617,FUNO11.MX
2014-08-01,18.291765213012695,FUNO11.MX
2014-08-04,18.49803352355957,FUNO11.MX
2014-08-05,18.622573852539062,FUNO11.MX
2014-08-06,18.375873565673828,FUNO11.MX
2014-08-07,18.328779220581055,FUNO11.MX
2014-08-08,18.336626052856445,FUNO11.MX
2014-08-11,18.289525985717773,FUNO11.MX
2014-08-12,18.442590713500977,FUNO11.MX
2014-08-13,18.399425506591797,FUNO11.MX
2014-08-14,18.419050216674805,FUNO11.MX
2014-08-15,18.56033706665039,FUNO11.MX
2014-08-18,18.422971725463867,FUNO11.MX
2014-08-19,18.52894401550293,FUNO11.MX
2014-08-20,18.61921501159668,FUNO11.MX
2014-08-21,18.56033706665039,FUNO11.MX
2014-08-22,18.556421279907227,FUNO11.MX
2014-08-25,18.587818145751953,FUNO11.MX
2014-08-26,18.599590301513672,FUNO11.MX
2014-08-27,18.59566307067871,FUNO11.MX
2014-08-28,18.52109146118164,FUNO11.MX
2014-08-29,18.426904678344727,FUNO11.MX
2014-09-01,18.556421279907227,FUNO11.MX
2014-09-02,18.52109146118164,FUNO11.MX
2014-09-03,18.544639587402344,FUNO11.MX
2014-09-04,18.477920532226562,FUNO11.MX
2014-09-05,18.473989486694336,FUNO11.MX
2014-09-08,18.4504451751709,FUNO11.MX
2014-09-09,18.387657165527344,FUNO11.MX
2014-09-10,18.438674926757812,FUNO11.MX
2014-09-11,18.41119956970215,FUNO11.MX
2014-09-12,18.293447494506836,FUNO11.MX
2014-09-15,17.97554588317871,FUNO11.MX
2014-09-17,18.120769500732422,FUNO11.MX
2014-09-18,17.75575828552246,FUNO11.MX
2014-09-19,18.077592849731445,FUNO11.MX
2014-09-22,17.92059326171875,FUNO11.MX
2014-09-23,17.700807571411133,FUNO11.MX
2014-09-24,17.861726760864258,FUNO11.MX
2014-09-25,17.51634407043457,FUNO11.MX
2014-09-26,17.327953338623047,FUNO11.MX
2014-09-29,17.300477981567383,FUNO11.MX
2014-09-30,17.35150718688965,FUNO11.MX
2014-10-01,17.202362060546875,FUNO11.MX
2014-10-02,16.982576370239258,FUNO11.MX
2014-10-03,17.068920135498047,FUNO11.MX
2014-10-06,17.543821334838867,FUNO11.MX
2014-10-07,17.661561965942383,FUNO11.MX
2014-10-08,17.74398422241211,FUNO11.MX
2014-10-09,17.81463050842285,FUNO11.MX
2014-10-10,17.496719360351562,FUNO11.MX
2014-10-13,17.15918731689453,FUNO11.MX
2014-10-14,17.312259674072266,FUNO11.MX
2014-10-15,17.11994171142578,FUNO11.MX
2014-10-16,17.22591209411621,FUNO11.MX
2014-10-17,17.280858993530273,FUNO11.MX
2014-10-20,17.190587997436523,FUNO11.MX
2014-10-21,17.532047271728516,FUNO11.MX
2014-10-22,17.81855583190918,FUNO11.MX
2014-10-23,17.759681701660156,FUNO11.MX
2014-10-24,17.665485382080078,FUNO11.MX
2014-10-27,17.775379180908203,FUNO11.MX
2014-10-28,17.9559268951416,FUNO11.MX
2014-10-29,18.010866165161133,FUNO11.MX
2014-10-30,18.152164459228516,FUNO11.MX
2014-10-31,18.368024826049805,FUNO11.MX
2014-11-03,18.556421279907227,FUNO11.MX
2014-11-04,18.547557830810547,FUNO11.MX
2014-11-05,18.694320678710938,FUNO11.MX
2014-11-06,18.940242767333984,FUNO11.MX
2014-11-07,18.995777130126953,FUNO11.MX
2014-11-10,18.920412063598633,FUNO11.MX
2014-11-11,18.563417434692383,FUNO11.MX
2014-11-12,18.662586212158203,FUNO11.MX
2014-11-13,18.741910934448242,FUNO11.MX
2014-11-14,18.9442081451416,FUNO11.MX
2014-11-18,18.416664123535156,FUNO11.MX
2014-11-19,18.440458297729492,FUNO11.MX
2014-11-20,18.45235824584961,FUNO11.MX
2014-11-21,18.49201774597168,FUNO11.MX
2014-11-24,18.38096046447754,FUNO11.MX
2014-11-25,18.285762786865234,FUNO11.MX
2014-11-26,18.226268768310547,FUNO11.MX
2014-11-27,18.285762786865234,FUNO11.MX
2014-11-28,18.55548667907715,FUNO11.MX
2014-12-01,18.265932083129883,FUNO11.MX
2014-12-02,18.08346939086914,FUNO11.MX
2014-12-03,18.063636779785156,FUNO11.MX
2014-12-04,17.865312576293945,FUNO11.MX
2014-12-05,17.714580535888672,FUNO11.MX
2014-12-08,17.55592155456543,FUNO11.MX
2014-12-09,17.194969177246094,FUNO11.MX
2014-12-10,17.15133285522461,FUNO11.MX
2014-12-11,16.88556480407715,FUNO11.MX
2014-12-15,16.477022171020508,FUNO11.MX
2014-12-16,16.131929397583008,FUNO11.MX
2014-12-17,16.524616241455078,FUNO11.MX
2014-12-18,17.036300659179688,FUNO11.MX
2014-12-19,16.794343948364258,FUNO11.MX
2014-12-22,16.58808135986328,FUNO11.MX
2014-12-23,16.607912063598633,FUNO11.MX
2014-12-24,16.73087501525879,FUNO11.MX
2014-12-26,16.421489715576172,FUNO11.MX
2014-12-29,16.77054786682129,FUNO11.MX
2014-12-30,16.699146270751953,FUNO11.MX
2014-12-31,17.246530532836914,FUNO11.MX
2015-01-02,16.98870277404785,FUNO11.MX
2015-01-05,16.814170837402344,FUNO11.MX
2015-01-06,17.254459381103516,FUNO11.MX
2015-01-07,17.563854217529297,FUNO11.MX
2015-01-08,17.345693588256836,FUNO11.MX
2015-01-09,17.044231414794922,FUNO11.MX
2015-01-12,16.639646530151367,FUNO11.MX
2015-01-13,16.461153030395508,FUNO11.MX
2015-01-14,17.012508392333984,FUNO11.MX
2015-01-15,17.206863403320312,FUNO11.MX
2015-01-16,17.500383377075195,FUNO11.MX
2015-01-19,17.460725784301758,FUNO11.MX
2015-01-20,17.353626251220703,FUNO11.MX
2015-01-21,17.547988891601562,FUNO11.MX
2015-01-22,17.853410720825195,FUNO11.MX
2015-01-23,18.023969650268555,FUNO11.MX
2015-01-26,17.869274139404297,FUNO11.MX
2015-01-27,17.825647354125977,FUNO11.MX
2015-01-28,17.72648048400879,FUNO11.MX
2015-01-29,17.690778732299805,FUNO11.MX
2015-01-30,17.928773880004883,FUNO11.MX
2015-02-03,18.178665161132812,FUNO11.MX
2015-02-04,18.28179359436035,FUNO11.MX
2015-02-05,17.940673828125,FUNO11.MX
2015-02-06,17.42105484008789,FUNO11.MX
2015-02-09,17.32982635498047,FUNO11.MX
2015-02-10,17.32982635498047,FUNO11.MX
2015-02-11,17.51395034790039,FUNO11.MX
2015-02-12,17.742603302001953,FUNO11.MX
2015-02-13,17.710514068603516,FUNO11.MX
2015-02-16,17.738590240478516,FUNO11.MX
2015-02-17,17.790739059448242,FUNO11.MX
2015-02-18,17.610233306884766,FUNO11.MX
2015-02-19,17.666385650634766,FUNO11.MX
2015-02-20,17.562088012695312,FUNO11.MX
2015-02-23,17.60621452331543,FUNO11.MX
2015-02-24,17.505929946899414,FUNO11.MX
2015-02-25,17.333438873291016,FUNO11.MX
2015-02-26,17.016529083251953,FUNO11.MX
2015-02-27,16.819971084594727,FUNO11.MX
2015-03-02,16.852062225341797,FUNO11.MX
2015-03-03,17.09275245666504,FUNO11.MX
2015-03-04,16.88014793395996,FUNO11.MX
2015-03-05,16.807939529418945,FUNO11.MX
2015-03-06,16.86810874938965,FUNO11.MX
2015-03-09,16.591318130493164,FUNO11.MX
2015-03-10,16.29848289489746,FUNO11.MX
2015-03-11,16.250343322753906,FUNO11.MX
2015-03-12,16.282438278198242,FUNO11.MX
2015-03-13,16.202211380004883,FUNO11.MX
2015-03-17,15.97355842590332,FUNO11.MX
2015-03-18,16.46295166015625,FUNO11.MX
2015-03-19,16.458938598632812,FUNO11.MX
2015-03-20,16.487024307250977,FUNO11.MX
2015-03-23,16.619396209716797,FUNO11.MX
2015-03-24,16.611377716064453,FUNO11.MX
2015-03-25,16.44289779663086,FUNO11.MX
2015-03-26,16.194189071655273,FUNO11.MX
2015-03-27,16.17814064025879,FUNO11.MX
2015-03-30,15.98559284210205,FUNO11.MX
2015-03-31,16.210235595703125,FUNO11.MX
2015-04-01,16.366680145263672,FUNO11.MX
2015-04-06,16.402782440185547,FUNO11.MX
2015-04-07,16.326566696166992,FUNO11.MX
2015-04-08,16.182151794433594,FUNO11.MX
2015-04-09,16.174131393432617,FUNO11.MX
2015-04-10,16.234298706054688,FUNO11.MX
2015-04-13,16.34261131286621,FUNO11.MX
2015-04-14,16.366680145263672,FUNO11.MX
2015-04-15,16.069835662841797,FUNO11.MX
2015-04-16,16.230283737182617,FUNO11.MX
2015-04-17,16.314523696899414,FUNO11.MX
2015-04-20,16.346620559692383,FUNO11.MX
2015-04-21,16.515098571777344,FUNO11.MX
2015-04-22,16.394756317138672,FUNO11.MX
2015-04-23,16.587303161621094,FUNO11.MX
2015-04-24,16.254356384277344,FUNO11.MX
2015-04-27,16.04576873779297,FUNO11.MX
2015-04-28,15.97355842590332,FUNO11.MX
2015-04-29,15.52026081085205,FUNO11.MX
2015-04-30,15.355790138244629,FUNO11.MX
2015-05-04,15.540323257446289,FUNO11.MX
2015-05-05,16.05780029296875,FUNO11.MX
2015-05-06,16.00994300842285,FUNO11.MX
2015-05-07,15.92871379852295,FUNO11.MX
2015-05-08,15.900280952453613,FUNO11.MX
2015-05-11,16.038366317749023,FUNO11.MX
2015-05-12,15.977450370788574,FUNO11.MX
2015-05-13,15.912467002868652,FUNO11.MX
2015-05-14,15.896221160888672,FUNO11.MX
2015-05-15,15.985574722290039,FUNO11.MX
2015-05-18,16.0343074798584,FUNO11.MX
2015-05-19,15.875914573669434,FUNO11.MX
2015-05-20,15.847490310668945,FUNO11.MX
2015-05-21,15.920589447021484,FUNO11.MX
2015-05-22,15.92871379852295,FUNO11.MX
2015-05-25,15.920589447021484,FUNO11.MX
2015-05-26,15.924650192260742,FUNO11.MX
2015-05-27,15.802809715270996,FUNO11.MX
2015-05-28,15.843420028686523,FUNO11.MX
2015-05-29,15.953083992004395,FUNO11.MX
2015-06-01,15.823114395141602,FUNO11.MX
2015-06-02,15.782510757446289,FUNO11.MX
2015-06-03,15.64035415649414,FUNO11.MX
2015-06-04,15.461655616760254,FUNO11.MX
2015-06-05,15.494147300720215,FUNO11.MX
2015-06-08,15.238273620605469,FUNO11.MX
2015-06-09,15.234216690063477,FUNO11.MX
2015-06-10,15.039270401000977,FUNO11.MX
2015-06-11,15.039270401000977,FUNO11.MX
2015-06-12,14.953975677490234,FUNO11.MX
2015-06-15,14.937738418579102,FUNO11.MX
2015-06-16,15.014904975891113,FUNO11.MX
2015-06-17,15.157054901123047,FUNO11.MX
2015-06-18,15.347930908203125,FUNO11.MX
2015-06-19,15.20578670501709,FUNO11.MX
2015-06-22,15.079885482788086,FUNO11.MX
2015-06-23,14.945860862731934,FUNO11.MX
2015-06-24,14.828080177307129,FUNO11.MX
2015-06-25,14.803712844848633,FUNO11.MX
2015-06-26,14.917433738708496,FUNO11.MX
2015-06-29,14.77934455871582,FUNO11.MX
2015-06-30,15.15298843383789,FUNO11.MX
2015-07-01,15.287016868591309,FUNO11.MX
2015-07-02,15.421040534973145,FUNO11.MX
2015-07-03,15.64035415649414,FUNO11.MX
2015-07-06,15.461655616760254,FUNO11.MX
2015-07-07,15.465719223022461,FUNO11.MX
2015-07-08,15.555070877075195,FUNO11.MX
2015-07-09,15.546940803527832,FUNO11.MX
2015-07-10,15.510396003723145,FUNO11.MX
2015-07-13,15.579435348510742,FUNO11.MX
2015-07-14,15.632230758666992,FUNO11.MX
2015-07-15,15.77437686920166,FUNO11.MX
2015-07-16,15.810933113098145,FUNO11.MX
2015-07-17,15.823114395141602,FUNO11.MX
2015-07-20,15.750014305114746,FUNO11.MX
2015-07-21,15.778437614440918,FUNO11.MX
2015-07-22,15.660660743713379,FUNO11.MX
2015-07-23,15.494147300720215,FUNO11.MX
2015-07-24,15.782510757446289,FUNO11.MX
2015-07-27,15.473834991455078,FUNO11.MX
2015-07-28,15.429167747497559,FUNO11.MX
2015-07-29,15.70533561706543,FUNO11.MX
2015-07-30,15.644416809082031,FUNO11.MX
2015-07-31,15.717521667480469,FUNO11.MX
2015-08-03,15.701275825500488,FUNO11.MX
2015-08-04,15.86721420288086,FUNO11.MX
2015-08-05,15.636835098266602,FUNO11.MX
2015-08-06,15.381776809692383,FUNO11.MX
2015-08-07,15.414684295654297,FUNO11.MX
2015-08-10,15.40645980834961,FUNO11.MX
2015-08-11,15.369436264038086,FUNO11.MX
2015-08-12,15.241903305053711,FUNO11.MX
2015-08-13,15.192541122436523,FUNO11.MX
2015-08-14,15.435250282287598,FUNO11.MX
2015-08-17,15.192541122436523,FUNO11.MX
2015-08-18,15.19665241241455,FUNO11.MX
2015-08-19,15.167853355407715,FUNO11.MX
2015-08-20,14.945708274841309,FUNO11.MX
2015-08-21,14.554889678955078,FUNO11.MX
2015-08-24,14.369763374328613,FUNO11.MX
2015-08-25,14.320395469665527,FUNO11.MX
2015-08-26,14.114704132080078,FUNO11.MX
2015-08-27,14.670074462890625,FUNO11.MX
2015-08-28,14.822290420532227,FUNO11.MX
2015-08-31,14.764697074890137,FUNO11.MX
2015-09-01,14.72355842590332,FUNO11.MX
2015-09-02,14.608366012573242,FUNO11.MX
2015-09-03,14.637168884277344,FUNO11.MX
2015-09-04,14.567229270935059,FUNO11.MX
2015-09-07,14.431469917297363,FUNO11.MX
2015-09-08,14.435585021972656,FUNO11.MX
2015-09-09,14.402676582336426,FUNO11.MX
2015-09-10,14.517864227294922,FUNO11.MX
2015-09-11,15.040328025817871,FUNO11.MX
2015-09-14,15.114374160766602,FUNO11.MX
2015-09-15,15.06501293182373,FUNO11.MX
2015-09-17,15.019752502441406,FUNO11.MX
2015-09-18,15.130833625793457,FUNO11.MX
2015-09-21,15.106147766113281,FUNO11.MX
2015-09-22,15.155513763427734,FUNO11.MX
2015-09-23,15.056779861450195,FUNO11.MX
2015-09-24,14.328628540039062,FUNO11.MX
2015-09-25,14.217549324035645,FUNO11.MX
2015-09-28,14.221671104431152,FUNO11.MX
2015-09-29,14.262801170349121,FUNO11.MX
2015-09-30,14.361536979675293,FUNO11.MX
2015-10-01,14.172298431396484,FUNO11.MX
2015-10-02,14.213440895080566,FUNO11.MX
2015-10-05,14.526093482971191,FUNO11.MX
2015-10-06,14.949816703796387,FUNO11.MX
2015-10-07,15.015641212463379,FUNO11.MX
2015-10-08,15.081463813781738,FUNO11.MX
2015-10-09,15.31183910369873,FUNO11.MX
2015-10-12,14.91279411315918,FUNO11.MX
2015-10-13,15.130833625793457,FUNO11.MX
2015-10-14,14.958048820495605,FUNO11.MX
2015-10-15,14.744125366210938,FUNO11.MX
2015-10-16,14.781147956848145,FUNO11.MX
2015-10-19,14.9415922164917,FUNO11.MX
2015-10-20,14.93336296081543,FUNO11.MX
2015-10-21,15.184311866760254,FUNO11.MX
2015-10-22,14.958048820495605,FUNO11.MX
2015-10-23,14.904571533203125,FUNO11.MX
2015-10-26,15.114374160766602,FUNO11.MX
2015-10-27,15.118491172790527,FUNO11.MX
2015-10-28,15.106147766113281,FUNO11.MX
2015-10-29,14.929252624511719,FUNO11.MX
2015-10-30,14.925132751464844,FUNO11.MX
2015-11-03,14.752358436584473,FUNO11.MX
2015-11-04,14.936129570007324,FUNO11.MX
2015-11-05,14.66494369506836,FUNO11.MX
2015-11-06,14.777588844299316,FUNO11.MX
2015-11-09,14.602357864379883,FUNO11.MX
2015-11-10,14.560641288757324,FUNO11.MX
2015-11-11,14.623222351074219,FUNO11.MX
2015-11-12,14.556462287902832,FUNO11.MX
2015-11-13,14.477197647094727,FUNO11.MX
2015-11-17,15.044607162475586,FUNO11.MX
2015-11-18,15.244860649108887,FUNO11.MX
2015-11-19,15.637045860290527,FUNO11.MX
2015-11-20,15.858161926269531,FUNO11.MX
2015-11-23,15.724658012390137,FUNO11.MX
2015-11-24,16.083454132080078,FUNO11.MX
2015-11-25,16.05008316040039,FUNO11.MX
2015-11-26,15.941610336303711,FUNO11.MX
2015-11-27,16.133522033691406,FUNO11.MX
2015-11-30,16.066770553588867,FUNO11.MX
2015-12-01,15.824785232543945,FUNO11.MX
2015-12-02,15.357513427734375,FUNO11.MX
2015-12-03,15.182284355163574,FUNO11.MX
2015-12-04,15.286582946777344,FUNO11.MX
2015-12-07,15.253209114074707,FUNO11.MX
2015-12-08,15.249032974243164,FUNO11.MX
2015-12-09,15.42843246459961,FUNO11.MX
2015-12-10,15.62035083770752,FUNO11.MX
2015-12-11,15.38671875,FUNO11.MX
2015-12-14,15.511879920959473,FUNO11.MX
2015-12-15,15.453470230102539,FUNO11.MX
2015-12-16,15.6579008102417,FUNO11.MX
2015-12-17,15.641207695007324,FUNO11.MX
2015-12-18,15.824785232543945,FUNO11.MX
2015-12-21,15.687108039855957,FUNO11.MX
2015-12-22,15.762207984924316,FUNO11.MX
2015-12-23,15.86233139038086,FUNO11.MX
2015-12-24,15.83313274383545,FUNO11.MX
2015-12-28,15.895709991455078,FUNO11.MX
2015-12-29,15.720492362976074,FUNO11.MX
2015-12-30,15.645387649536133,FUNO11.MX
2015-12-31,15.849820137023926,FUNO11.MX
2016-01-04,16.05425453186035,FUNO11.MX
2016-01-05,16.187753677368164,FUNO11.MX
2016-01-06,15.778891563415527,FUNO11.MX
2016-01-07,15.52856731414795,FUNO11.MX
2016-01-08,15.645387649536133,FUNO11.MX
2016-01-11,15.382539749145508,FUNO11.MX
2016-01-12,15.161420822143555,FUNO11.MX
2016-01-13,15.073810577392578,FUNO11.MX
2016-01-14,14.923612594604492,FUNO11.MX
2016-01-15,14.489712715148926,FUNO11.MX
2016-01-18,14.906923294067383,FUNO11.MX
2016-01-19,14.815132141113281,FUNO11.MX
2016-01-20,14.59819221496582,FUNO11.MX
2016-01-21,15.415919303894043,FUNO11.MX
2016-01-22,14.7650728225708,FUNO11.MX
2016-01-25,14.689977645874023,FUNO11.MX
2016-01-26,14.694151878356934,FUNO11.MX
2016-01-27,14.606531143188477,FUNO11.MX
2016-01-28,14.606531143188477,FUNO11.MX
2016-01-29,15.169767379760742,FUNO11.MX
2016-02-02,15.115530967712402,FUNO11.MX
2016-02-03,15.007054328918457,FUNO11.MX
2016-02-04,15.119702339172363,FUNO11.MX
2016-02-05,15.15725040435791,FUNO11.MX
2016-02-08,15.174049377441406,FUNO11.MX
2016-02-09,14.776284217834473,FUNO11.MX
2016-02-10,14.949777603149414,FUNO11.MX
2016-02-11,14.801676750183105,FUNO11.MX
2016-02-12,14.822832107543945,FUNO11.MX
2016-02-15,14.941314697265625,FUNO11.MX
2016-02-16,14.831298828125,FUNO11.MX
2016-02-17,15.072487831115723,FUNO11.MX
2016-02-18,14.759358406066895,FUNO11.MX
2016-02-19,14.924392700195312,FUNO11.MX
2016-02-22,15.16981029510498,FUNO11.MX
2016-02-23,15.178278923034668,FUNO11.MX
2016-02-24,15.322145462036133,FUNO11.MX
2016-02-25,15.525257110595703,FUNO11.MX
2016-02-26,15.622579574584961,FUNO11.MX
2016-02-29,16.007648468017578,FUNO11.MX
2016-03-01,16.01610565185547,FUNO11.MX
2016-03-02,16.028806686401367,FUNO11.MX
2016-03-03,16.011882781982422,FUNO11.MX
2016-03-04,15.948405265808105,FUNO11.MX
2016-03-07,16.011882781982422,FUNO11.MX
2016-03-08,15.910322189331055,FUNO11.MX
2016-03-09,15.6945161819458,FUNO11.MX
2016-03-10,15.800307273864746,FUNO11.MX
2016-03-11,16.151512145996094,FUNO11.MX
2016-03-14,15.986488342285156,FUNO11.MX
2016-03-15,15.868006706237793,FUNO11.MX
2016-03-16,16.04149627685547,FUNO11.MX
2016-03-17,16.392709732055664,FUNO11.MX
2016-03-18,16.435022354125977,FUNO11.MX
2016-03-22,16.667753219604492,FUNO11.MX
2016-03-23,16.655057907104492,FUNO11.MX
2016-03-28,16.735456466674805,FUNO11.MX
2016-03-29,16.934335708618164,FUNO11.MX
2016-03-30,16.84124183654785,FUNO11.MX
2016-03-31,16.993579864501953,FUNO11.MX
2016-04-01,17.124755859375,FUNO11.MX
2016-04-04,16.989341735839844,FUNO11.MX
2016-04-05,16.76931381225586,FUNO11.MX
2016-04-06,16.549272537231445,FUNO11.MX
2016-04-07,16.748149871826172,FUNO11.MX
2016-04-08,16.82008934020996,FUNO11.MX
2016-04-11,16.934335708618164,FUNO11.MX
2016-04-12,16.90894317626953,FUNO11.MX
2016-04-13,17.090900421142578,FUNO11.MX
2016-04-14,17.128982543945312,FUNO11.MX
2016-04-15,16.980884552001953,FUNO11.MX
2016-04-18,17.035884857177734,FUNO11.MX
2016-04-19,16.963960647583008,FUNO11.MX
2016-04-20,16.904714584350586,FUNO11.MX
2016-04-21,17.07821273803711,FUNO11.MX
2016-04-22,17.116294860839844,FUNO11.MX
2016-04-25,17.0739803314209,FUNO11.MX
2016-04-26,17.095136642456055,FUNO11.MX
2016-04-27,17.645219802856445,FUNO11.MX
2016-04-28,17.133216857910156,FUNO11.MX
2016-04-29,17.33209800720215,FUNO11.MX
2016-05-02,17.247467041015625,FUNO11.MX
2016-05-03,17.150142669677734,FUNO11.MX
2016-05-04,17.300949096679688,FUNO11.MX
2016-05-05,17.138137817382812,FUNO11.MX
2016-05-06,17.300949096679688,FUNO11.MX
2016-05-09,17.18526268005371,FUNO11.MX
2016-05-10,17.335222244262695,FUNO11.MX
2016-05-11,17.091005325317383,FUNO11.MX
2016-05-12,16.979602813720703,FUNO11.MX
2016-05-13,17.18526268005371,FUNO11.MX
2016-05-16,17.17669677734375,FUNO11.MX
2016-05-17,17.11671257019043,FUNO11.MX
2016-05-18,16.641128540039062,FUNO11.MX
2016-05-19,16.61113929748535,FUNO11.MX
2016-05-20,16.816795349121094,FUNO11.MX
2016-05-23,16.726816177368164,FUNO11.MX
2016-05-24,16.893917083740234,FUNO11.MX
2016-05-25,17.206687927246094,FUNO11.MX
2016-05-26,16.761096954345703,FUNO11.MX
2016-05-27,17.108142852783203,FUNO11.MX
2016-05-30,16.992460250854492,FUNO11.MX
2016-05-31,17.120990753173828,FUNO11.MX
2016-06-01,16.78680419921875,FUNO11.MX
2016-06-02,16.6368465423584,FUNO11.MX
2016-06-03,16.851070404052734,FUNO11.MX
2016-06-06,17.146705627441406,FUNO11.MX
2016-06-07,17.2023983001709,FUNO11.MX
2016-06-08,17.258100509643555,FUNO11.MX
2016-06-09,17.129568099975586,FUNO11.MX
2016-06-10,16.975326538085938,FUNO11.MX
2016-06-13,17.0267333984375,FUNO11.MX
2016-06-14,17.069583892822266,FUNO11.MX
2016-06-15,16.962467193603516,FUNO11.MX
2016-06-16,16.992460250854492,FUNO11.MX
2016-06-17,16.93248176574707,FUNO11.MX
2016-06-20,16.92391014099121,FUNO11.MX
2016-06-21,16.911052703857422,FUNO11.MX
2016-06-22,16.92391014099121,FUNO11.MX
2016-06-23,16.825366973876953,FUNO11.MX
2016-06-24,16.679691314697266,FUNO11.MX
2016-06-27,16.534019470214844,FUNO11.MX
2016-06-28,16.435466766357422,FUNO11.MX
2016-06-29,16.653987884521484,FUNO11.MX
2016-06-30,16.649707794189453,FUNO11.MX
2016-07-01,16.666831970214844,FUNO11.MX
2016-07-04,16.641128540039062,FUNO11.MX
2016-07-05,16.576854705810547,FUNO11.MX
2016-07-06,16.713958740234375,FUNO11.MX
2016-07-07,16.542583465576172,FUNO11.MX
2016-07-08,16.75680923461914,FUNO11.MX
2016-07-11,16.795372009277344,FUNO11.MX
2016-07-12,16.778236389160156,FUNO11.MX
2016-07-13,16.743961334228516,FUNO11.MX
2016-07-14,16.78251075744629,FUNO11.MX
2016-07-15,16.71825408935547,FUNO11.MX
2016-07-18,16.78251075744629,FUNO11.MX
2016-07-19,16.79108428955078,FUNO11.MX
2016-07-20,16.761096954345703,FUNO11.MX
2016-07-21,16.752525329589844,FUNO11.MX
2016-07-22,16.76966667175293,FUNO11.MX
2016-07-25,16.722536087036133,FUNO11.MX
2016-07-26,16.486888885498047,FUNO11.MX
2016-07-27,16.362632751464844,FUNO11.MX
2016-07-28,16.40976333618164,FUNO11.MX
2016-07-29,16.38405990600586,FUNO11.MX
2016-08-01,16.47403335571289,FUNO11.MX
2016-08-02,16.375486373901367,FUNO11.MX
2016-08-03,16.461177825927734,FUNO11.MX
2016-08-04,16.665157318115234,FUNO11.MX
2016-08-05,16.56103515625,FUNO11.MX
2016-08-08,16.84739112854004,FUNO11.MX
2016-08-09,16.8170166015625,FUNO11.MX
2016-08-10,16.73024559020996,FUNO11.MX
2016-08-11,16.777965545654297,FUNO11.MX
2016-08-12,16.790987014770508,FUNO11.MX
2016-08-15,16.72590446472168,FUNO11.MX
2016-08-16,16.72156524658203,FUNO11.MX
2016-08-17,16.63045310974121,FUNO11.MX
2016-08-18,16.59140396118164,FUNO11.MX
2016-08-19,16.435211181640625,FUNO11.MX
2016-08-22,16.430866241455078,FUNO11.MX
2016-08-23,16.09678077697754,FUNO11.MX
2016-08-24,15.923235893249512,FUNO11.MX
2016-08-25,15.962282180786133,FUNO11.MX
2016-08-26,15.888522148132324,FUNO11.MX
2016-08-29,15.901542663574219,FUNO11.MX
2016-08-30,15.866828918457031,FUNO11.MX
2016-08-31,15.775712013244629,FUNO11.MX
2016-09-01,15.662909507751465,FUNO11.MX
2016-09-02,15.957945823669434,FUNO11.MX
2016-09-05,15.836459159851074,FUNO11.MX
2016-09-06,15.910216331481934,FUNO11.MX
2016-09-07,15.671587944030762,FUNO11.MX
2016-09-08,15.432952880859375,FUNO11.MX
2016-09-09,15.541423797607422,FUNO11.MX
2016-09-12,15.736668586730957,FUNO11.MX
2016-09-13,15.545761108398438,FUNO11.MX
2016-09-14,15.372210502624512,FUNO11.MX
2016-09-15,15.736668586730957,FUNO11.MX
2016-09-19,15.671587944030762,FUNO11.MX
2016-09-20,15.975296020507812,FUNO11.MX
2016-09-21,15.5587797164917,FUNO11.MX
2016-09-22,15.645553588867188,FUNO11.MX
2016-09-23,15.493695259094238,FUNO11.MX
2016-09-26,15.33316421508789,FUNO11.MX
2016-09-27,15.615188598632812,FUNO11.MX
2016-09-28,15.6065034866333,FUNO11.MX
2016-09-29,15.454648971557617,FUNO11.MX
2016-09-30,15.367875099182129,FUNO11.MX
2016-10-03,15.445968627929688,FUNO11.MX
2016-10-04,15.589149475097656,FUNO11.MX
2016-10-05,15.589149475097656,FUNO11.MX
2016-10-06,15.554444313049316,FUNO11.MX
2016-10-07,15.537084579467773,FUNO11.MX
2016-10-10,15.563117027282715,FUNO11.MX
2016-10-11,15.289772033691406,FUNO11.MX
2016-10-12,15.437294960021973,FUNO11.MX
2016-10-13,15.424272537231445,FUNO11.MX
2016-10-14,15.424272537231445,FUNO11.MX
2016-10-17,15.406919479370117,FUNO11.MX
2016-10-18,15.528409004211426,FUNO11.MX
2016-10-19,15.571793556213379,FUNO11.MX
2016-10-20,15.741005897521973,FUNO11.MX
2016-10-21,15.684606552124023,FUNO11.MX
2016-10-24,15.832120895385742,FUNO11.MX
2016-10-25,15.771378517150879,FUNO11.MX
2016-10-26,15.623855590820312,FUNO11.MX
2016-10-27,15.697619438171387,FUNO11.MX
2016-10-28,15.641213417053223,FUNO11.MX
2016-10-31,15.649890899658203,FUNO11.MX
2016-11-01,15.046806335449219,FUNO11.MX
2016-11-03,15.328827857971191,FUNO11.MX
2016-11-04,15.47813892364502,FUNO11.MX
2016-11-07,15.984103202819824,FUNO11.MX
2016-11-08,15.649726867675781,FUNO11.MX
2016-11-09,15.337345123291016,FUNO11.MX
2016-11-10,13.713859558105469,FUNO11.MX
2016-11-11,13.089104652404785,FUNO11.MX
2016-11-14,13.071504592895508,FUNO11.MX
2016-11-15,13.225489616394043,FUNO11.MX
2016-11-16,13.295886993408203,FUNO11.MX
2016-11-17,13.476272583007812,FUNO11.MX
2016-11-18,13.38388442993164,FUNO11.MX
2016-11-22,13.647867202758789,FUNO11.MX
2016-11-23,13.647867202758789,FUNO11.MX
2016-11-24,13.678662300109863,FUNO11.MX
2016-11-25,13.819450378417969,FUNO11.MX
2016-11-28,13.705057144165039,FUNO11.MX
2016-11-29,13.859050750732422,FUNO11.MX
2016-11-30,13.977842330932617,FUNO11.MX
2016-12-01,13.797452926635742,FUNO11.MX
2016-12-02,13.881046295166016,FUNO11.MX
2016-12-05,13.964641571044922,FUNO11.MX
2016-12-06,13.98223876953125,FUNO11.MX
2016-12-07,14.184627532958984,FUNO11.MX
2016-12-08,14.664196014404297,FUNO11.MX
2016-12-09,14.479410171508789,FUNO11.MX
2016-12-13,14.540998458862305,FUNO11.MX
2016-12-14,14.413410186767578,FUNO11.MX
2016-12-15,13.969039916992188,FUNO11.MX
2016-12-16,14.145028114318848,FUNO11.MX
2016-12-19,14.101035118103027,FUNO11.MX
2016-12-20,13.91624641418457,FUNO11.MX
2016-12-21,13.801855087280273,FUNO11.MX
2016-12-22,13.797452926635742,FUNO11.MX
2016-12-23,13.753456115722656,FUNO11.MX
2016-12-26,13.881046295166016,FUNO11.MX
2016-12-27,13.854652404785156,FUNO11.MX
2016-12-28,13.810651779174805,FUNO11.MX
2016-12-29,13.907445907592773,FUNO11.MX
2016-12-30,13.973442077636719,FUNO11.MX
2017-01-02,13.973442077636719,FUNO11.MX
2017-01-03,14.180232048034668,FUNO11.MX
2017-01-04,13.819450378417969,FUNO11.MX
2017-01-05,13.463074684143066,FUNO11.MX
2017-01-06,13.137495994567871,FUNO11.MX
2017-01-09,12.767926216125488,FUNO11.MX
2017-01-10,12.719524383544922,FUNO11.MX
2017-01-11,12.4247465133667,FUNO11.MX
2017-01-12,12.578736305236816,FUNO11.MX
2017-01-13,12.781124114990234,FUNO11.MX
2017-01-16,12.781124114990234,FUNO11.MX
2017-01-17,12.759121894836426,FUNO11.MX
2017-01-18,12.860318183898926,FUNO11.MX
2017-01-19,12.807519912719727,FUNO11.MX
2017-01-20,12.93951416015625,FUNO11.MX
2017-01-23,13.295886993408203,FUNO11.MX
2017-01-24,13.379485130310059,FUNO11.MX
2017-01-25,13.551072120666504,FUNO11.MX
2017-01-26,12.98350715637207,FUNO11.MX
2017-01-27,13.278292655944824,FUNO11.MX
2017-01-30,13.203493118286133,FUNO11.MX
2017-01-31,13.119898796081543,FUNO11.MX
2017-02-01,13.071504592895508,FUNO11.MX
2017-02-02,13.234291076660156,FUNO11.MX
2017-02-03,13.517013549804688,FUNO11.MX
2017-02-07,13.176847457885742,FUNO11.MX
2017-02-08,13.235033988952637,FUNO11.MX
2017-02-09,13.346927642822266,FUNO11.MX
2017-02-10,13.35588264465332,FUNO11.MX
2017-02-13,13.239514350891113,FUNO11.MX
2017-02-14,12.912773132324219,FUNO11.MX
2017-02-15,12.868016242980957,FUNO11.MX
2017-02-16,12.979910850524902,FUNO11.MX
2017-02-17,12.863539695739746,FUNO11.MX
2017-02-20,12.97543716430664,FUNO11.MX
2017-02-21,13.230562210083008,FUNO11.MX
2017-02-22,13.163421630859375,FUNO11.MX
2017-02-23,13.078383445739746,FUNO11.MX
2017-02-24,13.060477256774902,FUNO11.MX
2017-02-27,12.912773132324219,FUNO11.MX
2017-02-28,13.006770133972168,FUNO11.MX
2017-03-01,13.149991989135742,FUNO11.MX
2017-03-02,13.087329864501953,FUNO11.MX
2017-03-03,13.078383445739746,FUNO11.MX
2017-03-06,13.154470443725586,FUNO11.MX
2017-03-07,13.181327819824219,FUNO11.MX
2017-03-08,13.105238914489746,FUNO11.MX
2017-03-09,13.114189147949219,FUNO11.MX
2017-03-10,13.391688346862793,FUNO11.MX
2017-03-13,13.575199127197266,FUNO11.MX
2017-03-14,13.458827018737793,FUNO11.MX
2017-03-15,13.508064270019531,FUNO11.MX
2017-03-16,13.660240173339844,FUNO11.MX
2017-03-17,13.722904205322266,FUNO11.MX
2017-03-21,13.982498168945312,FUNO11.MX
2017-03-22,13.915358543395996,FUNO11.MX
2017-03-23,14.36294174194336,FUNO11.MX
2017-03-24,14.246578216552734,FUNO11.MX
2017-03-27,14.183913230895996,FUNO11.MX
2017-03-28,14.318187713623047,FUNO11.MX
2017-03-29,14.322663307189941,FUNO11.MX
2017-03-30,14.385324478149414,FUNO11.MX
2017-03-31,14.35846996307373,FUNO11.MX
2017-04-03,14.313712120056152,FUNO11.MX
2017-04-04,14.331613540649414,FUNO11.MX
2017-04-05,14.6270170211792,FUNO11.MX
2017-04-06,14.555408477783203,FUNO11.MX
2017-04-07,14.32713794708252,FUNO11.MX
2017-04-10,14.345044136047363,FUNO11.MX
2017-04-11,14.322663307189941,FUNO11.MX
2017-04-12,14.112298965454102,FUNO11.MX
2017-04-17,14.103342056274414,FUNO11.MX
2017-04-18,14.094398498535156,FUNO11.MX
2017-04-19,14.103342056274414,FUNO11.MX
2017-04-20,14.309235572814941,FUNO11.MX
2017-04-21,14.345044136047363,FUNO11.MX
2017-04-24,14.613597869873047,FUNO11.MX
2017-04-25,14.635969161987305,FUNO11.MX
2017-04-26,14.524079322814941,FUNO11.MX
2017-04-27,14.640445709228516,FUNO11.MX
2017-04-28,14.716535568237305,FUNO11.MX
2017-05-02,14.694160461425781,FUNO11.MX
2017-05-03,14.676253318786621,FUNO11.MX
2017-05-04,14.760541915893555,FUNO11.MX
2017-05-05,14.824198722839355,FUNO11.MX
2017-05-08,15.00609302520752,FUNO11.MX
2017-05-09,15.101591110229492,FUNO11.MX
2017-05-10,15.238009452819824,FUNO11.MX
2017-05-11,15.242559432983398,FUNO11.MX
2017-05-12,15.156158447265625,FUNO11.MX
2017-05-15,15.269843101501465,FUNO11.MX
2017-05-16,15.328949928283691,FUNO11.MX
2017-05-17,15.529036521911621,FUNO11.MX
2017-05-18,15.706377029418945,FUNO11.MX
2017-05-19,15.465374946594238,FUNO11.MX
2017-05-22,15.042474746704102,FUNO11.MX
2017-05-23,15.242559432983398,FUNO11.MX
2017-05-24,15.338054656982422,FUNO11.MX
2017-05-25,15.306214332580566,FUNO11.MX
2017-05-26,15.383524894714355,FUNO11.MX
2017-05-29,15.35623550415039,FUNO11.MX
2017-05-30,15.333503723144531,FUNO11.MX
2017-05-31,15.028827667236328,FUNO11.MX
2017-06-01,15.460820198059082,FUNO11.MX
2017-06-02,15.8837251663208,FUNO11.MX
2017-06-05,15.68364429473877,FUNO11.MX
2017-06-06,15.483563423156738,FUNO11.MX
2017-06-07,15.610892295837402,FUNO11.MX
2017-06-08,15.55177116394043,FUNO11.MX
2017-06-09,15.597243309020996,FUNO11.MX
2017-06-12,15.724569320678711,FUNO11.MX
2017-06-13,15.710927963256836,FUNO11.MX
2017-06-14,15.774591445922852,FUNO11.MX
2017-06-15,15.601791381835938,FUNO11.MX
2017-06-16,15.424443244934082,FUNO11.MX
2017-06-19,15.756402969360352,FUNO11.MX
2017-06-20,15.742753982543945,FUNO11.MX
2017-06-21,15.538131713867188,FUNO11.MX
2017-06-22,15.724569320678711,FUNO11.MX
2017-06-23,15.697285652160645,FUNO11.MX
2017-06-26,15.760946273803711,FUNO11.MX
2017-06-27,15.456283569335938,FUNO11.MX
2017-06-28,15.483563423156738,FUNO11.MX
2017-06-29,15.451728820800781,FUNO11.MX
2017-06-30,15.651815414428711,FUNO11.MX
2017-07-03,15.738214492797852,FUNO11.MX
2017-07-04,15.579054832458496,FUNO11.MX
2017-07-05,15.592698097229004,FUNO11.MX
2017-07-06,15.297122955322266,FUNO11.MX
2017-07-07,15.324408531188965,FUNO11.MX
2017-07-10,15.510848045349121,FUNO11.MX
2017-07-11,15.479016304016113,FUNO11.MX
2017-07-12,15.50629711151123,FUNO11.MX
2017-07-13,15.524487495422363,FUNO11.MX
2017-07-14,15.519943237304688,FUNO11.MX
2017-07-17,15.483563423156738,FUNO11.MX
2017-07-18,15.519943237304688,FUNO11.MX
2017-07-19,15.529036521911621,FUNO11.MX
2017-07-20,15.433536529541016,FUNO11.MX
2017-07-21,15.197080612182617,FUNO11.MX
2017-07-24,15.492659568786621,FUNO11.MX
2017-07-25,15.579054832458496,FUNO11.MX
2017-07-26,15.492659568786621,FUNO11.MX
2017-07-27,15.092493057250977,FUNO11.MX
2017-07-28,15.20162582397461,FUNO11.MX
2017-07-31,14.960624694824219,FUNO11.MX
2017-08-01,15.16070556640625,FUNO11.MX
2017-08-02,15.192538261413574,FUNO11.MX
2017-08-03,15.197080612182617,FUNO11.MX
2017-08-04,15.525674819946289,FUNO11.MX
2017-08-07,15.590325355529785,FUNO11.MX
2017-08-08,15.530288696289062,FUNO11.MX
2017-08-09,15.345569610595703,FUNO11.MX
2017-08-10,15.031545639038086,FUNO11.MX
2017-08-11,15.299392700195312,FUNO11.MX
2017-08-14,15.451781272888184,FUNO11.MX
2017-08-15,15.488728523254395,FUNO11.MX
2017-08-16,15.377898216247559,FUNO11.MX
2017-08-17,15.082341194152832,FUNO11.MX
2017-08-18,15.239354133605957,FUNO11.MX
2017-08-21,15.368656158447266,FUNO11.MX
2017-08-22,15.345569610595703,FUNO11.MX
2017-08-23,15.211644172668457,FUNO11.MX
2017-08-24,15.073108673095703,FUNO11.MX
2017-08-25,14.95304012298584,FUNO11.MX
2017-08-28,15.059259414672852,FUNO11.MX
2017-08-29,14.851447105407715,FUNO11.MX
2017-08-30,14.823735237121582,FUNO11.MX
2017-08-31,14.726759910583496,FUNO11.MX
2017-09-01,14.62054443359375,FUNO11.MX
2017-09-04,14.52818775177002,FUNO11.MX
2017-09-05,14.652876853942871,FUNO11.MX
2017-09-06,14.777556419372559,FUNO11.MX
2017-09-07,14.971514701843262,FUNO11.MX
2017-09-08,14.17722225189209,FUNO11.MX
2017-09-11,14.144893646240234,FUNO11.MX
2017-09-12,14.107946395874023,FUNO11.MX
2017-09-13,14.0202054977417,FUNO11.MX
2017-09-14,14.0202054977417,FUNO11.MX
2017-09-15,14.107946395874023,FUNO11.MX
2017-09-18,14.163362503051758,FUNO11.MX
2017-09-19,14.07100772857666,FUNO11.MX
2017-09-20,13.997119903564453,FUNO11.MX
2017-09-21,14.131041526794434,FUNO11.MX
2017-09-22,14.098715782165527,FUNO11.MX
2017-09-25,14.131041526794434,FUNO11.MX
2017-09-26,14.186454772949219,FUNO11.MX
2017-09-27,14.144893646240234,FUNO11.MX
2017-09-28,14.126420021057129,FUNO11.MX
2017-09-29,14.186454772949219,FUNO11.MX
2017-10-02,14.598201751708984,FUNO11.MX
2017-10-03,14.537140846252441,FUNO11.MX
2017-10-04,14.560628890991211,FUNO11.MX
2017-10-05,14.875326156616211,FUNO11.MX
2017-10-06,14.997448921203613,FUNO11.MX
2017-10-09,15.006837844848633,FUNO11.MX
2017-10-10,14.762598991394043,FUNO11.MX
2017-10-11,14.753201484680176,FUNO11.MX
2017-10-12,14.659262657165527,FUNO11.MX
2017-10-13,14.616991996765137,FUNO11.MX
2017-10-16,14.419720649719238,FUNO11.MX
2017-10-17,14.471384048461914,FUNO11.MX
2017-10-18,14.264716148376465,FUNO11.MX
2017-10-19,14.19426441192627,FUNO11.MX
2017-10-20,14.363356590270996,FUNO11.MX
2017-10-23,14.302291870117188,FUNO11.MX
2017-10-24,14.269414901733398,FUNO11.MX
2017-10-25,14.062746047973633,FUNO11.MX
2017-10-26,14.062746047973633,FUNO11.MX
2017-10-27,14.09092903137207,FUNO11.MX
2017-10-30,14.053356170654297,FUNO11.MX
2017-10-31,14.170778274536133,FUNO11.MX
2017-11-01,14.067444801330566,FUNO11.MX
2017-11-03,14.081537246704102,FUNO11.MX
2017-11-06,14.109718322753906,FUNO11.MX
2017-11-07,14.133204460144043,FUNO11.MX
2017-11-08,14.137903213500977,FUNO11.MX
2017-11-09,14.100323677062988,FUNO11.MX
2017-11-10,13.804414749145508,FUNO11.MX
2017-11-13,13.870177268981934,FUNO11.MX
2017-11-14,13.574263572692871,FUNO11.MX
2017-11-15,13.31123161315918,FUNO11.MX
2017-11-16,13.7527494430542,FUNO11.MX
2017-11-17,14.015777587890625,FUNO11.MX
2017-11-21,14.166081428527832,FUNO11.MX
2017-11-22,14.166081428527832,FUNO11.MX
2017-11-23,13.964111328125,FUNO11.MX
2017-11-24,14.086234092712402,FUNO11.MX
2017-11-27,13.865473747253418,FUNO11.MX
2017-11-28,13.701079368591309,FUNO11.MX
2017-11-29,13.65411376953125,FUNO11.MX
2017-11-30,13.677596092224121,FUNO11.MX
2017-12-01,13.682291984558105,FUNO11.MX
2017-12-04,13.574263572692871,FUNO11.MX
2017-12-05,13.635322570800781,FUNO11.MX
2017-12-06,13.485023498535156,FUNO11.MX
2017-12-07,13.536683082580566,FUNO11.MX
2017-12-08,13.569567680358887,FUNO11.MX
2017-12-11,13.391083717346191,FUNO11.MX
2017-12-13,13.513198852539062,FUNO11.MX
2017-12-14,13.541383743286133,FUNO11.MX
2017-12-15,13.574263572692871,FUNO11.MX
2017-12-18,13.49441909790039,FUNO11.MX
2017-12-19,13.466231346130371,FUNO11.MX
2017-12-20,13.376989364624023,FUNO11.MX
2017-12-21,13.38168716430664,FUNO11.MX
2017-12-22,13.339415550231934,FUNO11.MX
2017-12-26,13.231380462646484,FUNO11.MX
2017-12-27,13.564866065979004,FUNO11.MX
2017-12-28,13.597749710083008,FUNO11.MX
2017-12-29,13.686994552612305,FUNO11.MX
2018-01-02,13.809114456176758,FUNO11.MX
2018-01-03,13.696381568908691,FUNO11.MX
2018-01-04,13.804414749145508,FUNO11.MX
2018-01-05,13.75744342803955,FUNO11.MX
2018-01-08,13.7527494430542,FUNO11.MX
2018-01-09,13.560174942016602,FUNO11.MX
2018-01-10,13.301840782165527,FUNO11.MX
2018-01-11,13.339415550231934,FUNO11.MX
2018-01-12,13.452144622802734,FUNO11.MX
2018-01-15,13.4474458694458,FUNO11.MX
2018-01-16,13.466231346130371,FUNO11.MX
2018-01-17,13.607142448425293,FUNO11.MX
2018-01-18,13.593050003051758,FUNO11.MX
2018-01-19,13.616534233093262,FUNO11.MX
2018-01-22,13.893659591674805,FUNO11.MX
2018-01-23,13.69168758392334,FUNO11.MX
2018-01-24,13.705775260925293,FUNO11.MX
2018-01-25,13.856080055236816,FUNO11.MX
2018-01-26,13.79971694946289,FUNO11.MX
2018-01-29,13.79971694946289,FUNO11.MX
2018-01-30,13.362895965576172,FUNO11.MX
2018-01-31,13.75744342803955,FUNO11.MX
2018-02-01,13.827899932861328,FUNO11.MX
2018-02-02,13.776232719421387,FUNO11.MX
2018-02-06,13.541383743286133,FUNO11.MX
2018-02-07,13.320626258850098,FUNO11.MX
2018-02-08,13.330880165100098,FUNO11.MX
2018-02-09,13.093693733215332,FUNO11.MX
2018-02-12,13.272795677185059,FUNO11.MX
2018-02-13,13.534183502197266,FUNO11.MX
2018-02-14,13.388965606689453,FUNO11.MX
2018-02-15,13.403488159179688,FUNO11.MX
2018-02-16,13.529340744018555,FUNO11.MX
2018-02-19,13.669718742370605,FUNO11.MX
2018-02-20,13.30667781829834,FUNO11.MX
2018-02-21,13.224387168884277,FUNO11.MX
2018-02-22,13.069489479064941,FUNO11.MX
2018-02-23,13.229225158691406,FUNO11.MX
2018-02-26,13.509982109069824,FUNO11.MX
2018-02-27,13.485779762268066,FUNO11.MX
2018-02-28,12.86618709564209,FUNO11.MX
2018-03-01,13.205026626586914,FUNO11.MX
2018-03-02,13.229225158691406,FUNO11.MX
2018-03-05,13.093693733215332,FUNO11.MX
2018-03-06,13.016247749328613,FUNO11.MX
2018-03-07,12.96300220489502,FUNO11.MX
2018-03-08,13.021086692810059,FUNO11.MX
2018-03-09,13.296998977661133,FUNO11.MX
2018-03-12,13.587428092956543,FUNO11.MX
2018-03-13,13.66003704071045,FUNO11.MX
2018-03-14,13.500295639038086,FUNO11.MX
2018-03-15,13.28731632232666,FUNO11.MX
2018-03-16,13.180822372436523,FUNO11.MX
2018-03-20,13.374444961547852,FUNO11.MX
2018-03-21,13.461575508117676,FUNO11.MX
2018-03-22,13.485779762268066,FUNO11.MX
2018-03-23,13.292155265808105,FUNO11.MX
2018-03-26,13.214705467224121,FUNO11.MX
2018-03-27,13.200187683105469,FUNO11.MX
2018-03-28,13.24375057220459,FUNO11.MX
2018-04-02,13.103373527526855,FUNO11.MX
2018-04-03,13.572911262512207,FUNO11.MX
2018-04-04,13.781052589416504,FUNO11.MX
2018-04-05,14.202180862426758,FUNO11.MX
2018-04-06,14.20702075958252,FUNO11.MX
2018-04-09,14.129572868347168,FUNO11.MX
2018-04-10,14.473248481750488,FUNO11.MX
2018-04-11,14.492609024047852,FUNO11.MX
2018-04-12,14.473248481750488,FUNO11.MX
2018-04-13,14.429688453674316,FUNO11.MX
2018-04-16,14.744321823120117,FUNO11.MX
2018-04-17,15.291302680969238,FUNO11.MX
2018-04-18,14.918582916259766,FUNO11.MX
2018-04-19,14.637829780578613,FUNO11.MX
2018-04-20,14.92825984954834,FUNO11.MX
2018-04-23,14.802411079406738,FUNO11.MX
2018-04-24,15.010552406311035,FUNO11.MX
2018-04-25,14.986345291137695,FUNO11.MX
2018-04-26,14.724960327148438,FUNO11.MX
2018-04-27,15.015395164489746,FUNO11.MX
2018-04-30,14.991189956665039,FUNO11.MX
2018-05-02,14.884696006774902,FUNO11.MX
2018-05-03,14.192499160766602,FUNO11.MX
2018-05-04,14.129572868347168,FUNO11.MX
2018-05-07,13.85827350616455,FUNO11.MX
2018-05-08,13.88292407989502,FUNO11.MX
2018-05-09,13.85334587097168,FUNO11.MX
2018-05-10,14.114635467529297,FUNO11.MX
2018-05-11,14.144214630126953,FUNO11.MX
2018-05-14,14.45480728149414,FUNO11.MX
2018-05-15,14.395646095275879,FUNO11.MX
2018-05-16,14.34141731262207,FUNO11.MX
2018-05-17,14.10477352142334,FUNO11.MX
2018-05-18,13.606844902038574,FUNO11.MX
2018-05-21,13.601912498474121,FUNO11.MX
2018-05-22,13.611775398254395,FUNO11.MX
2018-05-23,13.784324645996094,FUNO11.MX
2018-05-24,13.804045677185059,FUNO11.MX
2018-05-25,13.799112319946289,FUNO11.MX
2018-05-28,13.710373878479004,FUNO11.MX
2018-05-29,13.360343933105469,FUNO11.MX
2018-05-30,13.444154739379883,FUNO11.MX
2018-05-31,13.572332382202148,FUNO11.MX
2018-06-01,13.804045677185059,FUNO11.MX
2018-06-04,13.863205909729004,FUNO11.MX
2018-06-05,13.784324645996094,FUNO11.MX
2018-06-06,13.77446460723877,FUNO11.MX
2018-06-07,13.641353607177734,FUNO11.MX
2018-06-08,13.77446460723877,FUNO11.MX
2018-06-11,13.77939224243164,FUNO11.MX
2018-06-12,13.808979988098145,FUNO11.MX
2018-06-13,13.646285057067871,FUNO11.MX
2018-06-14,13.641353607177734,FUNO11.MX
2018-06-15,13.626564025878906,FUNO11.MX
2018-06-18,13.626564025878906,FUNO11.MX
2018-06-19,13.685724258422852,FUNO11.MX
2018-06-20,13.725164413452148,FUNO11.MX
2018-06-21,13.296253204345703,FUNO11.MX
2018-06-22,13.232166290283203,FUNO11.MX
2018-06-25,13.523032188415527,FUNO11.MX
2018-06-26,13.77446460723877,FUNO11.MX
2018-06-27,13.582195281982422,FUNO11.MX
2018-06-28,13.739954948425293,FUNO11.MX
2018-06-29,14.21816635131836,FUNO11.MX
2018-07-02,14.01110553741455,FUNO11.MX
2018-07-03,13.656143188476562,FUNO11.MX
2018-07-04,13.764603614807129,FUNO11.MX
2018-07-05,13.942085266113281,FUNO11.MX
2018-07-06,13.88785171508789,FUNO11.MX
2018-07-09,13.966732025146484,FUNO11.MX
2018-07-10,13.749810218811035,FUNO11.MX
2018-07-11,13.394854545593262,FUNO11.MX
2018-07-12,13.281464576721191,FUNO11.MX
2018-07-13,13.138489723205566,FUNO11.MX
2018-07-16,13.246950149536133,FUNO11.MX
2018-07-17,13.360343933105469,FUNO11.MX
2018-07-18,13.523032188415527,FUNO11.MX
2018-07-19,13.646285057067871,FUNO11.MX
2018-07-20,14.070268630981445,FUNO11.MX
2018-07-23,14.114635467529297,FUNO11.MX
2018-07-24,13.71530818939209,FUNO11.MX
2018-07-25,13.572332382202148,FUNO11.MX
2018-07-26,13.22723388671875,FUNO11.MX
2018-07-27,13.320900917053223,FUNO11.MX
2018-07-30,13.394854545593262,FUNO11.MX
2018-07-31,13.232166290283203,FUNO11.MX
2018-08-01,13.1187744140625,FUNO11.MX
2018-08-02,13.005380630493164,FUNO11.MX
2018-08-03,12.980731964111328,FUNO11.MX
2018-08-06,13.020172119140625,FUNO11.MX
2018-08-07,13.125914573669434,FUNO11.MX
2018-08-08,13.176248550415039,FUNO11.MX
2018-08-09,12.949766159057617,FUNO11.MX
2018-08-10,12.748446464538574,FUNO11.MX
2018-08-13,12.693083763122559,FUNO11.MX
2018-08-14,12.587394714355469,FUNO11.MX
2018-08-15,12.476669311523438,FUNO11.MX
2018-08-16,12.683018684387207,FUNO11.MX
2018-08-17,12.642754554748535,FUNO11.MX
2018-08-20,12.768580436706543,FUNO11.MX
2018-08-21,12.88936996459961,FUNO11.MX
2018-08-22,13.32723617553711,FUNO11.MX
2018-08-23,13.22154712677002,FUNO11.MX
2018-08-24,13.24167251586914,FUNO11.MX
2018-08-27,13.397698402404785,FUNO11.MX
2018-08-28,13.31213665008545,FUNO11.MX
2018-08-29,13.030289649963379,FUNO11.MX
2018-08-30,12.537064552307129,FUNO11.MX
2018-08-31,12.61255931854248,FUNO11.MX
2018-09-03,12.642754554748535,FUNO11.MX
2018-09-04,12.471635818481445,FUNO11.MX
2018-09-05,12.209921836853027,FUNO11.MX
2018-09-06,12.305551528930664,FUNO11.MX
2018-09-07,12.30051326751709,FUNO11.MX
2018-09-10,12.330713272094727,FUNO11.MX
2018-09-11,12.285415649414062,FUNO11.MX
2018-09-12,12.350842475891113,FUNO11.MX
2018-09-13,12.255219459533691,FUNO11.MX
2018-09-14,12.421307563781738,FUNO11.MX
2018-09-17,12.406208038330078,FUNO11.MX
2018-09-18,12.411238670349121,FUNO11.MX
2018-09-19,12.396141052246094,FUNO11.MX
2018-09-20,11.938143730163574,FUNO11.MX
2018-09-21,11.978408813476562,FUNO11.MX
2018-09-24,12.230057716369629,FUNO11.MX
2018-09-25,12.330713272094727,FUNO11.MX
2018-09-26,12.36091136932373,FUNO11.MX
2018-09-27,12.40117359161377,FUNO11.MX
2018-09-28,12.38607406616211,FUNO11.MX
2018-10-01,12.768580436706543,FUNO11.MX
2018-10-02,12.55216121673584,FUNO11.MX
2018-10-03,12.426337242126465,FUNO11.MX
2018-10-04,12.426337242126465,FUNO11.MX
2018-10-05,12.310578346252441,FUNO11.MX
2018-10-08,12.225020408630371,FUNO11.MX
2018-10-09,12.36091136932373,FUNO11.MX
2018-10-10,12.214958190917969,FUNO11.MX
2018-10-11,12.406208038330078,FUNO11.MX
2018-10-12,12.506867408752441,FUNO11.MX
2018-10-15,12.491765022277832,FUNO11.MX
2018-10-16,12.854137420654297,FUNO11.MX
2018-10-17,12.884337425231934,FUNO11.MX
2018-10-18,12.642754554748535,FUNO11.MX
2018-10-19,12.557197570800781,FUNO11.MX
2018-10-22,12.139463424682617,FUNO11.MX
2018-10-23,12.290446281433105,FUNO11.MX
2018-10-24,11.933107376098633,FUNO11.MX
2018-10-25,12.074034690856934,FUNO11.MX
2018-10-26,11.938143730163574,FUNO11.MX
2018-10-29,11.07751178741455,FUNO11.MX
2018-10-30,10.951685905456543,FUNO11.MX
2018-10-31,10.986919403076172,FUNO11.MX
2018-11-01,11.1983003616333,FUNO11.MX
2018-11-05,11.414716720581055,FUNO11.MX
2018-11-06,11.626099586486816,FUNO11.MX
2018-11-07,11.85041618347168,FUNO11.MX
2018-11-08,11.391457557678223,FUNO11.MX
2018-11-09,11.412084579467773,FUNO11.MX
2018-11-12,11.525534629821777,FUNO11.MX
2018-11-13,11.453339576721191,FUNO11.MX
2018-11-14,11.520378112792969,FUNO11.MX
2018-11-15,11.66477108001709,FUNO11.MX
2018-11-16,11.293478012084961,FUNO11.MX
2018-11-20,11.143927574157715,FUNO11.MX
2018-11-21,11.128460884094238,FUNO11.MX
2018-11-22,11.015007019042969,FUNO11.MX
2018-11-23,11.004692077636719,FUNO11.MX
2018-11-26,10.736534118652344,FUNO11.MX
2018-11-27,10.633401870727539,FUNO11.MX
2018-11-28,11.324417114257812,FUNO11.MX
2018-11-29,10.798417091369629,FUNO11.MX
2018-11-30,10.623087882995605,FUNO11.MX
2018-12-03,11.14908504486084,FUNO11.MX
2018-12-04,10.654027938842773,FUNO11.MX
2018-12-05,10.798417091369629,FUNO11.MX
2018-12-06,10.932496070861816,FUNO11.MX
2018-12-07,11.123300552368164,FUNO11.MX
2018-12-10,11.278006553649902,FUNO11.MX
2018-12-11,11.210965156555176,FUNO11.MX
2018-12-13,11.314104080200195,FUNO11.MX
2018-12-14,11.44818115234375,FUNO11.MX
2018-12-17,11.128460884094238,FUNO11.MX
2018-12-18,11.412084579467773,FUNO11.MX
2018-12-19,11.499748229980469,FUNO11.MX
2018-12-20,11.257379531860352,FUNO11.MX
2018-12-21,11.298632621765137,FUNO11.MX
2018-12-24,11.314104080200195,FUNO11.MX
2018-12-26,11.381143569946289,FUNO11.MX
2018-12-27,11.164555549621582,FUNO11.MX
2018-12-28,11.262533187866211,FUNO11.MX
2018-12-31,11.262533187866211,FUNO11.MX
2019-01-02,11.690552711486816,FUNO11.MX
2019-01-03,12.020586967468262,FUNO11.MX
2019-01-04,11.767904281616211,FUNO11.MX
2019-01-07,12.175300598144531,FUNO11.MX
2019-01-08,12.345470428466797,FUNO11.MX
2019-01-09,12.345470428466797,FUNO11.MX
2019-01-10,12.448609352111816,FUNO11.MX
2019-01-11,12.216551780700684,FUNO11.MX
2019-01-14,12.680665969848633,FUNO11.MX
2019-01-15,12.350627899169922,FUNO11.MX
2019-01-16,12.41766357421875,FUNO11.MX
2019-01-17,12.340313911437988,FUNO11.MX
2019-01-18,12.556899070739746,FUNO11.MX
2019-01-21,12.629100799560547,FUNO11.MX
2019-01-22,12.201078414916992,FUNO11.MX
2019-01-23,12.7012939453125,FUNO11.MX
2019-01-24,12.80443000793457,FUNO11.MX
2019-01-25,12.923036575317383,FUNO11.MX
2019-01-28,12.995232582092285,FUNO11.MX
2019-01-29,12.928194046020508,FUNO11.MX
2019-01-30,13.088057518005371,FUNO11.MX
2019-01-31,13.53154468536377,FUNO11.MX
2019-02-01,13.438719749450684,FUNO11.MX
2019-02-05,13.6604642868042,FUNO11.MX
2019-02-06,13.83731746673584,FUNO11.MX
2019-02-07,13.953289985656738,FUNO11.MX
2019-02-08,13.716076850891113,FUNO11.MX
2019-02-11,13.92693042755127,FUNO11.MX
2019-02-12,13.858404159545898,FUNO11.MX
2019-02-13,13.642277717590332,FUNO11.MX
2019-02-14,13.547395706176758,FUNO11.MX
2019-02-15,13.805691719055176,FUNO11.MX
2019-02-18,13.484134674072266,FUNO11.MX
2019-02-19,13.784603118896484,FUNO11.MX
2019-02-20,13.937475204467773,FUNO11.MX
2019-02-21,13.974371910095215,FUNO11.MX
2019-02-22,14.185226440429688,FUNO11.MX
2019-02-25,14.195768356323242,FUNO11.MX
2019-02-26,14.000732421875,FUNO11.MX
2019-02-27,13.905844688415527,FUNO11.MX
2019-02-28,14.063986778259277,FUNO11.MX
2019-03-01,14.127242088317871,FUNO11.MX
2019-03-04,14.032358169555664,FUNO11.MX
2019-03-05,13.853133201599121,FUNO11.MX
2019-03-06,14.195768356323242,FUNO11.MX
2019-03-07,14.454071998596191,FUNO11.MX
2019-03-08,14.506780624389648,FUNO11.MX
2019-03-11,14.311739921569824,FUNO11.MX
2019-03-12,14.601663589477539,FUNO11.MX
2019-03-13,14.485694885253906,FUNO11.MX
2019-03-14,14.475153923034668,FUNO11.MX
2019-03-15,14.733448028564453,FUNO11.MX
2019-03-19,14.61220645904541,FUNO11.MX
2019-03-20,14.570034980773926,FUNO11.MX
2019-03-21,14.548949241638184,FUNO11.MX
2019-03-22,14.42243766784668,FUNO11.MX
2019-03-25,14.548949241638184,FUNO11.MX
2019-03-26,14.490970611572266,FUNO11.MX
2019-03-27,14.411892890930176,FUNO11.MX
2019-03-28,14.069257736206055,FUNO11.MX
2019-03-29,14.137788772583008,FUNO11.MX
2019-04-01,14.311739921569824,FUNO11.MX
2019-04-02,14.311739921569824,FUNO11.MX
2019-04-03,14.343371391296387,FUNO11.MX
2019-04-04,14.443523406982422,FUNO11.MX
2019-04-05,14.496236801147461,FUNO11.MX
2019-04-08,14.570034980773926,FUNO11.MX
2019-04-09,14.64383602142334,FUNO11.MX
2019-04-10,14.628022193908691,FUNO11.MX
2019-04-11,14.237942695617676,FUNO11.MX
2019-04-12,14.116703987121582,FUNO11.MX
2019-04-15,13.953289985656738,FUNO11.MX
2019-04-16,14.16940975189209,FUNO11.MX
2019-04-17,14.469883918762207,FUNO11.MX
2019-04-22,14.385539054870605,FUNO11.MX
2019-04-23,14.295929908752441,FUNO11.MX
2019-04-24,14.380268096923828,FUNO11.MX
2019-04-25,14.522592544555664,FUNO11.MX
2019-04-26,14.438249588012695,FUNO11.MX
2019-04-29,14.332826614379883,FUNO11.MX
2019-04-30,14.896862030029297,FUNO11.MX
2019-05-02,14.469883918762207,FUNO11.MX
2019-05-03,14.243213653564453,FUNO11.MX
2019-05-06,14.601663589477539,FUNO11.MX
2019-05-07,13.95047378540039,FUNO11.MX
2019-05-08,14.0097017288208,FUNO11.MX
2019-05-09,14.111997604370117,FUNO11.MX
2019-05-10,13.982781410217285,FUNO11.MX
2019-05-13,13.84817123413086,FUNO11.MX
2019-05-14,13.939702987670898,FUNO11.MX
2019-05-15,13.503582954406738,FUNO11.MX
2019-05-16,13.099769592285156,FUNO11.MX
2019-05-17,13.228987693786621,FUNO11.MX
2019-05-20,13.282832145690918,FUNO11.MX
2019-05-21,13.148228645324707,FUNO11.MX
2019-05-22,13.3851318359375,FUNO11.MX
2019-05-23,13.2612943649292,FUNO11.MX
2019-05-24,12.900554656982422,FUNO11.MX
2019-05-27,12.776714324951172,FUNO11.MX
2019-05-28,13.126693725585938,FUNO11.MX
2019-05-29,13.508968353271484,FUNO11.MX
2019-05-30,13.643569946289062,FUNO11.MX
2019-05-31,13.541274070739746,FUNO11.MX
2019-06-03,13.47127914428711,FUNO11.MX
2019-06-04,13.476661682128906,FUNO11.MX
2019-06-05,13.535894393920898,FUNO11.MX
2019-06-06,13.6112699508667,FUNO11.MX
2019-06-07,13.595117568969727,FUNO11.MX
2019-06-10,13.902016639709473,FUNO11.MX
2019-06-11,13.627420425415039,FUNO11.MX
2019-06-12,13.541274070739746,FUNO11.MX
2019-06-13,13.578964233398438,FUNO11.MX
2019-06-14,13.573579788208008,FUNO11.MX
2019-06-17,13.196683883666992,FUNO11.MX
2019-06-18,13.64896011352539,FUNO11.MX
2019-06-19,13.75125789642334,FUNO11.MX
2019-06-20,13.7620267868042,FUNO11.MX
2019-06-21,13.84817123413086,FUNO11.MX
2019-06-24,13.622039794921875,FUNO11.MX
2019-06-25,13.842788696289062,FUNO11.MX
2019-06-26,13.934321403503418,FUNO11.MX
2019-06-27,13.670494079589844,FUNO11.MX
2019-06-28,13.686649322509766,FUNO11.MX
2019-07-01,13.568193435668945,FUNO11.MX
2019-07-02,13.4605131149292,FUNO11.MX
2019-07-03,13.508968353271484,FUNO11.MX
2019-07-04,13.573579788208008,FUNO11.MX
2019-07-05,13.508968353271484,FUNO11.MX
2019-07-08,13.552044868469238,FUNO11.MX
2019-07-09,13.525117874145508,FUNO11.MX
2019-07-10,13.476661682128906,FUNO11.MX
2019-07-11,13.573579788208008,FUNO11.MX
2019-07-12,13.595117568969727,FUNO11.MX
2019-07-15,13.665111541748047,FUNO11.MX
2019-07-16,13.557430267333984,FUNO11.MX
2019-07-17,13.47127914428711,FUNO11.MX
2019-07-18,13.788945198059082,FUNO11.MX
2019-07-19,13.390518188476562,FUNO11.MX
2019-07-22,13.352826118469238,FUNO11.MX
2019-07-23,13.148228645324707,FUNO11.MX
2019-07-24,13.266677856445312,FUNO11.MX
2019-07-25,13.202070236206055,FUNO11.MX
2019-07-26,13.078230857849121,FUNO11.MX
2019-07-29,13.169764518737793,FUNO11.MX
2019-07-30,12.965164184570312,FUNO11.MX
2019-07-31,13.2612943649292,FUNO11.MX
2019-08-01,13.045926094055176,FUNO11.MX
2019-08-02,12.825173377990723,FUNO11.MX
2019-08-05,12.841328620910645,FUNO11.MX
2019-08-06,13.137456893920898,FUNO11.MX
2019-08-07,13.293896675109863,FUNO11.MX
2019-08-08,13.464898109436035,FUNO11.MX
2019-08-09,13.464898109436035,FUNO11.MX
2019-08-12,13.448348999023438,FUNO11.MX
2019-08-13,13.398697853088379,FUNO11.MX
2019-08-14,13.459378242492676,FUNO11.MX
2019-08-15,13.707605361938477,FUNO11.MX
2019-08-16,14.115802764892578,FUNO11.MX
2019-08-19,13.906188011169434,FUNO11.MX
2019-08-20,13.999961853027344,FUNO11.MX
2019-08-21,14.452288627624512,FUNO11.MX
2019-08-22,14.375059127807617,FUNO11.MX
2019-08-23,14.364027976989746,FUNO11.MX
2019-08-26,14.259223937988281,FUNO11.MX
2019-08-27,14.479866027832031,FUNO11.MX
2019-08-28,14.529512405395508,FUNO11.MX
2019-08-29,15.16386890411377,FUNO11.MX
2019-08-30,15.274188995361328,FUNO11.MX
2019-09-02,15.103190422058105,FUNO11.MX
2019-09-03,15.20799446105957,FUNO11.MX
2019-09-04,15.803738594055176,FUNO11.MX
2019-09-05,15.803738594055176,FUNO11.MX
2019-09-06,15.549996376037598,FUNO11.MX
2019-09-09,15.50035285949707,FUNO11.MX
2019-09-10,15.279706001281738,FUNO11.MX
2019-09-11,15.450706481933594,FUNO11.MX
2019-09-12,15.257644653320312,FUNO11.MX
2019-09-13,15.671355247497559,FUNO11.MX
2019-09-17,15.715481758117676,FUNO11.MX
2019-09-18,15.588607788085938,FUNO11.MX
2019-09-19,15.936128616333008,FUNO11.MX
2019-09-20,16.068513870239258,FUNO11.MX
2019-09-23,16.01886749267578,FUNO11.MX
2019-09-24,15.406576156616211,FUNO11.MX
2019-09-25,15.985772132873535,FUNO11.MX
2019-09-26,16.140220642089844,FUNO11.MX
2019-09-27,15.869930267333984,FUNO11.MX
2019-09-30,15.90854549407959,FUNO11.MX
2019-10-01,16.002321243286133,FUNO11.MX
2019-10-02,15.869930267333984,FUNO11.MX
2019-10-03,16.107126235961914,FUNO11.MX
2019-10-04,16.785612106323242,FUNO11.MX
2019-10-07,16.58702850341797,FUNO11.MX
2019-10-08,16.63115882873535,FUNO11.MX
2019-10-09,16.6752872467041,FUNO11.MX
2019-10-10,17.408939361572266,FUNO11.MX
2019-10-11,17.133127212524414,FUNO11.MX
2019-10-14,17.088998794555664,FUNO11.MX
2019-10-15,17.243450164794922,FUNO11.MX
2019-10-16,17.17173957824707,FUNO11.MX
2019-10-17,17.00074005126953,FUNO11.MX
2019-10-18,16.87938690185547,FUNO11.MX
2019-10-21,17.044870376586914,FUNO11.MX
2019-10-22,17.0559024810791,FUNO11.MX
2019-10-23,16.769062042236328,FUNO11.MX
2019-10-24,16.421545028686523,FUNO11.MX
2019-10-25,16.316743850708008,FUNO11.MX
2019-10-28,16.37190055847168,FUNO11.MX
2019-10-29,16.090578079223633,FUNO11.MX
2019-10-30,15.996800422668457,FUNO11.MX
2019-10-31,16.118162155151367,FUNO11.MX
2019-11-01,16.20641326904297,FUNO11.MX
2019-11-04,16.360870361328125,FUNO11.MX
2019-11-05,16.20641326904297,FUNO11.MX
2019-11-06,16.434358596801758,FUNO11.MX
2019-11-07,16.254255294799805,FUNO11.MX
2019-11-08,16.310537338256836,FUNO11.MX
2019-11-11,16.451248168945312,FUNO11.MX
2019-11-12,16.479389190673828,FUNO11.MX
2019-11-13,16.130435943603516,FUNO11.MX
2019-11-14,16.248628616333008,FUNO11.MX
2019-11-15,16.501893997192383,FUNO11.MX
2019-11-19,16.850849151611328,FUNO11.MX
2019-11-20,17.48120880126953,FUNO11.MX
2019-11-21,17.441808700561523,FUNO11.MX
2019-11-22,17.408042907714844,FUNO11.MX
2019-11-25,16.95215606689453,FUNO11.MX
2019-11-26,16.552553176879883,FUNO11.MX
2019-11-27,16.704513549804688,FUNO11.MX
2019-11-28,16.76642417907715,FUNO11.MX
2019-11-29,16.811450958251953,FUNO11.MX
2019-12-02,16.631343841552734,FUNO11.MX
2019-12-03,16.32179832458496,FUNO11.MX
2019-12-04,16.42310333251953,FUNO11.MX
2019-12-05,16.439987182617188,FUNO11.MX
2019-12-06,16.333053588867188,FUNO11.MX
2019-12-09,16.096664428710938,FUNO11.MX
2019-12-10,16.276771545410156,FUNO11.MX
2019-12-11,16.175464630126953,FUNO11.MX
2019-12-13,16.32179832458496,FUNO11.MX
2019-12-16,16.07415008544922,FUNO11.MX
2019-12-17,16.293657302856445,FUNO11.MX
2019-12-18,16.31616973876953,FUNO11.MX
2019-12-19,16.28240203857422,FUNO11.MX
2019-12-20,16.61446762084961,FUNO11.MX
2019-12-23,16.828330993652344,FUNO11.MX
2019-12-24,16.586320877075195,FUNO11.MX
2019-12-26,16.777679443359375,FUNO11.MX
2019-12-27,16.822702407836914,FUNO11.MX
2019-12-30,16.46250343322754,FUNO11.MX
2019-12-31,16.46250343322754,FUNO11.MX
2020-01-02,16.822702407836914,FUNO11.MX
2020-01-03,17.08723258972168,FUNO11.MX
2020-01-06,17.236379623413086,FUNO11.MX
2020-01-07,16.86210060119629,FUNO11.MX
2020-01-08,17.16602897644043,FUNO11.MX
2020-01-09,17.306732177734375,FUNO11.MX
2020-01-10,17.351755142211914,FUNO11.MX
2020-01-13,17.458696365356445,FUNO11.MX
2020-01-14,17.498090744018555,FUNO11.MX
2020-01-15,17.605026245117188,FUNO11.MX
2020-01-16,17.807640075683594,FUNO11.MX
2020-01-17,18.443628311157227,FUNO11.MX
2020-01-20,18.257896423339844,FUNO11.MX
2020-01-21,18.134082794189453,FUNO11.MX
2020-01-22,18.167842864990234,FUNO11.MX
2020-01-23,18.218502044677734,FUNO11.MX
2020-01-24,18.083423614501953,FUNO11.MX
2020-01-27,17.68382453918457,FUNO11.MX
2020-01-28,17.717586517333984,FUNO11.MX
2020-01-29,17.740100860595703,FUNO11.MX
2020-01-30,17.655681610107422,FUNO11.MX
2020-01-31,17.486835479736328,FUNO11.MX
2020-02-04,17.855484008789062,FUNO11.MX
2020-02-05,17.9033203125,FUNO11.MX
2020-02-06,17.9539794921875,FUNO11.MX
2020-02-07,17.90810203552246,FUNO11.MX
2020-02-10,17.90810203552246,FUNO11.MX
2020-02-11,17.9425106048584,FUNO11.MX
2020-02-12,17.86795997619629,FUNO11.MX
2020-02-13,17.994115829467773,FUNO11.MX
2020-02-14,18.062925338745117,FUNO11.MX
2020-02-17,17.776212692260742,FUNO11.MX
2020-02-18,17.770479202270508,FUNO11.MX
2020-02-19,17.736074447631836,FUNO11.MX
2020-02-20,17.770479202270508,FUNO11.MX
2020-02-21,17.575511932373047,FUNO11.MX
2020-02-24,17.317474365234375,FUNO11.MX
2020-02-25,17.684467315673828,FUNO11.MX
2020-02-26,17.340408325195312,FUNO11.MX
2020-02-27,16.807119369506836,FUNO11.MX
2020-02-28,16.967681884765625,FUNO11.MX
2020-03-02,16.921810150146484,FUNO11.MX
2020-03-03,17.14544105529785,FUNO11.MX
2020-03-04,17.97691535949707,FUNO11.MX
2020-03-05,18.240690231323242,FUNO11.MX
2020-03-06,17.535377502441406,FUNO11.MX
2020-03-09,15.969919204711914,FUNO11.MX
2020-03-10,16.388519287109375,FUNO11.MX
2020-03-11,15.803624153137207,FUNO11.MX
2020-03-12,14.22097110748291,FUNO11.MX
2020-03-13,14.863205909729004,FUNO11.MX
2020-03-17,12.856217384338379,FUNO11.MX
2020-03-18,11.376778602600098,FUNO11.MX
2020-03-19,10.551042556762695,FUNO11.MX
2020-03-20,10.25859546661377,FUNO11.MX
2020-03-23,8.997057914733887,FUNO11.MX
2020-03-24,9.977617263793945,FUNO11.MX
2020-03-25,11.961670875549316,FUNO11.MX
2020-03-26,12.305727005004883,FUNO11.MX
2020-03-27,11.307964324951172,FUNO11.MX
2020-03-30,10.63132095336914,FUNO11.MX
2020-03-31,10.659995079040527,FUNO11.MX
2020-04-01,10.379012107849121,FUNO11.MX
2020-04-02,10.700132369995117,FUNO11.MX
2020-04-03,10.579713821411133,FUNO11.MX
2020-04-06,11.267826080322266,FUNO11.MX
2020-04-07,12.678455352783203,FUNO11.MX
2020-04-08,12.185307502746582,FUNO11.MX
2020-04-13,11.468524932861328,FUNO11.MX
2020-04-14,11.548802375793457,FUNO11.MX
2020-04-15,11.199013710021973,FUNO11.MX
2020-04-16,11.267826080322266,FUNO11.MX
2020-04-17,11.026986122131348,FUNO11.MX
2020-04-20,10.883628845214844,FUNO11.MX
2020-04-21,10.419154167175293,FUNO11.MX
2020-04-22,10.293000221252441,FUNO11.MX
2020-04-23,10.614120483398438,FUNO11.MX
2020-04-24,10.53384017944336,FUNO11.MX
2020-04-27,10.37328052520752,FUNO11.MX
2020-04-28,10.28726863861084,FUNO11.MX
2020-04-29,11.1531400680542,FUNO11.MX
2020-04-30,11.33663558959961,FUNO11.MX
2020-05-04,11.061392784118652,FUNO11.MX
2020-05-05,11.101531982421875,FUNO11.MX
2020-05-06,10.94670581817627,FUNO11.MX
2020-05-07,11.174051284790039,FUNO11.MX
2020-05-08,11.168228149414062,FUNO11.MX
2020-05-11,11.034302711486816,FUNO11.MX
2020-05-12,10.649995803833008,FUNO11.MX
2020-05-13,10.28315544128418,FUNO11.MX
2020-05-14,10.323912620544434,FUNO11.MX
2020-05-15,10.259861946105957,FUNO11.MX
2020-05-18,10.568474769592285,FUNO11.MX
2020-05-19,10.254039764404297,FUNO11.MX
2020-05-20,10.661639213562012,FUNO11.MX
2020-05-21,10.481130599975586,FUNO11.MX
2020-05-22,10.46948528289795,FUNO11.MX
2020-05-25,10.370497703552246,FUNO11.MX
2020-05-26,10.096824645996094,FUNO11.MX
2020-05-27,10.28315544128418,FUNO11.MX
2020-05-28,10.1492280960083,FUNO11.MX
2020-05-29,9.84643840789795,FUNO11.MX
2020-06-01,10.358853340148926,FUNO11.MX
2020-06-02,10.708221435546875,FUNO11.MX
2020-06-03,11.494308471679688,FUNO11.MX
2020-06-04,11.698107719421387,FUNO11.MX
2020-06-05,12.344442367553711,FUNO11.MX
2020-06-08,12.915085792541504,FUNO11.MX
2020-06-09,12.495838165283203,FUNO11.MX
2020-06-10,12.216339111328125,FUNO11.MX
2020-06-11,11.78545093536377,FUNO11.MX
2020-06-12,11.861149787902832,FUNO11.MX
2020-06-15,11.482661247253418,FUNO11.MX
2020-06-16,11.686461448669434,FUNO11.MX
2020-06-17,11.139115333557129,FUNO11.MX
2020-06-18,10.882906913757324,FUNO11.MX
2020-06-19,11.115822792053223,FUNO11.MX
2020-06-22,11.144936561584473,FUNO11.MX
2020-06-23,11.476837158203125,FUNO11.MX
2020-06-24,11.593293190002441,FUNO11.MX
2020-06-25,11.21480941772461,FUNO11.MX
2020-06-26,10.702396392822266,FUNO11.MX
2020-06-29,10.626704216003418,FUNO11.MX
2020-06-30,10.626704216003418,FUNO11.MX
2020-07-01,10.492777824401855,FUNO11.MX
2020-07-02,10.521891593933105,FUNO11.MX
2020-07-03,10.743158340454102,FUNO11.MX
2020-07-06,10.644173622131348,FUNO11.MX
2020-07-07,10.486956596374512,FUNO11.MX
2020-07-08,10.597590446472168,FUNO11.MX
2020-07-09,10.481130599975586,FUNO11.MX
2020-07-10,10.521891593933105,FUNO11.MX
2020-07-13,10.47530746459961,FUNO11.MX
2020-07-14,10.393789291381836,FUNO11.MX
2020-07-15,10.073530197143555,FUNO11.MX
2020-07-16,9.968722343444824,FUNO11.MX
2020-07-17,10.13176155090332,FUNO11.MX
2020-07-20,9.875554084777832,FUNO11.MX
2020-07-21,9.724159240722656,FUNO11.MX
2020-07-22,10.13176155090332,FUNO11.MX
2020-07-23,10.393789291381836,FUNO11.MX
2020-07-24,10.353029251098633,FUNO11.MX
2020-07-27,9.951251983642578,FUNO11.MX
2020-07-28,10.16669750213623,FUNO11.MX
2020-07-29,10.21328067779541,FUNO11.MX
2020-07-30,10.376321792602539,FUNO11.MX
2020-07-31,10.452017784118652,FUNO11.MX
2020-08-03,10.492777824401855,FUNO11.MX
2020-08-04,10.73151683807373,FUNO11.MX
2020-08-05,10.737338066101074,FUNO11.MX
2020-08-06,10.820693016052246,FUNO11.MX
2020-08-07,10.767477035522461,FUNO11.MX
2020-08-10,10.95078182220459,FUNO11.MX
2020-08-11,11.074951171875,FUNO11.MX
2020-08-12,11.187298774719238,FUNO11.MX
2020-08-13,11.181382179260254,FUNO11.MX
2020-08-14,11.24642562866211,FUNO11.MX
2020-08-17,11.199126243591309,FUNO11.MX
2020-08-18,10.944868087768555,FUNO11.MX
2020-08-19,10.619653701782227,FUNO11.MX
2020-08-20,10.264878273010254,FUNO11.MX
2020-08-21,10.353571891784668,FUNO11.MX
2020-08-24,10.383134841918945,FUNO11.MX
2020-08-25,10.424528121948242,FUNO11.MX
2020-08-26,10.424528121948242,FUNO11.MX
2020-08-27,10.365399360656738,FUNO11.MX
2020-08-28,10.276702880859375,FUNO11.MX
2020-08-31,10.09931468963623,FUNO11.MX
2020-09-01,10.288529396057129,FUNO11.MX
2020-09-02,10.111141204833984,FUNO11.MX
2020-09-03,9.839144706726074,FUNO11.MX
2020-09-04,9.726799011230469,FUNO11.MX
2020-09-07,10.004708290100098,FUNO11.MX
2020-09-08,9.738624572753906,FUNO11.MX
2020-09-09,9.809579849243164,FUNO11.MX
2020-09-10,9.655843734741211,FUNO11.MX
2020-09-11,9.649930000305176,FUNO11.MX
2020-09-14,9.856882095336914,FUNO11.MX
2020-09-15,9.821406364440918,FUNO11.MX
2020-09-17,9.691320419311523,FUNO11.MX
2020-09-18,9.679496765136719,FUNO11.MX
2020-09-21,9.608541488647461,FUNO11.MX
2020-09-22,9.720887184143066,FUNO11.MX
2020-09-23,9.525760650634766,FUNO11.MX
2020-09-24,9.963316917419434,FUNO11.MX
2020-09-25,10.176180839538574,FUNO11.MX
2020-09-28,10.170269012451172,FUNO11.MX
2020-09-29,10.229397773742676,FUNO11.MX
2020-09-30,10.341744422912598,FUNO11.MX
2020-10-01,10.176180839538574,FUNO11.MX
2020-10-02,10.288529396057129,FUNO11.MX
2020-10-05,10.235310554504395,FUNO11.MX
2020-10-06,10.152531623840332,FUNO11.MX
2020-10-07,10.057924270629883,FUNO11.MX
2020-10-08,10.09931468963623,FUNO11.MX
2020-10-09,10.09931468963623,FUNO11.MX
2020-10-12,10.134793281555176,FUNO11.MX
2020-10-13,10.140704154968262,FUNO11.MX
2020-10-14,10.010621070861816,FUNO11.MX
2020-10-15,10.063836097717285,FUNO11.MX
2020-10-16,9.975143432617188,FUNO11.MX
2020-10-19,9.975143432617188,FUNO11.MX
2020-10-20,10.312182426452637,FUNO11.MX
2020-10-21,10.341744422912598,FUNO11.MX
2020-10-22,10.460003852844238,FUNO11.MX
2020-10-23,10.235310554504395,FUNO11.MX
2020-10-26,10.081574440002441,FUNO11.MX
2020-10-27,9.969230651855469,FUNO11.MX
2020-10-28,9.608541488647461,FUNO11.MX
2020-10-29,9.537582397460938,FUNO11.MX
2020-10-30,9.502105712890625,FUNO11.MX
2020-11-03,9.50801944732666,FUNO11.MX
2020-11-04,9.46662712097168,FUNO11.MX
2020-11-05,9.573064804077148,FUNO11.MX
2020-11-06,9.784505844116211,FUNO11.MX
2020-11-09,10.45930004119873,FUNO11.MX
2020-11-10,10.45930004119873,FUNO11.MX
2020-11-11,10.838869094848633,FUNO11.MX
2020-11-12,10.609922409057617,FUNO11.MX
2020-11-13,10.742471694946289,FUNO11.MX
2020-11-17,11.357015609741211,FUNO11.MX
2020-11-18,11.730559349060059,FUNO11.MX
2020-11-19,11.748634338378906,FUNO11.MX
2020-11-20,11.4473876953125,FUNO11.MX
2020-11-23,11.097942352294922,FUNO11.MX
2020-11-24,11.86310863494873,FUNO11.MX
2020-11-25,12.188458442687988,FUNO11.MX
2020-11-26,12.049881935119629,FUNO11.MX
2020-11-27,12.00168228149414,FUNO11.MX
2020-11-30,12.110133171081543,FUNO11.MX
2020-12-01,12.441507339477539,FUNO11.MX
2020-12-02,12.140256881713867,FUNO11.MX
2020-12-03,12.236656188964844,FUNO11.MX
2020-12-04,12.411381721496582,FUNO11.MX
2020-12-07,12.278830528259277,FUNO11.MX
2020-12-08,12.321005821228027,FUNO11.MX
2020-12-09,12.441507339477539,FUNO11.MX
2020-12-10,13.38139533996582,FUNO11.MX
2020-12-11,13.513945579528809,FUNO11.MX
2020-12-14,13.592266082763672,FUNO11.MX
2020-12-15,13.429596900939941,FUNO11.MX
2020-12-16,13.453697204589844,FUNO11.MX
2020-12-17,13.736865997314453,FUNO11.MX
2020-12-18,13.128348350524902,FUNO11.MX
2020-12-21,12.851202011108398,FUNO11.MX
2020-12-22,13.188597679138184,FUNO11.MX
2020-12-23,13.495868682861328,FUNO11.MX
2020-12-24,13.489845275878906,FUNO11.MX
2020-12-28,13.465742111206055,FUNO11.MX
2020-12-29,13.79109001159668,FUNO11.MX
2020-12-30,13.79109001159668,FUNO11.MX
2020-12-31,13.556116104125977,FUNO11.MX
2021-01-04,13.682640075683594,FUNO11.MX
2021-01-05,13.652518272399902,FUNO11.MX
2021-01-06,14.104387283325195,FUNO11.MX
2021-01-07,14.09233570098877,FUNO11.MX
2021-01-08,14.242958068847656,FUNO11.MX
2021-01-11,14.21886157989502,FUNO11.MX
2021-01-12,13.899540901184082,FUNO11.MX
2021-01-13,13.525989532470703,FUNO11.MX
2021-01-14,13.21872329711914,FUNO11.MX
2021-01-15,13.622391700744629,FUNO11.MX
2021-01-18,13.562143325805664,FUNO11.MX
2021-01-19,13.411518096923828,FUNO11.MX
2021-01-20,13.387418746948242,FUNO11.MX
2021-01-21,13.303071022033691,FUNO11.MX
2021-01-22,13.242817878723145,FUNO11.MX
2021-01-25,13.29704475402832,FUNO11.MX
2021-01-26,13.65854263305664,FUNO11.MX
2021-01-27,13.532020568847656,FUNO11.MX
2021-01-28,13.736865997314453,FUNO11.MX
2021-01-29,13.79109001159668,FUNO11.MX
2021-02-02,14.351408958435059,FUNO11.MX
2021-02-03,14.393586158752441,FUNO11.MX
2021-02-04,14.459859848022461,FUNO11.MX
2021-02-05,14.717408180236816,FUNO11.MX
2021-02-08,14.351149559020996,FUNO11.MX
2021-02-09,14.595319747924805,FUNO11.MX
2021-02-10,14.564798355102539,FUNO11.MX
2021-02-11,14.595319747924805,FUNO11.MX
2021-02-12,14.595319747924805,FUNO11.MX
2021-02-15,14.619739532470703,FUNO11.MX
2021-02-16,14.772345542907715,FUNO11.MX
2021-02-17,14.735715866088867,FUNO11.MX
2021-02-18,14.650259017944336,FUNO11.MX
2021-02-19,14.638050079345703,FUNO11.MX
2021-02-22,14.534278869628906,FUNO11.MX
2021-02-23,14.467127799987793,FUNO11.MX
2021-02-24,14.491549491882324,FUNO11.MX
2021-02-25,14.375567436218262,FUNO11.MX
2021-02-26,14.442713737487793,FUNO11.MX
2021-03-01,14.711299896240234,FUNO11.MX
2021-03-02,14.729613304138184,FUNO11.MX
2021-03-03,14.876116752624512,FUNO11.MX
2021-03-04,14.94936752319336,FUNO11.MX
2021-03-05,14.845596313476562,FUNO11.MX
2021-03-08,14.94936752319336,FUNO11.MX
2021-03-09,14.741823196411133,FUNO11.MX
2021-03-10,14.650259017944336,FUNO11.MX
2021-03-11,14.577010154724121,FUNO11.MX
2021-03-12,14.644153594970703,FUNO11.MX
2021-03-16,14.876116752624512,FUNO11.MX
2021-03-17,14.961578369140625,FUNO11.MX
2021-03-18,14.900533676147461,FUNO11.MX
2021-03-19,14.570905685424805,FUNO11.MX
2021-03-22,14.473233222961426,FUNO11.MX
2021-03-23,14.45492172241211,FUNO11.MX
2021-03-24,14.442713737487793,FUNO11.MX
2021-03-25,14.375567436218262,FUNO11.MX
2021-03-26,14.412191390991211,FUNO11.MX
2021-03-29,14.570905685424805,FUNO11.MX
2021-03-30,14.845596313476562,FUNO11.MX
2021-03-31,14.583111763000488,FUNO11.MX
2021-04-05,14.485444068908691,FUNO11.MX
2021-04-06,14.729613304138184,FUNO11.MX
2021-04-07,14.82728099822998,FUNO11.MX
2021-04-08,15.407191276550293,FUNO11.MX
2021-04-09,14.735715866088867,FUNO11.MX
2021-04-12,14.674675941467285,FUNO11.MX
2021-04-13,15.083662986755371,FUNO11.MX
2021-04-14,14.888327598571777,FUNO11.MX
2021-04-15,15.224059104919434,FUNO11.MX
2021-04-16,15.254581451416016,FUNO11.MX
2021-04-19,14.912738800048828,FUNO11.MX
2021-04-20,14.94936752319336,FUNO11.MX
2021-04-21,15.120287895202637,FUNO11.MX
2021-04-22,15.236266136169434,FUNO11.MX
2021-04-23,15.254581451416016,FUNO11.MX
2021-04-26,15.21185302734375,FUNO11.MX
2021-04-27,15.163020133972168,FUNO11.MX
2021-04-28,15.132500648498535,FUNO11.MX
2021-04-29,15.456023216247559,FUNO11.MX
2021-04-30,15.266791343688965,FUNO11.MX
2021-05-03,15.205745697021484,FUNO11.MX
2021-05-04,15.022622108459473,FUNO11.MX
2021-05-05,14.821178436279297,FUNO11.MX
2021-05-06,15.061484336853027,FUNO11.MX
2021-05-07,14.937723159790039,FUNO11.MX
2021-05-10,15.191429138183594,FUNO11.MX
2021-05-11,14.981039047241211,FUNO11.MX
2021-05-12,14.66545581817627,FUNO11.MX
2021-05-13,14.424127578735352,FUNO11.MX
2021-05-14,14.820157051086426,FUNO11.MX
2021-05-17,14.628324508666992,FUNO11.MX
2021-05-18,14.646893501281738,FUNO11.MX
2021-05-19,14.281800270080566,FUNO11.MX
2021-05-20,14.727339744567871,FUNO11.MX
2021-05-21,14.448882102966309,FUNO11.MX
2021-05-24,14.287989616394043,FUNO11.MX
2021-05-25,14.195169448852539,FUNO11.MX
2021-05-26,14.009531021118164,FUNO11.MX
2021-05-27,13.805328369140625,FUNO11.MX
2021-05-28,14.411748886108398,FUNO11.MX
2021-05-31,14.622142791748047,FUNO11.MX
2021-06-01,14.257051467895508,FUNO11.MX
2021-06-02,14.294180870056152,FUNO11.MX
2021-06-03,14.467443466186523,FUNO11.MX
2021-06-04,14.139479637145996,FUNO11.MX
2021-06-07,14.572636604309082,FUNO11.MX
2021-06-08,14.554076194763184,FUNO11.MX
2021-06-09,14.53550910949707,FUNO11.MX
2021-06-10,14.430315971374512,FUNO11.MX
2021-06-11,14.436500549316406,FUNO11.MX
2021-06-14,14.318933486938477,FUNO11.MX
2021-06-15,14.201360702514648,FUNO11.MX
2021-06-16,14.120916366577148,FUNO11.MX
2021-06-17,14.380805969238281,FUNO11.MX
2021-06-18,14.30036735534668,FUNO11.MX
2021-06-21,14.281800270080566,FUNO11.MX
2021-06-22,14.182792663574219,FUNO11.MX
2021-06-23,13.953840255737305,FUNO11.MX
2021-06-24,13.755824089050293,FUNO11.MX
2021-06-25,13.489744186401367,FUNO11.MX
2021-06-28,13.588749885559082,FUNO11.MX
2021-06-29,13.594940185546875,FUNO11.MX
2021-06-30,13.322669982910156,FUNO11.MX
2021-07-01,13.124654769897461,FUNO11.MX
2021-07-02,13.260788917541504,FUNO11.MX
2021-07-05,13.260788917541504,FUNO11.MX
2021-07-06,13.087528228759766,FUNO11.MX
2021-07-07,13.155594825744629,FUNO11.MX
2021-07-08,13.242223739624023,FUNO11.MX
2021-07-09,13.353609085083008,FUNO11.MX
2021-07-12,13.396925926208496,FUNO11.MX
2021-07-13,13.279350280761719,FUNO11.MX
2021-07-14,13.31029224395752,FUNO11.MX
2021-07-15,13.483559608459473,FUNO11.MX
2021-07-16,13.718696594238281,FUNO11.MX
2021-07-19,13.217474937438965,FUNO11.MX
2021-07-20,13.242223739624023,FUNO11.MX
2021-07-21,13.39073371887207,FUNO11.MX
2021-07-22,13.39073371887207,FUNO11.MX
2021-07-23,13.32886028289795,FUNO11.MX
2021-07-26,13.477365493774414,FUNO11.MX
2021-07-27,13.266982078552246,FUNO11.MX
2021-07-28,13.192719459533691,FUNO11.MX
2021-07-29,13.316481590270996,FUNO11.MX
2021-07-30,13.427865028381348,FUNO11.MX
2021-08-02,13.143218040466309,FUNO11.MX
2021-08-03,13.198911666870117,FUNO11.MX
2021-08-04,13.266982078552246,FUNO11.MX
2021-08-05,13.3807954788208,FUNO11.MX
2021-08-06,13.299092292785645,FUNO11.MX
2021-08-09,13.607059478759766,FUNO11.MX
2021-08-10,13.701333045959473,FUNO11.MX
2021-08-11,13.644767761230469,FUNO11.MX
2021-08-12,13.625914573669434,FUNO11.MX
2021-08-13,13.500213623046875,FUNO11.MX
2021-08-16,13.569353103637695,FUNO11.MX
2021-08-17,13.399652481079102,FUNO11.MX
2021-08-18,13.424792289733887,FUNO11.MX
2021-08-19,13.336801528930664,FUNO11.MX
2021-08-20,13.324234962463379,FUNO11.MX
2021-08-23,13.443646430969238,FUNO11.MX
2021-08-24,13.343088150024414,FUNO11.MX
2021-08-25,13.48136043548584,FUNO11.MX
2021-08-26,13.57563591003418,FUNO11.MX
2021-08-27,13.739046096801758,FUNO11.MX
2021-08-30,13.946452140808105,FUNO11.MX
2021-08-31,14.361260414123535,FUNO11.MX
2021-09-01,13.896170616149902,FUNO11.MX
2021-09-02,13.87731647491455,FUNO11.MX
2021-09-03,14.009298324584961,FUNO11.MX
2021-09-06,13.959016799926758,FUNO11.MX
2021-09-07,13.71390438079834,FUNO11.MX
2021-09-08,13.701333045959473,FUNO11.MX
2021-09-09,13.525354385375977,FUNO11.MX
2021-09-10,13.581921577453613,FUNO11.MX
2021-09-13,13.833318710327148,FUNO11.MX
2021-09-14,13.827035903930664,FUNO11.MX
2021-09-15,14.122430801391602,FUNO11.MX
2021-09-17,14.644084930419922,FUNO11.MX
2021-09-20,14.266987800598145,FUNO11.MX
2021-09-21,14.499531745910645,FUNO11.MX
2021-09-22,14.706936836242676,FUNO11.MX
2021-09-23,14.86406421661377,FUNO11.MX
2021-09-24,14.072150230407715,FUNO11.MX
2021-09-27,14.14128589630127,FUNO11.MX
2021-09-28,13.896170616149902,FUNO11.MX
2021-09-29,14.21042251586914,FUNO11.MX
2021-09-30,14.706936836242676,FUNO11.MX
2021-10-01,14.424114227294922,FUNO11.MX
2021-10-04,14.166428565979004,FUNO11.MX
2021-10-05,14.015583038330078,FUNO11.MX
2021-10-06,13.757899284362793,FUNO11.MX
2021-10-07,13.638484954833984,FUNO11.MX
2021-10-08,13.550493240356445,FUNO11.MX
2021-10-11,13.19853401184082,FUNO11.MX
2021-10-12,13.129399299621582,FUNO11.MX
2021-10-13,13.129399299621582,FUNO11.MX
2021-10-14,13.242525100708008,FUNO11.MX
2021-10-15,13.355659484863281,FUNO11.MX
2021-10-18,13.468792915344238,FUNO11.MX
2021-10-19,13.349371910095215,FUNO11.MX
2021-10-20,13.349371910095215,FUNO11.MX
2021-10-21,13.349371910095215,FUNO11.MX
2021-10-22,13.116828918457031,FUNO11.MX
2021-10-25,13.060262680053711,FUNO11.MX
2021-10-26,12.802577018737793,FUNO11.MX
2021-10-27,12.683161735534668,FUNO11.MX
2021-10-28,12.991127967834473,FUNO11.MX
2021-10-29,12.85914134979248,FUNO11.MX
2021-11-01,13.003701210021973,FUNO11.MX
2021-11-03,13.167106628417969,FUNO11.MX
2021-11-04,13.192248344421387,FUNO11.MX
2021-11-05,13.49934196472168,FUNO11.MX
2021-11-08,13.403374671936035,FUNO11.MX
2021-11-09,13.384181022644043,FUNO11.MX
2021-11-10,13.384181022644043,FUNO11.MX
2021-11-11,13.384181022644043,FUNO11.MX
2021-11-12,13.384181022644043,FUNO11.MX
2021-11-16,13.384181022644043,FUNO11.MX
2021-11-17,13.384181022644043,FUNO11.MX
2021-11-18,12.859561920166016,FUNO11.MX
2021-11-19,12.738006591796875,FUNO11.MX
2021-11-22,12.328546524047852,FUNO11.MX
2021-11-23,12.392523765563965,FUNO11.MX
2021-11-24,12.3605375289917,FUNO11.MX
2021-11-25,12.334945678710938,FUNO11.MX
2021-11-26,12.328546524047852,FUNO11.MX
2021-11-29,12.392523765563965,FUNO11.MX
2021-11-30,12.603652954101562,FUNO11.MX
2021-12-01,12.795583724975586,FUNO11.MX
2021-12-02,13.089881896972656,FUNO11.MX
2021-12-03,12.77639389038086,FUNO11.MX
2021-12-06,12.859561920166016,FUNO11.MX
2021-12-07,13.00671100616455,FUNO11.MX
2021-12-08,13.000313758850098,FUNO11.MX
2021-12-09,12.936333656311035,FUNO11.MX
2021-12-10,13.198646545410156,FUNO11.MX
2021-12-13,12.84036922454834,FUNO11.MX
2021-12-14,13.339397430419922,FUNO11.MX
2021-12-15,13.281817436218262,FUNO11.MX
2021-12-16,13.275418281555176,FUNO11.MX
2021-12-17,13.32020378112793,FUNO11.MX
2021-12-20,12.801983833312988,FUNO11.MX
2021-12-21,13.237034797668457,FUNO11.MX
2021-12-22,13.301008224487305,FUNO11.MX
2021-12-23,13.512139320373535,FUNO11.MX
2021-12-24,13.67847728729248,FUNO11.MX
2021-12-27,13.608105659484863,FUNO11.MX
2021-12-28,13.742456436157227,FUNO11.MX
2021-12-29,13.697671890258789,FUNO11.MX
2021-12-30,13.774445533752441,FUNO11.MX
2021-12-31,13.844819068908691,FUNO11.MX
2022-01-03,13.691275596618652,FUNO11.MX
2022-01-04,13.556922912597656,FUNO11.MX
2022-01-05,13.396977424621582,FUNO11.MX
2022-01-06,13.352191925048828,FUNO11.MX
2022-01-07,13.12187385559082,FUNO11.MX
2022-01-10,12.872359275817871,FUNO11.MX
2022-01-11,12.853165626525879,FUNO11.MX
2022-01-12,13.288214683532715,FUNO11.MX
2022-01-13,13.601707458496094,FUNO11.MX
2022-01-14,13.761651039123535,FUNO11.MX
2022-01-17,13.755253791809082,FUNO11.MX
2022-01-18,13.774445533752441,FUNO11.MX
2022-01-19,13.876814842224121,FUNO11.MX
2022-01-20,14.203103065490723,FUNO11.MX
2022-01-21,14.395034790039062,FUNO11.MX
2022-01-24,13.934392929077148,FUNO11.MX
2022-01-25,13.640095710754395,FUNO11.MX
2022-01-26,13.390579223632812,FUNO11.MX
2022-01-27,13.403374671936035,FUNO11.MX
2022-01-28,13.17305850982666,FUNO11.MX
2022-01-31,13.563322067260742,FUNO11.MX
2022-02-01,14.023962020874023,FUNO11.MX
2022-02-02,13.927994728088379,FUNO11.MX
2022-02-03,13.66568660736084,FUNO11.MX
2022-02-04,14.130204200744629,FUNO11.MX
2022-02-08,13.713834762573242,FUNO11.MX
2022-02-09,14.269001960754395,FUNO11.MX
2022-02-10,14.92990493774414,FUNO11.MX
2022-02-11,14.923295974731445,FUNO11.MX
2022-02-14,14.744850158691406,FUNO11.MX
2022-02-15,14.88364028930664,FUNO11.MX
2022-02-16,15.25374984741211,FUNO11.MX
2022-02-17,14.969560623168945,FUNO11.MX
2022-02-18,14.92990493774414,FUNO11.MX
2022-02-21,14.758072853088379,FUNO11.MX
2022-02-22,14.982775688171387,FUNO11.MX
2022-02-23,14.77129077911377,FUNO11.MX
2022-02-24,14.407787322998047,FUNO11.MX
2022-02-25,14.863814353942871,FUNO11.MX
2022-02-28,15.25374984741211,FUNO11.MX
2022-03-01,15.101741790771484,FUNO11.MX
2022-03-02,15.689947128295898,FUNO11.MX
2022-03-03,15.379326820373535,FUNO11.MX
2022-03-04,15.088526725769043,FUNO11.MX
2022-03-07,14.731633186340332,FUNO11.MX
2022-03-08,14.698586463928223,FUNO11.MX
2022-03-09,14.54658317565918,FUNO11.MX
2022-03-10,14.394571304321289,FUNO11.MX
2022-03-11,13.998027801513672,FUNO11.MX
2022-03-14,13.991418838500977,FUNO11.MX
2022-03-15,14.249168395996094,FUNO11.MX
2022-03-16,14.69197940826416,FUNO11.MX
2022-03-17,14.77129077911377,FUNO11.MX
2022-03-18,15.326451301574707,FUNO11.MX
2022-03-22,15.015822410583496,FUNO11.MX
2022-03-23,14.791111946105957,FUNO11.MX
2022-03-24,15.161222457885742,FUNO11.MX
2022-03-25,15.174442291259766,FUNO11.MX
2022-03-28,15.300015449523926,FUNO11.MX
2022-03-29,15.346281051635742,FUNO11.MX
2022-03-30,15.326451301574707,FUNO11.MX
2022-03-31,15.399148941040039,FUNO11.MX
2022-04-01,15.319843292236328,FUNO11.MX
2022-04-04,15.286797523498535,FUNO11.MX
2022-04-05,15.339667320251465,FUNO11.MX
2022-04-06,14.843989372253418,FUNO11.MX
2022-04-07,14.843989372253418,FUNO11.MX
2022-04-08,14.857208251953125,FUNO11.MX
2022-04-11,14.711809158325195,FUNO11.MX
2022-04-12,14.658935546875,FUNO11.MX
2022-04-13,15.187658309936523,FUNO11.MX
2022-04-18,15.266966819763184,FUNO11.MX
2022-04-19,15.465243339538574,FUNO11.MX
2022-04-20,15.861786842346191,FUNO11.MX
2022-04-21,15.881612777709961,FUNO11.MX
2022-04-22,15.630468368530273,FUNO11.MX
2022-04-25,15.432197570800781,FUNO11.MX
2022-04-26,14.923295974731445,FUNO11.MX
2022-04-27,14.92990493774414,FUNO11.MX
2022-04-28,15.214097023010254,FUNO11.MX
2022-04-29,14.791111946105957,FUNO11.MX
2022-05-02,14.698586463928223,FUNO11.MX
2022-05-03,14.777896881103516,FUNO11.MX
2022-05-04,15.022431373596191,FUNO11.MX
2022-05-05,14.937861442565918,FUNO11.MX
2022-05-06,15.093326568603516,FUNO11.MX
2022-05-09,15.13387680053711,FUNO11.MX
2022-05-10,15.255545616149902,FUNO11.MX
2022-05-11,14.917585372924805,FUNO11.MX
2022-05-12,14.83647346496582,FUNO11.MX
2022-05-13,15.275826454162598,FUNO11.MX
2022-05-16,13.957773208618164,FUNO11.MX
2022-05-17,14.153792381286621,FUNO11.MX
2022-05-18,13.903702735900879,FUNO11.MX
2022-05-19,14.444439888000488,FUNO11.MX
2022-05-20,13.815831184387207,FUNO11.MX
2022-05-23,13.74147891998291,FUNO11.MX
2022-05-24,13.660370826721191,FUNO11.MX
2022-05-25,13.998329162597656,FUNO11.MX
2022-05-26,13.964536666870117,FUNO11.MX
2022-05-27,14.207865715026855,FUNO11.MX
2022-05-30,13.957773208618164,FUNO11.MX
2022-05-31,14.045646667480469,FUNO11.MX
2022-06-01,13.822593688964844,FUNO11.MX
2022-06-02,13.57925796508789,FUNO11.MX
2022-06-03,13.761760711669922,FUNO11.MX
2022-06-06,13.640091896057129,FUNO11.MX
2022-06-07,13.86314582824707,FUNO11.MX
2022-06-08,13.69416618347168,FUNO11.MX
2022-06-09,13.876667022705078,FUNO11.MX
2022-06-10,13.775277137756348,FUNO11.MX
2022-06-13,13.193984985351562,FUNO11.MX
2022-06-14,13.166946411132812,FUNO11.MX
2022-06-15,12.788431167602539,FUNO11.MX
2022-06-16,12.781672477722168,FUNO11.MX
2022-06-17,12.693801879882812,FUNO11.MX
2022-06-20,12.592412948608398,FUNO11.MX
2022-06-21,12.599174499511719,FUNO11.MX
2022-06-22,12.565377235412598,FUNO11.MX
2022-06-23,12.964171409606934,FUNO11.MX
2022-06-24,13.288613319396973,FUNO11.MX
2022-06-27,13.518425941467285,FUNO11.MX
2022-06-28,13.586020469665527,FUNO11.MX
2022-06-29,13.477869987487793,FUNO11.MX
2022-06-30,13.538705825805664,FUNO11.MX
2022-07-01,13.65361213684082,FUNO11.MX
2022-07-04,13.937499046325684,FUNO11.MX
2022-07-05,13.991571426391602,FUNO11.MX
2022-07-06,14.363327980041504,FUNO11.MX
2022-07-07,14.255182266235352,FUNO11.MX
2022-07-08,14.133516311645508,FUNO11.MX
2022-07-11,14.119997024536133,FUNO11.MX
2022-07-12,13.842869758605957,FUNO11.MX
2022-07-13,13.646851539611816,FUNO11.MX
2022-07-14,14.065924644470215,FUNO11.MX
2022-07-15,13.592779159545898,FUNO11.MX
2022-07-18,13.815831184387207,FUNO11.MX
2022-07-19,13.727960586547852,FUNO11.MX
2022-07-20,13.700926780700684,FUNO11.MX
2022-07-21,13.944255828857422,FUNO11.MX
2022-07-22,13.707683563232422,FUNO11.MX
2022-07-25,13.802312850952148,FUNO11.MX
2022-07-26,13.700926780700684,FUNO11.MX
2022-07-27,14.032127380371094,FUNO11.MX
2022-07-28,14.01860523223877,FUNO11.MX
2022-07-29,14.065924644470215,FUNO11.MX
2022-08-01,14.214629173278809,FUNO11.MX
2022-08-02,14.288975715637207,FUNO11.MX
2022-08-03,14.505274772644043,FUNO11.MX
2022-08-04,14.376849174499512,FUNO11.MX
2022-08-05,14.490241050720215,FUNO11.MX
2022-08-08,14.497170448303223,FUNO11.MX
2022-08-09,14.566466331481934,FUNO11.MX
2022-08-10,14.85752010345459,FUNO11.MX
2022-08-11,14.698132514953613,FUNO11.MX
2022-08-12,14.642694473266602,FUNO11.MX
2022-08-15,14.753575325012207,FUNO11.MX
2022-08-16,14.746644973754883,FUNO11.MX
2022-08-17,14.718926429748535,FUNO11.MX
2022-08-18,14.705062866210938,FUNO11.MX
2022-08-19,14.552607536315918,FUNO11.MX
2022-08-22,14.608041763305664,FUNO11.MX
2022-08-23,14.178398132324219,FUNO11.MX
2022-08-24,14.012079238891602,FUNO11.MX
2022-08-25,14.261557579040527,FUNO11.MX
2022-08-26,14.310060501098633,FUNO11.MX
2022-08-29,14.012079238891602,FUNO11.MX
2022-08-30,14.116032600402832,FUNO11.MX
2022-08-31,14.614974975585938,FUNO11.MX
2022-09-01,14.039804458618164,FUNO11.MX
2022-09-02,14.178398132324219,FUNO11.MX
2022-09-05,14.323925018310547,FUNO11.MX
2022-09-06,14.074448585510254,FUNO11.MX
2022-09-07,14.47637939453125,FUNO11.MX
2022-09-08,14.54567813873291,FUNO11.MX
2022-09-09,14.677349090576172,FUNO11.MX
2022-09-12,14.892171859741211,FUNO11.MX
2022-09-13,15.037694931030273,FUNO11.MX
2022-09-14,15.113924026489258,FUNO11.MX
2022-09-15,15.25944709777832,FUNO11.MX
2022-09-19,14.906028747558594,FUNO11.MX
2022-09-20,15.169361114501953,FUNO11.MX
2022-09-21,15.640589714050293,FUNO11.MX
2022-09-22,15.599011421203613,FUNO11.MX
2022-09-23,15.210942268371582,FUNO11.MX
2022-09-26,14.469447135925293,FUNO11.MX
2022-09-27,14.628837585449219,FUNO11.MX
2022-09-28,14.407084465026855,FUNO11.MX
2022-09-29,14.372431755065918,FUNO11.MX
2022-09-30,14.358573913574219,FUNO11.MX
2022-10-03,14.552607536315918,FUNO11.MX
2022-10-04,14.483312606811523,FUNO11.MX
2022-10-05,14.21304702758789,FUNO11.MX
2022-10-06,14.469447135925293,FUNO11.MX
2022-10-07,14.829800605773926,FUNO11.MX
2022-10-10,14.47637939453125,FUNO11.MX
2022-10-11,14.732783317565918,FUNO11.MX
2022-10-12,15.141644477844238,FUNO11.MX
2022-10-13,15.003046989440918,FUNO11.MX
2022-10-14,14.795150756835938,FUNO11.MX
2022-10-17,15.065413475036621,FUNO11.MX
2022-10-18,15.280238151550293,FUNO11.MX
2022-10-19,15.294100761413574,FUNO11.MX
2022-10-20,15.169361114501953,FUNO11.MX
2022-10-21,15.488134384155273,FUNO11.MX
2022-10-24,15.307957649230957,FUNO11.MX
2022-10-25,15.418830871582031,FUNO11.MX
2022-10-26,15.363395690917969,FUNO11.MX
2022-10-27,15.647518157958984,FUNO11.MX
2022-10-28,15.869272232055664,FUNO11.MX
2022-10-31,16.02865982055664,FUNO11.MX
2022-11-01,16.181116104125977,FUNO11.MX
2022-11-03,16.548391342163086,FUNO11.MX
2022-11-04,16.631555557250977,FUNO11.MX
2022-11-07,16.940919876098633,FUNO11.MX
2022-11-08,16.73509979248047,FUNO11.MX
2022-11-09,16.31636619567871,FUNO11.MX
2022-11-10,16.96220588684082,FUNO11.MX
2022-11-11,17.217708587646484,FUNO11.MX
2022-11-14,17.033185958862305,FUNO11.MX
2022-11-15,17.139638900756836,FUNO11.MX
2022-11-16,16.848655700683594,FUNO11.MX
2022-11-17,16.671228408813477,FUNO11.MX
2022-11-18,16.67832374572754,FUNO11.MX
2022-11-22,16.415729522705078,FUNO11.MX
2022-11-23,16.685422897338867,FUNO11.MX
2022-11-24,16.728004455566406,FUNO11.MX
2022-11-25,16.70671272277832,FUNO11.MX
2022-11-28,16.926721572875977,FUNO11.MX
2022-11-29,17.02608299255371,FUNO11.MX
2022-11-30,16.940919876098633,FUNO11.MX
2022-12-01,17.239002227783203,FUNO11.MX
2022-12-02,16.990598678588867,FUNO11.MX
2022-12-05,16.57896614074707,FUNO11.MX
2022-12-06,16.451215744018555,FUNO11.MX
2022-12-07,16.955110549926758,FUNO11.MX
2022-12-08,17.132543563842773,FUNO11.MX
2022-12-09,17.02608299255371,FUNO11.MX
2022-12-13,17.409334182739258,FUNO11.MX
2022-12-14,17.168027877807617,FUNO11.MX
2022-12-15,16.98349952697754,FUNO11.MX
2022-12-16,16.59315299987793,FUNO11.MX
2022-12-19,16.940919876098633,FUNO11.MX
2022-12-20,17.16092872619629,FUNO11.MX
2022-12-21,17.033185958862305,FUNO11.MX
2022-12-22,17.033185958862305,FUNO11.MX
2022-12-23,17.02608299255371,FUNO11.MX
2022-12-26,16.96220588684082,FUNO11.MX
2022-12-27,16.955110549926758,FUNO11.MX
2022-12-28,16.628644943237305,FUNO11.MX
2022-12-29,16.71380615234375,FUNO11.MX
2022-12-30,16.32346534729004,FUNO11.MX
2023-01-02,16.877044677734375,FUNO11.MX
2023-01-03,16.891237258911133,FUNO11.MX
2023-01-04,16.891237258911133,FUNO11.MX
2023-01-05,16.969308853149414,FUNO11.MX
2023-01-06,17.153831481933594,FUNO11.MX
2023-01-09,17.38804054260254,FUNO11.MX
2023-01-10,17.281583786010742,FUNO11.MX
2023-01-11,17.7499942779541,FUNO11.MX
2023-01-12,18.069366455078125,FUNO11.MX
2023-01-13,18.296478271484375,FUNO11.MX
2023-01-16,18.488100051879883,FUNO11.MX
2023-01-17,18.28228187561035,FUNO11.MX
2023-01-18,17.70741081237793,FUNO11.MX
2023-01-19,17.650634765625,FUNO11.MX
2023-01-20,17.7499942779541,FUNO11.MX
2023-01-23,17.78548240661621,FUNO11.MX
2023-01-24,17.934520721435547,FUNO11.MX
2023-01-25,18.239700317382812,FUNO11.MX
2023-01-26,18.296478271484375,FUNO11.MX
2023-01-27,18.324861526489258,FUNO11.MX
2023-01-30,18.331958770751953,FUNO11.MX
2023-01-31,18.083559036254883,FUNO11.MX
2023-02-01,18.871349334716797,FUNO11.MX
2023-02-02,18.246795654296875,FUNO11.MX
2023-02-03,18.381641387939453,FUNO11.MX
2023-02-07,17.934520721435547,FUNO11.MX
2023-02-08,18.45914077758789,FUNO11.MX
2023-02-09,18.274768829345703,FUNO11.MX
2023-02-10,18.370635986328125,FUNO11.MX
2023-02-13,18.97537612915039,FUNO11.MX
2023-02-14,19.388362884521484,FUNO11.MX
2023-02-15,18.96062469482422,FUNO11.MX
2023-02-16,18.857379913330078,FUNO11.MX
2023-02-17,18.99012565612793,FUNO11.MX
2023-02-20,18.96799659729004,FUNO11.MX
2023-02-21,19.085996627807617,FUNO11.MX
2023-02-22,19.270366668701172,FUNO11.MX
2023-02-23,19.30723762512207,FUNO11.MX
2023-02-24,19.21874237060547,FUNO11.MX
2023-02-27,19.602235794067383,FUNO11.MX
2023-02-28,19.248245239257812,FUNO11.MX
2023-03-01,19.33673858642578,FUNO11.MX
2023-03-02,19.233489990234375,FUNO11.MX
2023-03-03,19.248245239257812,FUNO11.MX
2023-03-06,19.248245239257812,FUNO11.MX
2023-03-07,18.709884643554688,FUNO11.MX
2023-03-08,18.798381805419922,FUNO11.MX
2023-03-09,19.255619049072266,FUNO11.MX
2023-03-10,18.886877059936523,FUNO11.MX
2023-03-13,18.623777389526367,FUNO11.MX
2023-03-14,18.482799530029297,FUNO11.MX
2023-03-15,18.178586959838867,FUNO11.MX
2023-03-16,18.156333923339844,FUNO11.MX
2023-03-17,17.44402503967285,FUNO11.MX
2023-03-21,17.518224716186523,FUNO11.MX
2023-03-22,17.68887710571289,FUNO11.MX
2023-03-23,18.03019142150879,FUNO11.MX
2023-03-24,18.33440399169922,FUNO11.MX
2023-03-27,18.460542678833008,FUNO11.MX
2023-03-28,18.54216194152832,FUNO11.MX
2023-03-29,18.534738540649414,FUNO11.MX
2023-03-30,18.453126907348633,FUNO11.MX
2023-03-31,18.720237731933594,FUNO11.MX
2023-04-03,18.564420700073242,FUNO11.MX
2023-04-04,18.764759063720703,FUNO11.MX
2023-04-05,18.794435501098633,FUNO11.MX
2023-04-10,18.764759063720703,FUNO11.MX
2023-04-11,18.527318954467773,FUNO11.MX
2023-04-12,18.653459548950195,FUNO11.MX
2023-04-13,18.58667755126953,FUNO11.MX
2023-04-14,18.51247787475586,FUNO11.MX
2023-04-17,18.41602325439453,FUNO11.MX
2023-04-18,18.564420700073242,FUNO11.MX
2023-04-19,18.51247787475586,FUNO11.MX
2023-04-20,18.549579620361328,FUNO11.MX
2023-04-21,18.41602325439453,FUNO11.MX
2023-04-24,18.371503829956055,FUNO11.MX
2023-04-25,18.26020622253418,FUNO11.MX
2023-04-26,18.09697151184082,FUNO11.MX
2023-04-27,18.304725646972656,FUNO11.MX
2023-04-28,18.408605575561523,FUNO11.MX
2023-05-02,18.408605575561523,FUNO11.MX
2023-05-03,18.141489028930664,FUNO11.MX
2023-05-04,18.215688705444336,FUNO11.MX
2023-05-05,18.614622116088867,FUNO11.MX
2023-05-08,18.24519157409668,FUNO11.MX
2023-05-09,18.350744247436523,FUNO11.MX
2023-05-10,18.365819931030273,FUNO11.MX
2023-05-11,18.215036392211914,FUNO11.MX
2023-05-12,17.860685348510742,FUNO11.MX
2023-05-15,18.15471839904785,FUNO11.MX
2023-05-16,17.853145599365234,FUNO11.MX
2023-05-17,17.800371170043945,FUNO11.MX
2023-05-18,17.91345977783203,FUNO11.MX
2023-05-19,17.717437744140625,FUNO11.MX
2023-05-22,17.78529167175293,FUNO11.MX
2023-05-23,17.78529167175293,FUNO11.MX
2023-05-24,18.064245223999023,FUNO11.MX
2023-05-25,17.981311798095703,FUNO11.MX
2023-05-26,18.70509147644043,FUNO11.MX
2023-05-29,18.622156143188477,FUNO11.MX
2023-05-30,18.878498077392578,FUNO11.MX
2023-05-31,19.45148277282715,FUNO11.MX
2023-06-01,18.539230346679688,FUNO11.MX
2023-06-02,18.720169067382812,FUNO11.MX
2023-06-05,18.79556655883789,FUNO11.MX
2023-06-06,18.999126434326172,FUNO11.MX
2023-06-07,18.79556655883789,FUNO11.MX
2023-06-08,19.25546646118164,FUNO11.MX
2023-06-09,19.368555068969727,FUNO11.MX
2023-06-12,19.300695419311523,FUNO11.MX
2023-06-13,19.383630752563477,FUNO11.MX
2023-06-14,19.655048370361328,FUNO11.MX
2023-06-15,19.549497604370117,FUNO11.MX
2023-06-16,19.3760929107666,FUNO11.MX
2023-06-19,19.225305557250977,FUNO11.MX
2023-06-20,19.240381240844727,FUNO11.MX
2023-06-21,19.21022605895996,FUNO11.MX
2023-06-22,18.7427921295166,FUNO11.MX
2023-06-23,18.222576141357422,FUNO11.MX
2023-06-26,18.365819931030273,FUNO11.MX
2023-06-27,18.3582763671875,FUNO11.MX
2023-06-28,18.44875717163086,FUNO11.MX
2023-06-29,18.94635009765625,FUNO11.MX
2023-06-30,18.84079933166504,FUNO11.MX
2023-07-03,18.848337173461914,FUNO11.MX
2023-07-04,18.848337173461914,FUNO11.MX
2023-07-05,18.82571792602539,FUNO11.MX
2023-07-06,18.765409469604492,FUNO11.MX
2023-07-07,18.82571792602539,FUNO11.MX
2023-07-10,18.84079933166504,FUNO11.MX
2023-07-11,18.916194915771484,FUNO11.MX
2023-07-12,18.79556655883789,FUNO11.MX
2023-07-13,18.848337173461914,FUNO11.MX
2023-07-14,18.84079933166504,FUNO11.MX
2023-07-17,18.697553634643555,FUNO11.MX
2023-07-18,18.938810348510742,FUNO11.MX
2023-07-19,18.810638427734375,FUNO11.MX
2023-07-20,18.810638427734375,FUNO11.MX
2023-07-21,18.848337173461914,FUNO11.MX
2023-07-24,18.855878829956055,FUNO11.MX
2023-07-25,18.886032104492188,FUNO11.MX
2023-07-26,18.886032104492188,FUNO11.MX
2023-07-27,18.66739273071289,FUNO11.MX
2023-07-28,18.848337173461914,FUNO11.MX
2023-07-31,18.976505279541016,FUNO11.MX
2023-08-01,19.07451820373535,FUNO11.MX
2023-08-02,19.006664276123047,FUNO11.MX
2023-08-03,19.051898956298828,FUNO11.MX
2023-08-04,19.21022605895996,FUNO11.MX
2023-08-07,19.496593475341797,FUNO11.MX
2023-08-08,19.51201629638672,FUNO11.MX
2023-08-09,19.951614379882812,FUNO11.MX
2023-08-10,19.789655685424805,FUNO11.MX
2023-08-11,19.859066009521484,FUNO11.MX
2023-08-14,19.967042922973633,FUNO11.MX
2023-08-15,19.805082321166992,FUNO11.MX
2023-08-16,19.7973690032959,FUNO11.MX
2023-08-17,19.72024917602539,FUNO11.MX
2023-08-18,19.666263580322266,FUNO11.MX
2023-08-21,19.58913803100586,FUNO11.MX
2023-08-22,19.442604064941406,FUNO11.MX
2023-08-23,19.774234771728516,FUNO11.MX
2023-08-24,19.488882064819336,FUNO11.MX
2023-08-25,19.566001892089844,FUNO11.MX
2023-08-28,19.7973690032959,FUNO11.MX
2023-08-29,19.781946182250977,FUNO11.MX
2023-08-30,19.789655685424805,FUNO11.MX
2023-08-31,19.09555435180664,FUNO11.MX
2023-09-01,19.17268180847168,FUNO11.MX
2023-09-04,18.987585067749023,FUNO11.MX
2023-09-05,18.902748107910156,FUNO11.MX
2023-09-06,18.748498916625977,FUNO11.MX
2023-09-07,18.72536849975586,FUNO11.MX
2023-09-08,22.064775466918945,FUNO11.MX
2023-09-11,22.326990127563477,FUNO11.MX
2023-09-12,22.072486877441406,FUNO11.MX
2023-09-13,22.141897201538086,FUNO11.MX
2023-09-14,22.134183883666992,FUNO11.MX
2023-09-15,21.609752655029297,FUNO11.MX
2023-09-18,20.938785552978516,FUNO11.MX
2023-09-19,21.40923500061035,FUNO11.MX
2023-09-20,21.74857521057129,FUNO11.MX
2023-09-21,21.617464065551758,FUNO11.MX
2023-09-22,22.064775466918945,FUNO11.MX
2023-09-25,21.548053741455078,FUNO11.MX
2023-09-26,22.010787963867188,FUNO11.MX
2023-09-27,21.594327926635742,FUNO11.MX
2023-09-28,21.63288688659668,FUNO11.MX
2023-09-29,22.481233596801758,FUNO11.MX
2023-10-02,22.141897201538086,FUNO11.MX
2023-10-03,21.548053741455078,FUNO11.MX
2023-10-04,21.33982276916504,FUNO11.MX
2023-10-05,21.41694450378418,FUNO11.MX
2023-10-06,21.663740158081055,FUNO11.MX
2023-10-09,21.987651824951172,FUNO11.MX
2023-10-10,21.956804275512695,FUNO11.MX
2023-10-11,22.280717849731445,FUNO11.MX
2023-10-12,22.11876106262207,FUNO11.MX
2023-10-13,22.041637420654297,FUNO11.MX
2023-10-16,22.674043655395508,FUNO11.MX
2023-10-17,22.512088775634766,FUNO11.MX
2023-10-18,22.404115676879883,FUNO11.MX
2023-10-19,22.450389862060547,FUNO11.MX
2023-10-20,22.3809757232666,FUNO11.MX
2023-10-23,22.10333824157715,FUNO11.MX
2023-10-24,22.21902084350586,FUNO11.MX
2023-10-25,22.280717849731445,FUNO11.MX
2023-10-26,22.512088775634766,FUNO11.MX
2023-10-27,22.172746658325195,FUNO11.MX
2023-10-30,21.355249404907227,FUNO11.MX
2023-10-31,21.139305114746094,FUNO11.MX
2023-11-01,21.63288688659668,FUNO11.MX
2023-11-03,21.987651824951172,FUNO11.MX
2023-11-06,22.373262405395508,FUNO11.MX
2023-11-07,22.46950340270996,FUNO11.MX
2023-11-08,22.6505184173584,FUNO11.MX
2023-11-09,22.516725540161133,FUNO11.MX
2023-11-10,22.595426559448242,FUNO11.MX
2023-11-13,22.461631774902344,FUNO11.MX
2023-11-14,22.67412757873535,FUNO11.MX
2023-11-15,22.941715240478516,FUNO11.MX
2023-11-16,22.430152893066406,FUNO11.MX
2023-11-17,22.626907348632812,FUNO11.MX
2023-11-21,22.61903953552246,FUNO11.MX
2023-11-22,22.359317779541016,FUNO11.MX
2023-11-23,22.461631774902344,FUNO11.MX
2023-11-24,22.13895034790039,FUNO11.MX
2023-11-27,22.186172485351562,FUNO11.MX
2023-11-28,22.09173011779785,FUNO11.MX
2023-11-29,21.430631637573242,FUNO11.MX
2023-11-30,22.09959602355957,FUNO11.MX
2023-12-01,22.28061866760254,FUNO11.MX
2023-12-04,22.20978546142578,FUNO11.MX
2023-12-05,22.343578338623047,FUNO11.MX
2023-12-06,22.815793991088867,FUNO11.MX
2023-12-07,22.863012313842773,FUNO11.MX
2023-12-08,22.902362823486328,FUNO11.MX
2023-12-11,22.93384552001953,FUNO11.MX
2023-12-13,23.37457847595215,FUNO11.MX
2023-12-14,24.106510162353516,FUNO11.MX
2023-12-15,23.83892250061035,FUNO11.MX
2023-12-18,24.019939422607422,FUNO11.MX
2023-12-19,23.712997436523438,FUNO11.MX
2023-12-20,23.69725799560547,FUNO11.MX
2023-12-21,23.870405197143555,FUNO11.MX
2023-12-22,23.76021957397461,FUNO11.MX
2023-12-26,23.996322631835938,FUNO11.MX
2023-12-27,24.059288024902344,FUNO11.MX
2023-12-28,23.964845657348633,FUNO11.MX
2023-12-29,24.004196166992188,FUNO11.MX
2024-01-02,23.949106216430664,FUNO11.MX
2024-01-03,23.69725799560547,FUNO11.MX
2024-01-04,23.169952392578125,FUNO11.MX
2024-01-05,23.579204559326172,FUNO11.MX
2024-01-08,23.76808738708496,FUNO11.MX
2024-01-09,23.571332931518555,FUNO11.MX
2024-01-10,23.508371353149414,FUNO11.MX
2024-01-11,23.689388275146484,FUNO11.MX
2024-01-12,23.390317916870117,FUNO11.MX
2024-01-15,23.138471603393555,FUNO11.MX
2024-01-16,23.225046157836914,FUNO11.MX
2024-01-17,22.556072235107422,FUNO11.MX
2024-01-18,22.68199920654297,FUNO11.MX
2024-01-19,22.839405059814453,FUNO11.MX
2024-01-22,22.603296279907227,FUNO11.MX
2024-01-23,23.01254653930664,FUNO11.MX
2024-01-24,23.429668426513672,FUNO11.MX
2024-01-25,23.272262573242188,FUNO11.MX
2024-01-26,23.16208267211914,FUNO11.MX
2024-01-29,22.61903953552246,FUNO11.MX
2024-01-30,22.705612182617188,FUNO11.MX
2024-01-31,23.004674911499023,FUNO11.MX
2024-02-01,23.280134201049805,FUNO11.MX
2024-02-02,23.264394760131836,FUNO11.MX
2024-02-06,23.25652313232422,FUNO11.MX
2024-02-07,23.454004287719727,FUNO11.MX
2024-02-08,23.542387008666992,FUNO11.MX
2024-02-09,23.62273597717285,FUNO11.MX
2024-02-12,23.614702224731445,FUNO11.MX
2024-02-13,23.807540893554688,FUNO11.MX
2024-02-14,24.177146911621094,FUNO11.MX
2024-02-15,24.145008087158203,FUNO11.MX
2024-02-16,24.305707931518555,FUNO11.MX
2024-02-19,24.522653579711914,FUNO11.MX
2024-02-20,25.189552307128906,FUNO11.MX
2024-02-21,25.366323471069336,FUNO11.MX
2024-02-22,25.94483757019043,FUNO11.MX
2024-02-23,26.057327270507812,FUNO11.MX
2024-02-26,26.15374755859375,FUNO11.MX
2024-02-27,24.900293350219727,FUNO11.MX
2024-02-28,24.321779251098633,FUNO11.MX
2024-02-29,24.683349609375,FUNO11.MX
2024-03-01,24.75566291809082,FUNO11.MX
2024-03-04,24.667280197143555,FUNO11.MX
2024-03-05,25.165449142456055,FUNO11.MX
2024-03-06,24.337848663330078,FUNO11.MX
2024-03-07,23.984310150146484,FUNO11.MX
2024-03-08,23.510250091552734,FUNO11.MX
2024-03-11,23.630775451660156,FUNO11.MX
2024-03-12,23.711122512817383,FUNO11.MX
2024-03-13,23.966699600219727,FUNO11.MX
2024-03-14,23.491073608398438,FUNO11.MX
2024-03-15,22.902587890625,FUNO11.MX
2024-03-19,23.02351188659668,FUNO11.MX
2024-03-20,23.233108520507812,FUNO11.MX
2024-03-21,22.85422134399414,FUNO11.MX
2024-03-22,23.386274337768555,FUNO11.MX
2024-03-25,22.572071075439453,FUNO11.MX
2024-03-26,22.40277862548828,FUNO11.MX
2024-03-27,22.346345901489258,FUNO11.MX
2024-04-01,22.781665802001953,FUNO11.MX
2024-04-02,22.35441017150879,FUNO11.MX
2024-04-03,22.749420166015625,FUNO11.MX
2024-04-04,22.830034255981445,FUNO11.MX
2024-04-05,22.701053619384766,FUNO11.MX
2024-04-08,22.725238800048828,FUNO11.MX
2024-04-09,22.61237907409668,FUNO11.MX
2024-04-10,22.04001235961914,FUNO11.MX
2024-04-11,21.612754821777344,FUNO11.MX
2024-04-12,21.78204917907715,FUNO11.MX
2024-04-15,21.201622009277344,FUNO11.MX
2024-04-16,21.57244873046875,FUNO11.MX
2024-04-17,21.483774185180664,FUNO11.MX
2024-04-18,20.95171546936035,FUNO11.MX
2024-04-19,21.0484561920166,FUNO11.MX
2024-04-22,21.19356346130371,FUNO11.MX
2024-04-23,21.258054733276367,FUNO11.MX
2024-04-24,20.725994110107422,FUNO11.MX
2024-04-25,20.669567108154297,FUNO11.MX
2024-04-26,20.05689239501953,FUNO11.MX
2024-04-29,19.99240493774414,FUNO11.MX
2024-04-30,19.76668357849121,FUNO11.MX
2024-05-02,19.678009033203125,FUNO11.MX
2024-05-03,20.234249114990234,FUNO11.MX
2024-05-06,20.580888748168945,FUNO11.MX
2024-05-07,20.706178665161133,FUNO11.MX
2024-05-08,20.550556182861328,FUNO11.MX
2024-05-09,20.845420837402344,FUNO11.MX
2024-05-10,20.591508865356445,FUNO11.MX
2024-05-13,20.837230682373047,FUNO11.MX
2024-05-14,20.517789840698242,FUNO11.MX
2024-05-15,20.79627799987793,FUNO11.MX
2024-05-16,20.771703720092773,FUNO11.MX
2024-05-17,20.75532341003418,FUNO11.MX
2024-05-20,20.75532341003418,FUNO11.MX
2024-05-21,20.485027313232422,FUNO11.MX
2024-05-22,20.66522216796875,FUNO11.MX
2024-05-23,20.550556182861328,FUNO11.MX
2024-05-24,20.272069931030273,FUNO11.MX
2024-05-27,20.13282585144043,FUNO11.MX
2024-05-28,20.083683013916016,FUNO11.MX
2024-05-29,19.493947982788086,FUNO11.MX
2024-05-30,19.90348243713379,FUNO11.MX
2024-05-31,19.65776252746582,FUNO11.MX
2024-06-03,18.511062622070312,FUNO11.MX
2024-06-04,18.855072021484375,FUNO11.MX
2024-06-05,19.682336807250977,FUNO11.MX
2024-06-06,20.01815414428711,FUNO11.MX
2024-06-07,19.846149444580078,FUNO11.MX
2024-06-10,19.33013343811035,FUNO11.MX
2024-06-11,19.65776252746582,FUNO11.MX
2024-06-12,19.002504348754883,FUNO11.MX
2024-06-13,18.371814727783203,FUNO11.MX
2024-06-14,18.33086585998535,FUNO11.MX
2024-06-17,18.240768432617188,FUNO11.MX
2024-06-18,18.191621780395508,FUNO11.MX
2024-06-19,18.71582794189453,FUNO11.MX
2024-06-20,18.568397521972656,FUNO11.MX
2024-06-21,18.134286880493164,FUNO11.MX
2024-06-24,18.83049964904785,FUNO11.MX
2024-06-25,18.42915153503418,FUNO11.MX
2024-06-26,18.322677612304688,FUNO11.MX
2024-06-27,18.322677612304688,FUNO11.MX
2024-06-28,18.494678497314453,FUNO11.MX
2024-07-01,18.339054107666016,FUNO11.MX
2024-07-02,18.25714683532715,FUNO11.MX
2024-07-03,18.437341690063477,FUNO11.MX
2024-07-04,18.511062622070312,FUNO11.MX
2024-07-05,18.511062622070312,FUNO11.MX
2024-07-08,18.83868980407715,FUNO11.MX
2024-07-09,18.969743728637695,FUNO11.MX
2024-07-10,19.354707717895508,FUNO11.MX
2024-07-11,19.44480323791504,FUNO11.MX
2024-07-12,19.723291397094727,FUNO11.MX
2024-07-15,19.821578979492188,FUNO11.MX
2024-07-16,19.756053924560547,FUNO11.MX
2024-07-17,19.65776252746582,FUNO11.MX
2024-07-18,19.821578979492188,FUNO11.MX
2024-07-19,20.001773834228516,FUNO11.MX
2024-07-22,20.198352813720703,FUNO11.MX
2024-07-23,19.977201461791992,FUNO11.MX
2024-07-24,19.34651756286621,FUNO11.MX
2024-07-25,19.05164909362793,FUNO11.MX
2024-07-26,19.297372817993164,FUNO11.MX
2024-07-29,19.166316986083984,FUNO11.MX
2024-07-30,19.19908332824707,FUNO11.MX
2024-07-31,19.41204261779785,FUNO11.MX
2024-08-01,19.002504348754883,FUNO11.MX
2024-08-02,19.01069450378418,FUNO11.MX
2024-08-05,19.01069450378418,FUNO11.MX
2024-08-06,19.21546173095703,FUNO11.MX
2024-08-07,19.928056716918945,FUNO11.MX
2024-08-08,20.43776512145996,FUNO11.MX
2024-08-09,20.54656410217285,FUNO11.MX
2024-08-12,20.312225341796875,FUNO11.MX
2024-08-13,20.446134567260742,FUNO11.MX
2024-08-14,20.6135196685791,FUNO11.MX
2024-08-15,20.538196563720703,FUNO11.MX
2024-08-16,20.253643035888672,FUNO11.MX
2024-08-19,20.45450210571289,FUNO11.MX
2024-08-20,20.379180908203125,FUNO11.MX
2024-08-21,20.211793899536133,FUNO11.MX
2024-08-22,20.186687469482422,FUNO11.MX
2024-08-23,20.136474609375,FUNO11.MX
2024-08-26,20.111364364624023,FUNO11.MX
2024-08-27,19.50040626525879,FUNO11.MX
2024-08-28,19.41671371459961,FUNO11.MX
2024-08-29,19.383237838745117,FUNO11.MX
2024-08-30,19.433454513549805,FUNO11.MX
2024-09-02,19.48366928100586,FUNO11.MX
2024-09-03,19.123790740966797,FUNO11.MX
2024-09-04,19.165634155273438,FUNO11.MX
2024-09-05,19.249326705932617,FUNO11.MX
2024-09-06,18.973146438598633,FUNO11.MX
2024-09-09,19.399974822998047,FUNO11.MX
2024-09-10,18.889450073242188,FUNO11.MX
2024-09-11,18.621631622314453,FUNO11.MX
2024-09-12,19.11542320251465,FUNO11.MX
2024-09-13,18.822494506835938,FUNO11.MX
2024-09-17,18.822494506835938,FUNO11.MX
2024-09-18,19.366498947143555,FUNO11.MX
2024-09-19,19.41671371459961,FUNO11.MX
2024-09-20,19.07357406616211,FUNO11.MX
2024-09-23,18.705326080322266,FUNO11.MX
2024-09-24,19.408344268798828,FUNO11.MX
2024-09-25,19.040098190307617,FUNO11.MX
2024-09-26,19.299541473388672,FUNO11.MX
2024-09-27,19.41671371459961,FUNO11.MX
2024-09-30,19.19074249267578,FUNO11.MX
2024-10-02,19.48366928100586,FUNO11.MX
2024-10-03,19.41671371459961,FUNO11.MX
2024-10-04,20.42939567565918,FUNO11.MX
2024-10-07,19.123790740966797,FUNO11.MX
2024-10-08,19.366498947143555,FUNO11.MX
2024-10-09,19.718008041381836,FUNO11.MX
2024-10-10,19.67616081237793,FUNO11.MX
2024-10-11,19.53388214111328,FUNO11.MX
2024-10-14,19.1070499420166,FUNO11.MX
2024-10-15,19.3916072845459,FUNO11.MX
2024-10-16,19.3916072845459,FUNO11.MX
2024-10-17,19.399974822998047,FUNO11.MX
2024-10-18,19.458560943603516,FUNO11.MX
2024-10-21,19.374868392944336,FUNO11.MX
2024-10-22,19.408344268798828,FUNO11.MX
2024-10-23,19.542251586914062,FUNO11.MX
2024-10-24,19.466930389404297,FUNO11.MX
2024-10-25,19.349760055541992,FUNO11.MX
2024-10-28,19.182373046875,FUNO11.MX
2024-10-29,19.35812759399414,FUNO11.MX
2024-10-30,19.542251586914062,FUNO11.MX
2024-10-31,19.291173934936523,FUNO11.MX
2024-11-01,19.274438858032227,FUNO11.MX
2024-11-04,19.450193405151367,FUNO11.MX
2024-11-05,19.30791473388672,FUNO11.MX
2024-11-06,19.215852737426758,FUNO11.MX
2024-11-07,19.425081253051758,FUNO11.MX
2024-11-08,19.686250686645508,FUNO11.MX
2024-11-11,19.45505142211914,FUNO11.MX
2024-11-12,19.275230407714844,FUNO11.MX
2024-11-13,19.146785736083984,FUNO11.MX
2024-11-14,19.25810432434082,FUNO11.MX
2024-11-15,19.352298736572266,FUNO11.MX
2024-11-19,18.778581619262695,FUNO11.MX
2024-11-20,18.744327545166016,FUNO11.MX
2024-11-21,18.45318603515625,FUNO11.MX
2024-11-22,18.43606185913086,FUNO11.MX
2024-11-25,18.41893768310547,FUNO11.MX
2024-11-26,18.290489196777344,FUNO11.MX
2024-11-27,18.230548858642578,FUNO11.MX
2024-11-28,18.221986770629883,FUNO11.MX
2024-11-29,18.076416015625,FUNO11.MX
2024-12-02,18.033601760864258,FUNO11.MX
2024-12-03,18.110668182373047,FUNO11.MX
2024-12-04,18.08498191833496,FUNO11.MX
2024-12-05,18.667261123657227,FUNO11.MX
2024-12-06,18.727203369140625,FUNO11.MX
2024-12-09,18.88133430480957,FUNO11.MX
2024-12-10,18.641571044921875,FUNO11.MX
2024-12-11,18.55594253540039,FUNO11.MX
2024-12-13,18.573068618774414,FUNO11.MX
2024-12-16,18.581632614135742,FUNO11.MX
2024-12-17,18.40180778503418,FUNO11.MX
2024-12-18,18.076416015625,FUNO11.MX
2024-12-19,17.845218658447266,FUNO11.MX
2024-12-20,17.691082000732422,FUNO11.MX
2024-12-23,17.511259078979492,FUNO11.MX
2024-12-24,17.733898162841797,FUNO11.MX
2024-12-26,17.519821166992188,FUNO11.MX
2024-12-27,17.80240249633789,FUNO11.MX
2024-12-30,17.7253360748291,FUNO11.MX
2024-12-31,17.716772079467773,FUNO11.MX
2025-01-02,18.162046432495117,FUNO11.MX
2025-01-03,17.896595001220703,FUNO11.MX
2025-01-06,17.742460250854492,FUNO11.MX
2025-01-07,17.75102424621582,FUNO11.MX
2025-01-08,17.639705657958984,FUNO11.MX
2025-01-09,17.682519912719727,FUNO11.MX
2025-01-10,17.331436157226562,FUNO11.MX
2025-01-13,17.305749893188477,FUNO11.MX
2025-01-14,17.24580955505371,FUNO11.MX
2025-01-15,17.810964584350586,FUNO11.MX
2025-01-16,17.648265838623047,FUNO11.MX
2025-01-17,17.554073333740234,FUNO11.MX
2025-01-20,17.62257957458496,FUNO11.MX
2025-01-21,17.716772079467773,FUNO11.MX
2025-01-22,18.350431442260742,FUNO11.MX
2025-01-23,18.23911476135254,FUNO11.MX
2025-01-24,18.204864501953125,FUNO11.MX
2025-01-27,18.119230270385742,FUNO11.MX
2025-01-28,18.444625854492188,FUNO11.MX
2025-01-29,18.624446868896484,FUNO11.MX
2025-01-30,18.50456428527832,FUNO11.MX
2025-01-31,18.41893768310547,FUNO11.MX
2025-02-04,19.42080307006836,FUNO11.MX
2025-02-05,19.163911819458008,FUNO11.MX
2025-02-06,19.061159133911133,FUNO11.MX
2025-02-07,19.439882278442383,FUNO11.MX
2025-02-10,19.229150772094727,FUNO11.MX
2025-02-11,18.965740203857422,FUNO11.MX
2025-02-12,19.31695556640625,FUNO11.MX
2025-02-13,19.492565155029297,FUNO11.MX
2025-02-14,19.8701229095459,FUNO11.MX
2025-02-17,19.76475715637207,FUNO11.MX
2025-02-18,20.03695297241211,FUNO11.MX
2025-02-19,19.799877166748047,FUNO11.MX
2025-02-20,19.852563858032227,FUNO11.MX
2025-02-21,19.580368041992188,FUNO11.MX
2025-02-24,19.501344680786133,FUNO11.MX
2025-02-25,19.562808990478516,FUNO11.MX
2025-02-26,19.633052825927734,FUNO11.MX
2025-02-27,19.7471981048584,FUNO11.MX
2025-02-28,19.659391403198242,FUNO11.MX
2025-03-03,20.335485458374023,FUNO11.MX
2025-03-04,19.738414764404297,FUNO11.MX
2025-03-05,19.940364837646484,FUNO11.MX
2025-03-06,19.843780517578125,FUNO11.MX
2025-03-07,20.107192993164062,FUNO11.MX
2025-03-10,19.237932205200195,FUNO11.MX
2025-03-11,19.703296661376953,FUNO11.MX
2025-03-12,20.089635848999023,FUNO11.MX
2025-03-13,20.02817153930664,FUNO11.MX
2025-03-14,20.774507522583008,FUNO11.MX
2025-03-18,20.730606079101562,FUNO11.MX
2025-03-19,20.844751358032227,FUNO11.MX
2025-03-20,20.897432327270508,FUNO11.MX
2025-03-21,21.169628143310547,FUNO11.MX
2025-03-24,20.651580810546875,FUNO11.MX
2025-03-25,21.32767677307129,FUNO11.MX
2025-03-26,21.24864959716797,FUNO11.MX
2025-03-27,21.143285751342773,FUNO11.MX
2025-03-28,21.43303871154785,FUNO11.MX
2025-03-31,20.98523712158203,FUNO11.MX
2025-04-01,21.301332473754883,FUNO11.MX
2025-04-02,21.31889533996582,FUNO11.MX
2025-04-03,22.170597076416016,FUNO11.MX
2025-04-04,21.310115814208984,FUNO11.MX
2025-04-07,19.580368041992188,FUNO11.MX
2025-04-08,19.35207748413086,FUNO11.MX
2025-04-09,21.143285751342773,FUNO11.MX
2025-04-10,20.432069778442383,FUNO11.MX
2025-04-11,20.396949768066406,FUNO11.MX
2025-04-14,21.397920608520508,FUNO11.MX
2025-04-15,21.310115814208984,FUNO11.MX
2025-04-16,21.239870071411133,FUNO11.MX
2025-04-21,21.43303871154785,FUNO11.MX
2025-04-22,21.26621437072754,FUNO11.MX
2025-04-23,22.390108108520508,FUNO11.MX
2025-04-24,22.829132080078125,FUNO11.MX
2025-04-25,22.425230026245117,FUNO11.MX
2025-04-28,22.662302017211914,FUNO11.MX
2025-04-29,21.951086044311523,FUNO11.MX
2025-04-30,22.284744262695312,FUNO11.MX
2025-05-02,22.29352378845215,FUNO11.MX
2025-05-05,22.302303314208984,FUNO11.MX
2025-05-06,22.61840057373047,FUNO11.MX
2025-05-07,22.767667770385742,FUNO11.MX
2025-05-08,22.440128326416016,FUNO11.MX
2025-05-09,22.413211822509766,FUNO11.MX
2025-05-12,22.05431365966797,FUNO11.MX
2025-05-13,22.413211822509766,FUNO11.MX
2025-05-14,22.027393341064453,FUNO11.MX
2025-05-15,21.90178108215332,FUNO11.MX
2025-05-16,22.27862548828125,FUNO11.MX
2025-05-19,22.188899993896484,FUNO11.MX
2025-05-20,22.422183990478516,FUNO11.MX
2025-05-21,22.422183990478516,FUNO11.MX
2025-05-22,21.91075325012207,FUNO11.MX
2025-05-23,22.197874069213867,FUNO11.MX
2025-05-26,22.422183990478516,FUNO11.MX
2025-05-27,23.579631805419922,FUNO11.MX
2025-05-28,23.38223648071289,FUNO11.MX
2025-05-29,23.76805305480957,FUNO11.MX
2025-05-30,24.33332061767578,FUNO11.MX
2025-06-02,24.073116302490234,FUNO11.MX
2025-06-03,24.22564697265625,FUNO11.MX
2025-06-04,23.884695053100586,FUNO11.MX
2025-06-05,23.875722885131836,FUNO11.MX
2025-06-06,24.0551700592041,FUNO11.MX
2025-06-09,24.04619789123535,FUNO11.MX
2025-06-10,24.082090377807617,FUNO11.MX
2025-06-11,23.786001205444336,FUNO11.MX
2025-06-12,23.615522384643555,FUNO11.MX
2025-06-13,23.274566650390625,FUNO11.MX
2025-06-16,23.43607521057129,FUNO11.MX
2025-06-17,22.879779815673828,FUNO11.MX
2025-06-18,22.897724151611328,FUNO11.MX
2025-06-19,23.023338317871094,FUNO11.MX
2025-06-20,22.960533142089844,FUNO11.MX
2025-06-23,23.014366149902344,FUNO11.MX
2025-06-24,23.33737564086914,FUNO11.MX
2025-06-25,23.33737564086914,FUNO11.MX
2025-06-26,23.15792465209961,FUNO11.MX
2025-06-27,23.471960067749023,FUNO11.MX
2025-06-30,23.274566650390625,FUNO11.MX
2025-07-01,24.216676712036133,FUNO11.MX
2025-07-02,24.252567291259766,FUNO11.MX
2025-07-03,24.064146041870117,FUNO11.MX
2025-07-04,24.243595123291016,FUNO11.MX
2025-07-07,24.22564697265625,FUNO11.MX
2025-07-08,24.01030921936035,FUNO11.MX
2025-07-09,24.0551700592041,FUNO11.MX
2025-07-10,24.449960708618164,FUNO11.MX
2025-07-11,23.92058563232422,FUNO11.MX
2025-07-14,23.77702522277832,FUNO11.MX
2025-07-15,23.687301635742188,FUNO11.MX
2025-07-16,23.687301635742188,FUNO11.MX
2025-07-17,23.687301635742188,FUNO11.MX
2025-07-18,23.71422004699707,FUNO11.MX
2025-07-21,23.409154891967773,FUNO11.MX
2025-07-22,23.184844970703125,FUNO11.MX
2025-07-23,23.848806381225586,FUNO11.MX
2025-07-24,24.22564697265625,FUNO11.MX
2025-07-25,23.92058563232422,FUNO11.MX
2025-07-28,23.678327560424805,FUNO11.MX
2025-07-29,24.144895553588867,FUNO11.MX
2025-07-30,24.037227630615234,FUNO11.MX
2025-07-31,24.0551700592041,FUNO11.MX
2025-08-01,23.95647621154785,FUNO11.MX
2025-08-04,23.696273803710938,FUNO11.MX
2025-08-05,23.95647621154785,FUNO11.MX
2025-08-06,23.71422004699707,FUNO11.MX
2025-08-07,23.83983039855957,FUNO11.MX
2025-08-08,24.032386779785156,FUNO11.MX
2025-08-11,23.90401840209961,FUNO11.MX
2025-08-12,23.784818649291992,FUNO11.MX
2025-08-13,23.876510620117188,FUNO11.MX
2025-08-14,23.454729080200195,FUNO11.MX
2025-08-15,23.784818649291992,FUNO11.MX
2025-08-18,23.51891326904297,FUNO11.MX
2025-08-19,23.528079986572266,FUNO11.MX
2025-08-20,23.078792572021484,FUNO11.MX
2025-08-21,23.51891326904297,FUNO11.MX
2025-08-22,23.71146583557129,FUNO11.MX
2025-08-25,23.51891326904297,FUNO11.MX
2025-08-26,23.638113021850586,FUNO11.MX
2025-08-27,23.775650024414062,FUNO11.MX
2025-08-28,24.15158462524414,FUNO11.MX
2025-08-29,24.12407684326172,FUNO11.MX
2025-09-01,24.032386779785156,FUNO11.MX
2025-09-02,24.371644973754883,FUNO11.MX
2025-09-03,24.610044479370117,FUNO11.MX
2025-09-04,25.481115341186523,FUNO11.MX
2025-09-05,26.141294479370117,FUNO11.MX
2025-09-08,26.03126335144043,FUNO11.MX
2025-09-09,25.967079162597656,FUNO11.MX
2025-09-10,26.113786697387695,FUNO11.MX
2025-09-11,26.508060455322266,FUNO11.MX
2025-09-12,26.443876266479492,FUNO11.MX
2025-09-15,26.828983306884766,FUNO11.MX
2025-09-17,26.324674606323242,FUNO11.MX
2025-09-18,26.20547866821289,FUNO11.MX
2025-09-19,26.508060455322266,FUNO11.MX
2025-09-22,26.69144630432129,FUNO11.MX
2025-09-23,26.41636848449707,FUNO11.MX
2025-09-24,26.196308135986328,FUNO11.MX
2025-09-25,25.737852096557617,FUNO11.MX
2025-09-26,25.490283966064453,FUNO11.MX
2025-09-29,25.26105308532715,FUNO11.MX
2025-09-30,24.903457641601562,FUNO11.MX
2025-10-01,25.27022361755371,FUNO11.MX
2025-10-02,25.01348876953125,FUNO11.MX
2025-10-03,24.958471298217773,FUNO11.MX
2025-10-06,25.371084213256836,FUNO11.MX
2025-10-07,25.63698959350586,FUNO11.MX
2025-10-08,25.151025772094727,FUNO11.MX
2025-10-09,24.967641830444336,FUNO11.MX
2025-10-10,24.325801849365234,FUNO11.MX
2025-10-13,25.22437858581543,FUNO11.MX
2025-10-14,24.811763763427734,FUNO11.MX
2025-10-15,24.866779327392578,FUNO11.MX
2025-10-16,25.123516082763672,FUNO11.MX
2025-10-17,24.802597045898438,FUNO11.MX
2025-10-20,24.463336944580078,FUNO11.MX
2025-10-21,24.31662940979004,FUNO11.MX
2025-10-22,24.710906982421875,FUNO11.MX
2025-10-23,24.83927345275879,FUNO11.MX
2025-10-24,24.793426513671875,FUNO11.MX
2025-10-27,25.169363021850586,FUNO11.MX
2025-10-28,25.63698959350586,FUNO11.MX
2025-10-29,25.08683967590332,FUNO11.MX
2025-10-30,24.866779327392578,FUNO11.MX
2025-10-31,24.820932388305664,FUNO11.MX
2025-11-03,24.885120391845703,FUNO11.MX
2025-11-04,25.435266494750977,FUNO11.MX
2025-11-05,26.214649200439453,FUNO11.MX
2025-11-06,26.03126335144043,FUNO11.MX
2025-11-07,26.27016830444336,FUNO11.MX
2025-11-10,26.101531982421875,FUNO11.MX
2025-11-11,26.27016830444336,FUNO11.MX
2025-11-12,25.754884719848633,FUNO11.MX
2025-11-13,25.314550399780273,FUNO11.MX
2025-11-14,24.96790313720703,FUNO11.MX
2025-11-18,25.42697525024414,FUNO11.MX
2025-11-19,25.28644371032715,FUNO11.MX
2025-11-20,25.28644371032715,FUNO11.MX
2025-11-21,25.1927547454834,FUNO11.MX
2025-11-24,24.499462127685547,FUNO11.MX
2025-11-25,25.089698791503906,FUNO11.MX
2025-11-26,25.06159210205078,FUNO11.MX
2025-11-27,25.089698791503906,FUNO11.MX
2025-11-28,24.827369689941406,FUNO11.MX
2025-12-01,25.37076187133789,FUNO11.MX
2025-12-02,24.658733367919922,FUNO11.MX
2025-12-03,24.705577850341797,FUNO11.MX
2025-12-04,25.005380630493164,FUNO11.MX
2025-12-05,25.145912170410156,FUNO11.MX
2025-12-08,24.930429458618164,FUNO11.MX
2025-12-09,25.48318862915039,FUNO11.MX
2025-12-10,25.35202407836914,FUNO11.MX
2025-12-11,25.951629638671875,FUNO11.MX
2025-12-15,25.764251708984375,FUNO11.MX
2025-12-16,25.511295318603516,FUNO11.MX
2025-12-17,24.996009826660156,FUNO11.MX
2025-12-18,25.53940200805664,FUNO11.MX
2025-12-19,25.108434677124023,FUNO11.MX
2025-12-22,24.808631896972656,FUNO11.MX
2025-12-23,25.408239364624023,FUNO11.MX
2025-12-24,25.44571304321289,FUNO11.MX
2025-12-26,25.28644371032715,FUNO11.MX
2025-12-29,25.1927547454834,FUNO11.MX
2025-12-30,25.17401695251465,FUNO11.MX
2025-12-31,25.35202407836914,FUNO11.MX
2026-01-02,25.295812606811523,FUNO11.MX
2026-01-05,24.89295196533203,FUNO11.MX
2026-01-06,24.86484718322754,FUNO11.MX
2026-01-07,24.95853614807129,FUNO11.MX
2026-01-08,25.09906768798828,FUNO11.MX
2026-01-09,25.651826858520508,FUNO11.MX
2026-01-12,25.88604736328125,FUNO11.MX
2026-01-13,25.829835891723633,FUNO11.MX
2026-01-14,26.410701751708984,FUNO11.MX
2026-01-15,26.101531982421875,FUNO11.MX
2026-01-16,26.47628402709961,FUNO11.MX
2026-01-19,27.160205841064453,FUNO11.MX
2026-01-20,26.335750579833984,FUNO11.MX
2026-01-21,25.960996627807617,FUNO11.MX
2026-01-22,26.43880844116211,FUNO11.MX
2026-01-23,26.776086807250977,FUNO11.MX
2026-01-26,27.01030731201172,FUNO11.MX
2026-01-27,27.310108184814453,FUNO11.MX
2026-01-28,27.394428253173828,FUNO11.MX
2026-01-29,26.991567611694336,FUNO11.MX
2026-01-30,25.464452743530273,FUNO11.MX
2026-02-03,26.682397842407227,FUNO11.MX
2026-02-04,26.87914276123047,FUNO11.MX
2026-02-05,26.794824600219727,FUNO11.MX
2026-02-06,27.61027717590332,FUNO11.MX
2026-02-09,27.677433013916016,FUNO11.MX
2026-02-10,27.81174087524414,FUNO11.MX
2026-02-11,28.099550247192383,FUNO11.MX
2026-02-12,28.05158042907715,FUNO11.MX
2026-02-13,28.425729751586914,FUNO11.MX
2026-02-16,28.67516326904297,FUNO11.MX
2026-02-17,28.473697662353516,FUNO11.MX
2026-02-18,28.895814895629883,FUNO11.MX
2026-02-19,28.598413467407227,FUNO11.MX
2026-02-20,28.751909255981445,FUNO11.MX
2026-02-23,28.540851593017578,FUNO11.MX
2026-02-24,28.454509735107422,FUNO11.MX
2026-02-25,27.639057159423828,FUNO11.MX
2026-02-26,28.58881950378418,FUNO11.MX
2026-02-27,28.646381378173828,FUNO11.MX
2026-03-02,28.406543731689453,FUNO11.MX
2026-03-03,27.754179000854492,FUNO11.MX
2026-03-04,27.86930274963379,FUNO11.MX
2026-03-05,27.850116729736328,FUNO11.MX
2026-03-06,27.591089248657227,FUNO11.MX
2026-03-09,26.612545013427734,FUNO11.MX
2026-03-10,26.89076042175293,FUNO11.MX
2026-03-11,26.612545013427734,FUNO11.MX
2026-03-12,25.422943115234375,FUNO11.MX
2026-03-13,25.729938507080078,FUNO11.MX
2026-03-17,26.37270736694336,FUNO11.MX
2026-03-18,26.257583618164062,FUNO11.MX
2026-03-19,26.10408592224121,FUNO11.MX
2026-03-20,25.82587432861328,FUNO11.MX
2026-03-23,25.806686401367188,FUNO11.MX
2026-03-24,26.382299423217773,FUNO11.MX
2026-03-25,26.78523063659668,FUNO11.MX
2026-03-26,26.72766876220703,FUNO11.MX
2026-03-27,27.01547622680664,FUNO11.MX
2026-03-30,27.994020462036133,FUNO11.MX
2026-03-31,28.089954376220703,FUNO11.MX
2026-04-01,28.31060791015625,FUNO11.MX
2026-04-06,28.35857391357422,FUNO11.MX
2026-04-07,28.560039520263672,FUNO11.MX
2026-04-08,29.049312591552734,FUNO11.MX
2026-04-09,29.097278594970703,FUNO11.MX
2026-04-10,29.36590003967285,FUNO11.MX
2026-04-13,28.78069305419922,FUNO11.MX
2026-04-14,29.346712112426758,FUNO11.MX
2026-04-15,29.893545150756836,FUNO11.MX
2026-04-16,29.93191909790039,FUNO11.MX
2026-04-17,30.315662384033203,FUNO11.MX
2026-04-20,30.776155471801758,FUNO11.MX
2026-04-21,29.874357223510742,FUNO11.MX
2026-04-23,29.941513061523438,FUNO11.MX
2026-04-24,30.123788833618164,FUNO11.MX
2026-04-27,29.80720329284668,FUNO11.MX
2026-04-28,29.596145629882812,FUNO11.MX
2026-04-29,29.653705596923828,FUNO11.MX
2026-04-30,28.751909255981445,FUNO11.MX
2026-05-04,28.8382511138916,FUNO11.MX
2026-05-05,28.828659057617188,FUNO11.MX
2026-05-06,29.404273986816406,FUNO11.MX
2026-05-07,29.548175811767578,FUNO11.MX
2026-05-08,29.548175811767578,FUNO11.MX
2026-05-11,29.76357078552246,FUNO11.MX
2026-05-12,29.205503463745117,FUNO11.MX
2026-05-13,29.088014602661133,FUNO11.MX
2026-05-14,29.10759735107422,FUNO11.MX
2026-05-15,28.833459854125977,FUNO11.MX
2026-05-18,29.117387771606445,FUNO11.MX
2026-05-19,28.72576141357422,FUNO11.MX
2026-05-20,28.657228469848633,FUNO11.MX
2026-05-21,28.549530029296875,FUNO11.MX
2026-05-22,28.588693618774414,FUNO11.MX
2026-05-25,28.774715423583984,FUNO11.MX
2026-05-26,29.205503463745117,FUNO11.MX
2026-05-27,29.50901222229004,FUNO11.MX
2026-05-28,29.07822608947754,FUNO11.MX
2026-05-29,29.3229923248291,FUNO11.MX
2026-06-01,28.25581169128418,FUNO11.MX
2026-06-02,29.029272079467773,FUNO11.MX
2026-06-03,28.618064880371094,FUNO11.MX
2026-06-04,28.294973373413086,FUNO11.MX
2026-06-05,28.030624389648438,FUNO11.MX
2026-06-08,28.40266990661621,FUNO11.MX
2026-06-09,27.971881866455078,FUNO11.MX
2026-06-10,27.68795394897461,FUNO11.MX
2026-06-11,27.981672286987305,FUNO11.MX
2026-06-12,28.75513458251953,FUNO11.MX
2026-06-15,28.950946807861328,FUNO11.MX
2026-06-16,28.9411563873291,FUNO11.MX
2026-06-17,28.62785530090332,FUNO11.MX
2026-06-18,28.598482131958008,FUNO11.MX
2026-06-19,28.422252655029297,FUNO11.MX
2026-06-22,28.236228942871094,FUNO11.MX
2026-06-23,28.578903198242188,FUNO11.MX
2026-06-24,28.37329864501953,FUNO11.MX
2026-06-25,28.5593204498291,FUNO11.MX
2026-06-26,28.990110397338867,FUNO11.MX
2026-06-29,29.567758560180664,FUNO11.MX
2026-06-30,29.420896530151367,FUNO11.MX
2026-07-01,29.362154006958008,FUNO11.MX
2026-07-02,29.685245513916016,FUNO11.MX
2026-07-03,29.146760940551758,FUNO11.MX
2026-07-06,29.440479278564453,FUNO11.MX
2026-07-07,29.685245513916016,FUNO11.MX
2026-07-08,29.528594970703125,FUNO11.MX
2026-07-09,29.146760940551758,FUNO11.MX
2026-07-10,29.401317596435547,FUNO11.MX
2026-07-13,29.460060119628906,FUNO11.MX
2026-07-14,29.5188045501709,FUNO11.MX
2026-07-15,29.86147689819336,FUNO11.MX
2026-07-16,30.439125061035156,FUNO11.MX
2026-07-17,30.42933464050293,FUNO11.MX
2026-07-20,30.05729103088379,FUNO11.MX
2026-07-21,29.812524795532227,FUNO11.MX
2026-07-22,30.321636199951172,FUNO11.MX
2026-07-23,30.135616302490234,FUNO11.MX
2026-07-24,30.11603355407715,FUNO11.MX
2026-07-27,30.478286743164062,FUNO11.MX
2026-07-28,31.0950984954834,FUNO11.MX
2026-07-29,30.811168670654297,FUNO11.MX
2026-07-30,30.5174503326416,FUNO11.MX
2026-07-31,30.556612014770508,FUNO11.MX
2026-08-03,30.77200698852539,FUNO11.MX
2026-08-04,30.869915008544922,FUNO11.MX
2026-08-05,30.14540672302246,FUNO11.MX
2026-08-06,29.92022132873535,FUNO11.MX
2026-08-07,30.34000015258789,FUNO11.MX
2026-08-10,29.829999923706055,FUNO11.MX
2026-08-11,30.110000610351562,FUNO11.MX
2026-08-12,29.829999923706055,FUNO11.MX
2026-08-13,29.25,FUNO11.MX
2026-08-14,29.260000228881836,FUNO11.MX
2026-08-17,28.959999084472656,FUNO11.MX
2026-08-18,29.100000381469727,FUNO11.MX
2026-08-19,29.079999923706055,FUNO11.MX
2026-08-20,29.459999084472656,FUNO11.MX
2026-08-21,29.799999237060547,FUNO11.MX
2026-08-24,29.739999771118164,FUNO11.MX
2026-08-25,29.799999237060547,FUNO11.MX
2026-08-26,29.850000381469727,FUNO11.MX
2026-08-27,29.700000762939453,FUNO11.MX
2026-08-28,29.440000534057617,FUNO11.MX
2026-08-31,29.239999771118164,FUNO11.MX
2026-09-01,29.229999542236328,FUNO11.MX
2026-09-02,29.079999923706055,FUNO11.MX
2026-09-03,29.510000228881836,FUNO11.MX
2026-09-04,29.56999969482422,FUNO11.MX
2026-09-07,29.100000381469727,FUNO11.MX
2026-09-08,29.649999618530273,FUNO11.MX
2026-09-09,29.670000076293945,FUNO11.MX
2026-09-10,29.649999618530273,FUNO11.MX
2026-09-11,30.010000228881836,FUNO11.MX
2026-09-14,30.049999237060547,FUNO11.MX
2026-09-15,29.65999984741211,FUNO11.MX
2026-09-17,29.81999969482422,FUNO11.MX
2026-09-18,29.25,FUNO11.MX
2026-09-21,29.389999389648438,FUNO11.MX
2026-09-22,29.469999313354492,FUNO11.MX
2026-09-23,29.34000015258789,FUNO11.MX
2026-09-24,29.479999542236328,FUNO11.MX
2026-09-25,29.6299991607666,FUNO11.MX
2026-09-28,29.600000381469727,FUNO11.MX
2013-10-21,9.06668472290039,FIBRAMQ12.MX
2013-10-22,9.279740333557129,FIBRAMQ12.MX
2013-10-23,9.271849632263184,FIBRAMQ12.MX
2013-10-24,9.252121925354004,FIBRAMQ12.MX
2013-10-25,9.398102760314941,FIBRAMQ12.MX
2013-10-28,9.327080726623535,FIBRAMQ12.MX
2013-10-29,9.319190979003906,FIBRAMQ12.MX
2013-10-30,9.382322311401367,FIBRAMQ12.MX
2013-10-31,9.46122932434082,FIBRAMQ12.MX
2013-11-01,9.378376007080078,FIBRAMQ12.MX
2013-11-04,9.449394226074219,FIBRAMQ12.MX
2013-11-05,9.429665565490723,FIBRAMQ12.MX
2013-11-06,9.402050018310547,FIBRAMQ12.MX
2013-11-07,9.473061561584473,FIBRAMQ12.MX
2013-11-08,9.196882247924805,FIBRAMQ12.MX
2013-11-11,9.173211097717285,FIBRAMQ12.MX
2013-11-12,8.9285888671875,FIBRAMQ12.MX
2013-11-13,8.857572555541992,FIBRAMQ12.MX
2013-11-14,8.904921531677246,FIBRAMQ12.MX
2013-11-15,8.999608993530273,FIBRAMQ12.MX
2013-11-19,9.03117561340332,FIBRAMQ12.MX
2013-11-20,8.952265739440918,FIBRAMQ12.MX
2013-11-21,8.857572555541992,FIBRAMQ12.MX
2013-11-22,8.691863059997559,FIBRAMQ12.MX
2013-11-25,8.853629112243652,FIBRAMQ12.MX
2013-11-26,8.829955101013184,FIBRAMQ12.MX
2013-11-27,8.956208229064941,FIBRAMQ12.MX
2013-11-28,8.960153579711914,FIBRAMQ12.MX
2013-11-29,9.078519821166992,FIBRAMQ12.MX
2013-12-02,9.311301231384277,FIBRAMQ12.MX
2013-12-03,9.283682823181152,FIBRAMQ12.MX
2013-12-04,9.421774864196777,FIBRAMQ12.MX
2013-12-05,9.382322311401367,FIBRAMQ12.MX
2013-12-06,9.39021110534668,FIBRAMQ12.MX
2013-12-09,9.232390403747559,FIBRAMQ12.MX
2013-12-10,9.457283020019531,FIBRAMQ12.MX
2013-12-11,9.279740333557129,FIBRAMQ12.MX
2013-12-13,9.271849632263184,FIBRAMQ12.MX
2013-12-16,9.267900466918945,FIBRAMQ12.MX
2013-12-17,9.22055721282959,FIBRAMQ12.MX
2013-12-18,9.240283966064453,FIBRAMQ12.MX
2013-12-19,9.299464225769043,FIBRAMQ12.MX
2013-12-20,9.57959270477295,FIBRAMQ12.MX
2013-12-23,9.958359718322754,FIBRAMQ12.MX
2013-12-26,9.974139213562012,FIBRAMQ12.MX
2013-12-27,10.049102783203125,FIBRAMQ12.MX
2013-12-30,10.06093978881836,FIBRAMQ12.MX
2014-01-02,10.056997299194336,FIBRAMQ12.MX
2014-01-03,9.765032768249512,FIBRAMQ12.MX
2014-01-06,9.504631042480469,FIBRAMQ12.MX
2014-01-07,9.57959270477295,FIBRAMQ12.MX
2014-01-08,9.469122886657715,FIBRAMQ12.MX
2014-01-09,9.56775951385498,FIBRAMQ12.MX
2014-01-10,9.674284934997559,FIBRAMQ12.MX
2014-01-13,9.524357795715332,FIBRAMQ12.MX
2014-01-14,9.745301246643066,FIBRAMQ12.MX
2014-01-15,9.776863098144531,FIBRAMQ12.MX
2014-01-16,9.705848693847656,FIBRAMQ12.MX
2014-01-17,9.729521751403809,FIBRAMQ12.MX
2014-01-20,9.76108455657959,FIBRAMQ12.MX
2014-01-21,9.615100860595703,FIBRAMQ12.MX
2014-01-22,9.650612831115723,FIBRAMQ12.MX
2014-01-23,9.650612831115723,FIBRAMQ12.MX
2014-01-24,9.630884170532227,FIBRAMQ12.MX
2014-01-27,9.433609008789062,FIBRAMQ12.MX
2014-01-28,9.599319458007812,FIBRAMQ12.MX
2014-01-29,9.634831428527832,FIBRAMQ12.MX
2014-01-30,9.670339584350586,FIBRAMQ12.MX
2014-01-31,9.650612831115723,FIBRAMQ12.MX
2014-02-04,9.64666748046875,FIBRAMQ12.MX
2014-02-05,9.595375061035156,FIBRAMQ12.MX
2014-02-06,9.634831428527832,FIBRAMQ12.MX
2014-02-07,9.619049072265625,FIBRAMQ12.MX
2014-02-10,9.398102760314941,FIBRAMQ12.MX
2014-02-11,9.07457447052002,FIBRAMQ12.MX
2014-02-12,8.9285888671875,FIBRAMQ12.MX
2014-02-13,9.09035587310791,FIBRAMQ12.MX
2014-02-14,9.287628173828125,FIBRAMQ12.MX
2014-02-17,9.465176582336426,FIBRAMQ12.MX
2014-02-18,9.256065368652344,FIBRAMQ12.MX
2014-02-19,9.145593643188477,FIBRAMQ12.MX
2014-02-20,9.145593643188477,FIBRAMQ12.MX
2014-02-21,9.224502563476562,FIBRAMQ12.MX
2014-02-24,9.334975242614746,FIBRAMQ12.MX
2014-02-25,9.260011672973633,FIBRAMQ12.MX
2014-02-26,9.133758544921875,FIBRAMQ12.MX
2014-02-27,9.12980842590332,FIBRAMQ12.MX
2014-02-28,9.078519821166992,FIBRAMQ12.MX
2014-03-03,8.908867835998535,FIBRAMQ12.MX
2014-03-04,9.09035587310791,FIBRAMQ12.MX
2014-03-05,9.146195411682129,FIBRAMQ12.MX
2014-03-06,8.993284225463867,FIBRAMQ12.MX
2014-03-07,9.32726764678955,FIBRAMQ12.MX
2014-03-10,9.592841148376465,FIBRAMQ12.MX
2014-03-11,9.604914665222168,FIBRAMQ12.MX
2014-03-12,9.612957954406738,FIBRAMQ12.MX
2014-03-13,9.516386032104492,FIBRAMQ12.MX
2014-03-14,9.399694442749023,FIBRAMQ12.MX
2014-03-18,9.536503791809082,FIBRAMQ12.MX
2014-03-19,9.480170249938965,FIBRAMQ12.MX
2014-03-20,9.822198867797852,FIBRAMQ12.MX
2014-03-21,10.007293701171875,FIBRAMQ12.MX
2014-03-24,9.737696647644043,FIBRAMQ12.MX
2014-03-25,9.78195571899414,FIBRAMQ12.MX
2014-03-26,9.65319538116455,FIBRAMQ12.MX
2014-03-27,9.838293075561523,FIBRAMQ12.MX
2014-03-28,9.862436294555664,FIBRAMQ12.MX
2014-03-31,9.85036563873291,FIBRAMQ12.MX
2014-04-01,9.64917278289795,FIBRAMQ12.MX
2014-04-02,9.508338928222656,FIBRAMQ12.MX
2014-04-03,9.295075416564941,FIBRAMQ12.MX
2014-04-04,9.480170249938965,FIBRAMQ12.MX
2014-04-07,9.423837661743164,FIBRAMQ12.MX
2014-04-08,9.524435997009277,FIBRAMQ12.MX
2014-04-09,9.460057258605957,FIBRAMQ12.MX
2014-04-10,9.55260181427002,FIBRAMQ12.MX
2014-04-11,9.512357711791992,FIBRAMQ12.MX
2014-04-14,9.460057258605957,FIBRAMQ12.MX
2014-04-15,9.44395637512207,FIBRAMQ12.MX
2014-04-16,9.592841148376465,FIBRAMQ12.MX
2014-04-21,9.842318534851074,FIBRAMQ12.MX
2014-04-22,9.930840492248535,FIBRAMQ12.MX
2014-04-23,9.814151763916016,FIBRAMQ12.MX
2014-04-24,9.898652076721191,FIBRAMQ12.MX
2014-04-25,9.95901107788086,FIBRAMQ12.MX
2014-04-28,9.701483726501465,FIBRAMQ12.MX
2014-04-29,9.967058181762695,FIBRAMQ12.MX
2014-04-30,9.995223045349121,FIBRAMQ12.MX
2014-05-02,10.321154594421387,FIBRAMQ12.MX
2014-05-05,10.42175579071045,FIBRAMQ12.MX
2014-05-06,10.393582344055176,FIBRAMQ12.MX
2014-05-07,10.329200744628906,FIBRAMQ12.MX
2014-05-08,10.292986869812012,FIBRAMQ12.MX
2014-05-09,10.361392974853516,FIBRAMQ12.MX
2014-05-12,10.284934997558594,FIBRAMQ12.MX
2014-05-13,10.40928840637207,FIBRAMQ12.MX
2014-05-14,10.417479515075684,FIBRAMQ12.MX
2014-05-15,10.286389350891113,FIBRAMQ12.MX
2014-05-16,10.31916332244873,FIBRAMQ12.MX
2014-05-19,10.298678398132324,FIBRAMQ12.MX
2014-05-20,10.3150634765625,FIBRAMQ12.MX
2014-05-21,10.163493156433105,FIBRAMQ12.MX
2014-05-22,10.196268081665039,FIBRAMQ12.MX
2014-05-23,10.220845222473145,FIBRAMQ12.MX
2014-05-26,10.274102210998535,FIBRAMQ12.MX
2014-05-27,10.237229347229004,FIBRAMQ12.MX
2014-05-28,10.196268081665039,FIBRAMQ12.MX
2014-05-29,10.220845222473145,FIBRAMQ12.MX
2014-05-30,9.909509658813477,FIBRAMQ12.MX
2014-06-02,10.155299186706543,FIBRAMQ12.MX
2014-06-03,10.253618240356445,FIBRAMQ12.MX
2014-06-04,10.241328239440918,FIBRAMQ12.MX
2014-06-05,10.229039192199707,FIBRAMQ12.MX
2014-06-06,10.585436820983887,FIBRAMQ12.MX
2014-06-09,10.610020637512207,FIBRAMQ12.MX
2014-06-10,10.634591102600098,FIBRAMQ12.MX
2014-06-11,10.51579475402832,FIBRAMQ12.MX
2014-06-12,10.495312690734863,FIBRAMQ12.MX
2014-06-13,10.4871187210083,FIBRAMQ12.MX
2014-06-16,10.511697769165039,FIBRAMQ12.MX
2014-06-17,10.564953804016113,FIBRAMQ12.MX
2014-06-18,10.564953804016113,FIBRAMQ12.MX
2014-06-19,10.548566818237305,FIBRAMQ12.MX
2014-06-20,10.540369987487793,FIBRAMQ12.MX
2014-06-23,10.8025541305542,FIBRAMQ12.MX
2014-06-24,10.818940162658691,FIBRAMQ12.MX
2014-06-25,10.76977825164795,FIBRAMQ12.MX
2014-06-26,10.806649208068848,FIBRAMQ12.MX
2014-06-27,10.810748100280762,FIBRAMQ12.MX
2014-06-30,11.015572547912598,FIBRAMQ12.MX
2014-07-01,11.138470649719238,FIBRAMQ12.MX
2014-07-02,11.056537628173828,FIBRAMQ12.MX
2014-07-03,11.158950805664062,FIBRAMQ12.MX
2014-07-04,11.14256477355957,FIBRAMQ12.MX
2014-07-07,11.306427955627441,FIBRAMQ12.MX
2014-07-08,11.081114768981934,FIBRAMQ12.MX
2014-07-09,10.921354293823242,FIBRAMQ12.MX
2014-07-10,10.986898422241211,FIBRAMQ12.MX
2014-07-11,10.921354293823242,FIBRAMQ12.MX
2014-07-14,11.163043975830078,FIBRAMQ12.MX
2014-07-15,11.163043975830078,FIBRAMQ12.MX
2014-07-16,11.306427955627441,FIBRAMQ12.MX
2014-07-17,11.00328254699707,FIBRAMQ12.MX
2014-07-18,10.995092391967773,FIBRAMQ12.MX
2014-07-21,11.060630798339844,FIBRAMQ12.MX
2014-07-22,11.273653984069824,FIBRAMQ12.MX
2014-07-23,11.535831451416016,FIBRAMQ12.MX
2014-07-24,11.380163192749023,FIBRAMQ12.MX
2014-07-25,11.302328109741211,FIBRAMQ12.MX
2014-07-28,11.244975090026855,FIBRAMQ12.MX
2014-07-29,11.244975090026855,FIBRAMQ12.MX
2014-07-30,11.068822860717773,FIBRAMQ12.MX
2014-07-31,10.929547309875488,FIBRAMQ12.MX
2014-08-01,10.72472095489502,FIBRAMQ12.MX
2014-08-04,10.737007141113281,FIBRAMQ12.MX
2014-08-05,10.650984764099121,FIBRAMQ12.MX
2014-08-06,10.606596946716309,FIBRAMQ12.MX
2014-08-07,10.923460006713867,FIBRAMQ12.MX
2014-08-08,10.877595901489258,FIBRAMQ12.MX
2014-08-11,10.631609916687012,FIBRAMQ12.MX
2014-08-12,10.631609916687012,FIBRAMQ12.MX
2014-08-13,10.64828872680664,FIBRAMQ12.MX
2014-08-14,10.635780334472656,FIBRAMQ12.MX
2014-08-15,10.635780334472656,FIBRAMQ12.MX
2014-08-18,10.80255126953125,FIBRAMQ12.MX
2014-08-19,10.769194602966309,FIBRAMQ12.MX
2014-08-20,10.877595901489258,FIBRAMQ12.MX
2014-08-21,11.136088371276855,FIBRAMQ12.MX
2014-08-22,11.044368743896484,FIBRAMQ12.MX
2014-08-25,11.123586654663086,FIBRAMQ12.MX
2014-08-26,11.11941146850586,FIBRAMQ12.MX
2014-08-27,10.960982322692871,FIBRAMQ12.MX
2014-08-28,10.92762565612793,FIBRAMQ12.MX
2014-08-29,10.92762565612793,FIBRAMQ12.MX
2014-09-01,11.111074447631836,FIBRAMQ12.MX
2014-09-02,10.852585792541504,FIBRAMQ12.MX
2014-09-03,10.873424530029297,FIBRAMQ12.MX
2014-09-04,10.88593578338623,FIBRAMQ12.MX
2014-09-05,10.660794258117676,FIBRAMQ12.MX
2014-09-08,10.798384666442871,FIBRAMQ12.MX
2014-09-09,10.710821151733398,FIBRAMQ12.MX
2014-09-10,10.489855766296387,FIBRAMQ12.MX
2014-09-11,10.423147201538086,FIBRAMQ12.MX
2014-09-12,10.331421852111816,FIBRAMQ12.MX
2014-09-15,10.281391143798828,FIBRAMQ12.MX
2014-09-17,10.235527992248535,FIBRAMQ12.MX
2014-09-18,9.826942443847656,FIBRAMQ12.MX
2014-09-19,9.968692779541016,FIBRAMQ12.MX
2014-09-22,9.843620300292969,FIBRAMQ12.MX
2014-09-23,9.743558883666992,FIBRAMQ12.MX
2014-09-24,9.993714332580566,FIBRAMQ12.MX
2014-09-25,9.897820472717285,FIBRAMQ12.MX
2014-09-26,9.835282325744629,FIBRAMQ12.MX
2014-09-29,9.785247802734375,FIBRAMQ12.MX
2014-09-30,9.860299110412598,FIBRAMQ12.MX
2014-10-01,9.764404296875,FIBRAMQ12.MX
2014-10-02,9.689358711242676,FIBRAMQ12.MX
2014-10-03,9.781081199645996,FIBRAMQ12.MX
2014-10-06,9.785247802734375,FIBRAMQ12.MX
2014-10-07,9.86863899230957,FIBRAMQ12.MX
2014-10-08,9.947851181030273,FIBRAMQ12.MX
2014-10-09,9.956191062927246,FIBRAMQ12.MX
2014-10-10,9.835282325744629,FIBRAMQ12.MX
2014-10-13,9.660171508789062,FIBRAMQ12.MX
2014-10-14,9.86863899230957,FIBRAMQ12.MX
2014-10-15,9.689358711242676,FIBRAMQ12.MX
2014-10-16,9.68519115447998,FIBRAMQ12.MX
2014-10-17,9.860299110412598,FIBRAMQ12.MX
2014-10-20,9.826942443847656,FIBRAMQ12.MX
2014-10-21,9.918665885925293,FIBRAMQ12.MX
2014-10-22,10.102115631103516,FIBRAMQ12.MX
2014-10-23,10.035406112670898,FIBRAMQ12.MX
2014-10-24,9.993714332580566,FIBRAMQ12.MX
2014-10-27,10.097944259643555,FIBRAMQ12.MX
2014-10-28,10.214683532714844,FIBRAMQ12.MX
2014-10-29,10.327254295349121,FIBRAMQ12.MX
2014-10-30,10.36894702911377,FIBRAMQ12.MX
2014-10-31,10.19800853729248,FIBRAMQ12.MX
2014-11-03,10.389791488647461,FIBRAMQ12.MX
2014-11-04,10.291755676269531,FIBRAMQ12.MX
2014-11-05,10.287528991699219,FIBRAMQ12.MX
2014-11-06,10.236811637878418,FIBRAMQ12.MX
2014-11-07,10.291755676269531,FIBRAMQ12.MX
2014-11-10,10.312887191772461,FIBRAMQ12.MX
2014-11-11,10.224132537841797,FIBRAMQ12.MX
2014-11-12,10.177639961242676,FIBRAMQ12.MX
2014-11-13,10.021254539489746,FIBRAMQ12.MX
2014-11-14,9.894457817077637,FIBRAMQ12.MX
2014-11-18,10.122694969177246,FIBRAMQ12.MX
2014-11-19,9.96630573272705,FIBRAMQ12.MX
2014-11-20,9.970536231994629,FIBRAMQ12.MX
2014-11-21,10.135371208190918,FIBRAMQ12.MX
2014-11-24,10.300207138061523,FIBRAMQ12.MX
2014-11-25,10.257941246032715,FIBRAMQ12.MX
2014-11-26,10.24103832244873,FIBRAMQ12.MX
2014-11-27,10.329791069030762,FIBRAMQ12.MX
2014-11-28,10.367835998535156,FIBRAMQ12.MX
2014-12-01,10.067747116088867,FIBRAMQ12.MX
2014-12-02,10.105785369873047,FIBRAMQ12.MX
2014-12-03,10.050841331481934,FIBRAMQ12.MX
2014-12-04,10.067747116088867,FIBRAMQ12.MX
2014-12-05,10.029706001281738,FIBRAMQ12.MX
2014-12-08,9.898681640625,FIBRAMQ12.MX
2014-12-09,9.759208679199219,FIBRAMQ12.MX
2014-12-10,9.835285186767578,FIBRAMQ12.MX
2014-12-11,9.640861511230469,FIBRAMQ12.MX
2014-12-15,9.366128921508789,FIBRAMQ12.MX
2014-12-16,9.488701820373535,FIBRAMQ12.MX
2014-12-17,9.877548217773438,FIBRAMQ12.MX
2014-12-18,10.346701622009277,FIBRAMQ12.MX
2014-12-19,10.283303260803223,FIBRAMQ12.MX
2014-12-22,10.257941246032715,FIBRAMQ12.MX
2014-12-23,10.257941246032715,FIBRAMQ12.MX
2014-12-24,10.232583045959473,FIBRAMQ12.MX
2014-12-26,10.283303260803223,FIBRAMQ12.MX
2014-12-29,10.295982360839844,FIBRAMQ12.MX
2014-12-30,10.186089515686035,FIBRAMQ12.MX
2014-12-31,10.68060302734375,FIBRAMQ12.MX
2015-01-02,10.350927352905273,FIBRAMQ12.MX
2015-01-05,10.046616554260254,FIBRAMQ12.MX
2015-01-06,10.16073226928711,FIBRAMQ12.MX
2015-01-07,9.949399948120117,FIBRAMQ12.MX
2015-01-08,10.012798309326172,FIBRAMQ12.MX
2015-01-09,9.936723709106445,FIBRAMQ12.MX
2015-01-12,9.91558837890625,FIBRAMQ12.MX
2015-01-13,10.088879585266113,FIBRAMQ12.MX
2015-01-14,10.257941246032715,FIBRAMQ12.MX
2015-01-15,10.346701622009277,FIBRAMQ12.MX
2015-01-16,10.435462951660156,FIBRAMQ12.MX
2015-01-19,10.46927261352539,FIBRAMQ12.MX
2015-01-20,10.50308609008789,FIBRAMQ12.MX
2015-01-21,10.50308609008789,FIBRAMQ12.MX
2015-01-22,10.68060302734375,FIBRAMQ12.MX
2015-01-23,10.651018142700195,FIBRAMQ12.MX
2015-01-26,10.836986541748047,FIBRAMQ12.MX
2015-01-27,10.879255294799805,FIBRAMQ12.MX
2015-01-28,10.887702941894531,FIBRAMQ12.MX
2015-01-29,10.57916259765625,FIBRAMQ12.MX
2015-01-30,10.431231498718262,FIBRAMQ12.MX
2015-02-03,10.342473030090332,FIBRAMQ12.MX
2015-02-04,10.270623207092285,FIBRAMQ12.MX
2015-02-05,10.465045928955078,FIBRAMQ12.MX
2015-02-06,10.312887191772461,FIBRAMQ12.MX
2015-02-09,10.350927352905273,FIBRAMQ12.MX
2015-02-10,10.47349739074707,FIBRAMQ12.MX
2015-02-11,10.198768615722656,FIBRAMQ12.MX
2015-02-12,10.405876159667969,FIBRAMQ12.MX
2015-02-13,10.431231498718262,FIBRAMQ12.MX
2015-02-16,10.42277717590332,FIBRAMQ12.MX
2015-02-17,10.549575805664062,FIBRAMQ12.MX
2015-02-18,10.481951713562012,FIBRAMQ12.MX
2015-02-19,10.739774703979492,FIBRAMQ12.MX
2015-02-20,10.69750690460205,FIBRAMQ12.MX
2015-02-23,10.642562866210938,FIBRAMQ12.MX
2015-02-24,10.727093696594238,FIBRAMQ12.MX
2015-02-25,10.85811996459961,FIBRAMQ12.MX
2015-02-26,10.887702941894531,FIBRAMQ12.MX
2015-02-27,10.870800971984863,FIBRAMQ12.MX
2015-03-02,10.756685256958008,FIBRAMQ12.MX
2015-03-03,10.798944473266602,FIBRAMQ12.MX
2015-03-04,10.465045928955078,FIBRAMQ12.MX
2015-03-05,10.317115783691406,FIBRAMQ12.MX
2015-03-06,10.143824577331543,FIBRAMQ12.MX
2015-03-09,10.07619857788086,FIBRAMQ12.MX
2015-03-10,10.053925514221191,FIBRAMQ12.MX
2015-03-11,10.0796537399292,FIBRAMQ12.MX
2015-03-12,10.096795082092285,FIBRAMQ12.MX
2015-03-13,10.139671325683594,FIBRAMQ12.MX
2015-03-17,10.208270072937012,FIBRAMQ12.MX
2015-03-18,10.444076538085938,FIBRAMQ12.MX
2015-03-19,10.345464706420898,FIBRAMQ12.MX
2015-03-20,10.298303604125977,FIBRAMQ12.MX
2015-03-23,10.31116771697998,FIBRAMQ12.MX
2015-03-24,10.31973934173584,FIBRAMQ12.MX
2015-03-25,10.229707717895508,FIBRAMQ12.MX
2015-03-26,10.203980445861816,FIBRAMQ12.MX
2015-03-27,10.289730072021484,FIBRAMQ12.MX
2015-03-30,10.328319549560547,FIBRAMQ12.MX
2015-03-31,10.259716033935547,FIBRAMQ12.MX
2015-04-01,10.41406536102295,FIBRAMQ12.MX
2015-04-06,10.50410270690918,FIBRAMQ12.MX
2015-04-07,10.559834480285645,FIBRAMQ12.MX
2015-04-08,10.585565567016602,FIBRAMQ12.MX
2015-04-09,10.469799995422363,FIBRAMQ12.MX
2015-04-10,10.512674331665039,FIBRAMQ12.MX
2015-04-13,10.341179847717285,FIBRAMQ12.MX
2015-04-14,10.096795082092285,FIBRAMQ12.MX
2015-04-15,10.3969144821167,FIBRAMQ12.MX
2015-04-16,10.324031829833984,FIBRAMQ12.MX
2015-04-17,10.418353080749512,FIBRAMQ12.MX
2015-04-20,10.3969144821167,FIBRAMQ12.MX
2015-04-21,10.349754333496094,FIBRAMQ12.MX
2015-04-22,10.2725830078125,FIBRAMQ12.MX
2015-04-23,10.328319549560547,FIBRAMQ12.MX
2015-04-24,10.456940650939941,FIBRAMQ12.MX
2015-04-27,10.35404109954834,FIBRAMQ12.MX
2015-04-28,10.29401683807373,FIBRAMQ12.MX
2015-04-29,10.208270072937012,FIBRAMQ12.MX
2015-04-30,9.97246265411377,FIBRAMQ12.MX
2015-05-04,10.118237495422363,FIBRAMQ12.MX
2015-05-05,10.105372428894043,FIBRAMQ12.MX
2015-05-06,10.109658241271973,FIBRAMQ12.MX
2015-05-07,9.85670280456543,FIBRAMQ12.MX
2015-05-08,10.006763458251953,FIBRAMQ12.MX
2015-05-11,10.083937644958496,FIBRAMQ12.MX
2015-05-12,10.147520065307617,FIBRAMQ12.MX
2015-05-13,10.01697826385498,FIBRAMQ12.MX
2015-05-14,9.925599098205566,FIBRAMQ12.MX
2015-05-15,9.89078426361084,FIBRAMQ12.MX
2015-05-18,10.112709045410156,FIBRAMQ12.MX
2015-05-19,9.947356224060059,FIBRAMQ12.MX
2015-05-20,9.91689395904541,FIBRAMQ12.MX
2015-05-21,9.7907075881958,FIBRAMQ12.MX
2015-05-22,9.664508819580078,FIBRAMQ12.MX
2015-05-25,9.586187362670898,FIBRAMQ12.MX
2015-05-26,9.621000289916992,FIBRAMQ12.MX
2015-05-27,9.568781852722168,FIBRAMQ12.MX
2015-05-28,9.59054183959961,FIBRAMQ12.MX
2015-05-29,9.760244369506836,FIBRAMQ12.MX
2015-06-01,9.708027839660645,FIBRAMQ12.MX
2015-06-02,9.721078872680664,FIBRAMQ12.MX
2015-06-03,9.67756462097168,FIBRAMQ12.MX
2015-06-04,9.499157905578613,FIBRAMQ12.MX
2015-06-05,9.607940673828125,FIBRAMQ12.MX
2015-06-08,9.625349044799805,FIBRAMQ12.MX
2015-06-09,9.446938514709473,FIBRAMQ12.MX
2015-06-10,9.47304916381836,FIBRAMQ12.MX
2015-06-11,9.486104011535645,FIBRAMQ12.MX
2015-06-12,9.512212753295898,FIBRAMQ12.MX
2015-06-15,9.551374435424805,FIBRAMQ12.MX
2015-06-16,9.503506660461426,FIBRAMQ12.MX
2015-06-17,9.455644607543945,FIBRAMQ12.MX
2015-06-18,9.560077667236328,FIBRAMQ12.MX
2015-06-19,9.573131561279297,FIBRAMQ12.MX
2015-06-22,9.516561508178711,FIBRAMQ12.MX
2015-06-23,9.773295402526855,FIBRAMQ12.MX
2015-06-24,9.481755256652832,FIBRAMQ12.MX
2015-06-25,9.459993362426758,FIBRAMQ12.MX
2015-06-26,9.533968925476074,FIBRAMQ12.MX
2015-06-29,9.586187362670898,FIBRAMQ12.MX
2015-06-30,9.442591667175293,FIBRAMQ12.MX
2015-07-01,9.568781852722168,FIBRAMQ12.MX
2015-07-02,9.668863296508789,FIBRAMQ12.MX
2015-07-03,9.67321491241455,FIBRAMQ12.MX
2015-07-06,9.716730117797852,FIBRAMQ12.MX
2015-07-07,9.760244369506836,FIBRAMQ12.MX
2015-07-08,9.629701614379883,FIBRAMQ12.MX
2015-07-09,9.79505729675293,FIBRAMQ12.MX
2015-07-10,9.773295402526855,FIBRAMQ12.MX
2015-07-13,9.71237850189209,FIBRAMQ12.MX
2015-07-14,9.734136581420898,FIBRAMQ12.MX
2015-07-15,9.664508819580078,FIBRAMQ12.MX
2015-07-16,9.69497299194336,FIBRAMQ12.MX
2015-07-17,9.642752647399902,FIBRAMQ12.MX
2015-07-20,9.655810356140137,FIBRAMQ12.MX
2015-07-21,9.716730117797852,FIBRAMQ12.MX
2015-07-22,9.621000289916992,FIBRAMQ12.MX
2015-07-23,9.638406753540039,FIBRAMQ12.MX
2015-07-24,9.686272621154785,FIBRAMQ12.MX
2015-07-27,9.78635311126709,FIBRAMQ12.MX
2015-07-28,9.834220886230469,FIBRAMQ12.MX
2015-07-29,10.138819694519043,FIBRAMQ12.MX
2015-07-30,10.352038383483887,FIBRAMQ12.MX
2015-07-31,10.408605575561523,FIBRAMQ12.MX
2015-08-03,10.386849403381348,FIBRAMQ12.MX
2015-08-04,10.386849403381348,FIBRAMQ12.MX
2015-08-05,10.273711204528809,FIBRAMQ12.MX
2015-08-06,10.217514991760254,FIBRAMQ12.MX
2015-08-07,10.314737319946289,FIBRAMQ12.MX
2015-08-10,10.526867866516113,FIBRAMQ12.MX
2015-08-11,10.540122985839844,FIBRAMQ12.MX
2015-08-12,10.473833084106445,FIBRAMQ12.MX
2015-08-13,10.566641807556152,FIBRAMQ12.MX
2015-08-14,10.518026351928711,FIBRAMQ12.MX
2015-08-17,10.500347137451172,FIBRAMQ12.MX
2015-08-18,10.323575019836426,FIBRAMQ12.MX
2015-08-19,10.491510391235352,FIBRAMQ12.MX
2015-08-20,10.522444725036621,FIBRAMQ12.MX
2015-08-21,10.425223350524902,FIBRAMQ12.MX
2015-08-24,10.098191261291504,FIBRAMQ12.MX
2015-08-25,10.327998161315918,FIBRAMQ12.MX
2015-08-26,10.385448455810547,FIBRAMQ12.MX
2015-08-27,10.208672523498535,FIBRAMQ12.MX
2015-08-28,10.217514991760254,FIBRAMQ12.MX
2015-08-31,10.058415412902832,FIBRAMQ12.MX
2015-09-01,9.996543884277344,FIBRAMQ12.MX
2015-09-02,9.9479341506958,FIBRAMQ12.MX
2015-09-03,9.987706184387207,FIBRAMQ12.MX
2015-09-04,9.881640434265137,FIBRAMQ12.MX
2015-09-07,9.943511009216309,FIBRAMQ12.MX
2015-09-08,10.12470531463623,FIBRAMQ12.MX
2015-09-09,10.031899452209473,FIBRAMQ12.MX
2015-09-10,10.173318862915039,FIBRAMQ12.MX
2015-09-11,10.076092720031738,FIBRAMQ12.MX
2015-09-14,10.226347923278809,FIBRAMQ12.MX
2015-09-15,9.987706184387207,FIBRAMQ12.MX
2015-09-17,10.049575805664062,FIBRAMQ12.MX
2015-09-18,9.965611457824707,FIBRAMQ12.MX
2015-09-21,10.01864242553711,FIBRAMQ12.MX
2015-09-22,10.014220237731934,FIBRAMQ12.MX
2015-09-23,9.943511009216309,FIBRAMQ12.MX
2015-09-24,9.921414375305176,FIBRAMQ12.MX
2015-09-25,9.625321388244629,FIBRAMQ12.MX
2015-09-28,9.58554744720459,FIBRAMQ12.MX
2015-09-29,9.444127082824707,FIBRAMQ12.MX
2015-09-30,9.435286521911621,FIBRAMQ12.MX
2015-10-01,9.696032524108887,FIBRAMQ12.MX
2015-10-02,9.691611289978027,FIBRAMQ12.MX
2015-10-05,9.718125343322754,FIBRAMQ12.MX
2015-10-06,9.612062454223633,FIBRAMQ12.MX
2015-10-07,9.709284782409668,FIBRAMQ12.MX
2015-10-08,9.7313871383667,FIBRAMQ12.MX
2015-10-09,9.987706184387207,FIBRAMQ12.MX
2015-10-12,9.939090728759766,FIBRAMQ12.MX
2015-10-13,9.863964080810547,FIBRAMQ12.MX
2015-10-14,9.793254852294922,FIBRAMQ12.MX
2015-10-15,9.771160125732422,FIBRAMQ12.MX
2015-10-16,9.859545707702637,FIBRAMQ12.MX
2015-10-19,9.952351570129395,FIBRAMQ12.MX
2015-10-20,9.908159255981445,FIBRAMQ12.MX
2015-10-21,10.049575805664062,FIBRAMQ12.MX
2015-10-22,10.062834739685059,FIBRAMQ12.MX
2015-10-23,10.076092720031738,FIBRAMQ12.MX
2015-10-26,10.182158470153809,FIBRAMQ12.MX
2015-10-27,10.173318862915039,FIBRAMQ12.MX
2015-10-28,10.04073715209961,FIBRAMQ12.MX
2015-10-29,10.12470531463623,FIBRAMQ12.MX
2015-10-30,10.133541107177734,FIBRAMQ12.MX
2015-11-03,10.217514991760254,FIBRAMQ12.MX
2015-11-04,10.257287979125977,FIBRAMQ12.MX
2015-11-05,10.29263973236084,FIBRAMQ12.MX
2015-11-06,10.209793090820312,FIBRAMQ12.MX
2015-11-09,10.025389671325684,FIBRAMQ12.MX
2015-11-10,10.007392883300781,FIBRAMQ12.MX
2015-11-11,10.025389671325684,FIBRAMQ12.MX
2015-11-12,10.151323318481445,FIBRAMQ12.MX
2015-11-13,10.128832817077637,FIBRAMQ12.MX
2015-11-17,10.13782787322998,FIBRAMQ12.MX
2015-11-18,10.11084270477295,FIBRAMQ12.MX
2015-11-19,10.304244995117188,FIBRAMQ12.MX
2015-11-20,10.317739486694336,FIBRAMQ12.MX
2015-11-23,10.340225219726562,FIBRAMQ12.MX
2015-11-24,10.227782249450684,FIBRAMQ12.MX
2015-11-25,9.971413612365723,FIBRAMQ12.MX
2015-11-26,9.971413612365723,FIBRAMQ12.MX
2015-11-27,10.128832817077637,FIBRAMQ12.MX
2015-11-30,9.854473114013672,FIBRAMQ12.MX
2015-12-01,9.980408668518066,FIBRAMQ12.MX
2015-12-02,10.074861526489258,FIBRAMQ12.MX
2015-12-03,10.11084270477295,FIBRAMQ12.MX
2015-12-04,10.020888328552246,FIBRAMQ12.MX
2015-12-07,9.912942886352539,FIBRAMQ12.MX
2015-12-08,9.89944839477539,FIBRAMQ12.MX
2015-12-09,10.070364952087402,FIBRAMQ12.MX
2015-12-10,10.043378829956055,FIBRAMQ12.MX
2015-12-11,10.03887939453125,FIBRAMQ12.MX
2015-12-14,9.975910186767578,FIBRAMQ12.MX
2015-12-15,10.200793266296387,FIBRAMQ12.MX
2015-12-16,10.043378829956055,FIBRAMQ12.MX
2015-12-17,10.016392707824707,FIBRAMQ12.MX
2015-12-18,9.822988510131836,FIBRAMQ12.MX
2015-12-21,9.89944839477539,FIBRAMQ12.MX
2015-12-22,9.984907150268555,FIBRAMQ12.MX
2015-12-23,10.101847648620605,FIBRAMQ12.MX
2015-12-24,10.115338325500488,FIBRAMQ12.MX
2015-12-28,10.164813995361328,FIBRAMQ12.MX
2015-12-29,10.002896308898926,FIBRAMQ12.MX
2015-12-30,9.885954856872559,FIBRAMQ12.MX
2015-12-31,9.827486991882324,FIBRAMQ12.MX
2016-01-04,9.917439460754395,FIBRAMQ12.MX
2016-01-05,9.98940372467041,FIBRAMQ12.MX
2016-01-06,10.03887939453125,FIBRAMQ12.MX
2016-01-07,9.737529754638672,FIBRAMQ12.MX
2016-01-08,9.652077674865723,FIBRAMQ12.MX
2016-01-11,9.796004295349121,FIBRAMQ12.MX
2016-01-12,9.66107177734375,FIBRAMQ12.MX
2016-01-13,9.503652572631836,FIBRAMQ12.MX
2016-01-14,9.715047836303711,FIBRAMQ12.MX
2016-01-15,9.706047058105469,FIBRAMQ12.MX
2016-01-18,9.625088691711426,FIBRAMQ12.MX
2016-01-19,9.683561325073242,FIBRAMQ12.MX
2016-01-20,9.575615882873535,FIBRAMQ12.MX
2016-01-21,9.616096496582031,FIBRAMQ12.MX
2016-01-22,9.575615882873535,FIBRAMQ12.MX
2016-01-25,9.580113410949707,FIBRAMQ12.MX
2016-01-26,9.616096496582031,FIBRAMQ12.MX
2016-01-27,9.445182800292969,FIBRAMQ12.MX
2016-01-28,9.616096496582031,FIBRAMQ12.MX
2016-01-29,9.638586044311523,FIBRAMQ12.MX
2016-02-02,9.589107513427734,FIBRAMQ12.MX
2016-02-03,9.724037170410156,FIBRAMQ12.MX
2016-02-04,9.95792007446289,FIBRAMQ12.MX
2016-02-05,9.575615882873535,FIBRAMQ12.MX
2016-02-08,9.476662635803223,FIBRAMQ12.MX
2016-02-09,9.719541549682617,FIBRAMQ12.MX
2016-02-10,9.804996490478516,FIBRAMQ12.MX
2016-02-11,9.813993453979492,FIBRAMQ12.MX
2016-02-12,9.813993453979492,FIBRAMQ12.MX
2016-02-15,9.840977668762207,FIBRAMQ12.MX
2016-02-16,9.953421592712402,FIBRAMQ12.MX
2016-02-17,10.115338325500488,FIBRAMQ12.MX
2016-02-18,10.142327308654785,FIBRAMQ12.MX
2016-02-19,10.043378829956055,FIBRAMQ12.MX
2016-02-22,10.101847648620605,FIBRAMQ12.MX
2016-02-23,9.971413612365723,FIBRAMQ12.MX
2016-02-24,10.034380912780762,FIBRAMQ12.MX
2016-02-25,10.020888328552246,FIBRAMQ12.MX
2016-02-26,9.984907150268555,FIBRAMQ12.MX
2016-02-29,10.281755447387695,FIBRAMQ12.MX
2016-03-01,10.344720840454102,FIBRAMQ12.MX
2016-03-02,10.421187400817871,FIBRAMQ12.MX
2016-03-03,10.1693115234375,FIBRAMQ12.MX
2016-03-04,10.344720840454102,FIBRAMQ12.MX
2016-03-07,10.303094863891602,FIBRAMQ12.MX
2016-03-08,10.289342880249023,FIBRAMQ12.MX
2016-03-09,10.29851245880127,FIBRAMQ12.MX
2016-03-10,10.156367301940918,FIBRAMQ12.MX
2016-03-11,10.087589263916016,FIBRAMQ12.MX
2016-03-14,10.083003044128418,FIBRAMQ12.MX
2016-03-15,10.087589263916016,FIBRAMQ12.MX
2016-03-16,10.04173755645752,FIBRAMQ12.MX
2016-03-17,10.289342880249023,FIBRAMQ12.MX
2016-03-18,10.417729377746582,FIBRAMQ12.MX
2016-03-22,10.40855598449707,FIBRAMQ12.MX
2016-03-23,10.399385452270508,FIBRAMQ12.MX
2016-03-28,10.40855598449707,FIBRAMQ12.MX
2016-03-29,10.477336883544922,FIBRAMQ12.MX
2016-03-30,10.486510276794434,FIBRAMQ12.MX
2016-03-31,10.67908763885498,FIBRAMQ12.MX
2016-04-01,10.71118450164795,FIBRAMQ12.MX
2016-04-04,10.775379180908203,FIBRAMQ12.MX
2016-04-05,10.44524097442627,FIBRAMQ12.MX
2016-04-06,10.633235931396484,FIBRAMQ12.MX
2016-04-07,10.532357215881348,FIBRAMQ12.MX
2016-04-08,10.68825626373291,FIBRAMQ12.MX
2016-04-11,10.752452850341797,FIBRAMQ12.MX
2016-04-12,10.706597328186035,FIBRAMQ12.MX
2016-04-13,10.880840301513672,FIBRAMQ12.MX
2016-04-14,10.880840301513672,FIBRAMQ12.MX
2016-04-15,10.867085456848145,FIBRAMQ12.MX
2016-04-18,11.114688873291016,FIBRAMQ12.MX
2016-04-19,11.07800579071045,FIBRAMQ12.MX
2016-04-20,11.09176254272461,FIBRAMQ12.MX
2016-04-21,10.899184226989746,FIBRAMQ12.MX
2016-04-22,10.871670722961426,FIBRAMQ12.MX
2016-04-25,10.770792961120605,FIBRAMQ12.MX
2016-04-26,10.68825626373291,FIBRAMQ12.MX
2016-04-27,10.715770721435547,FIBRAMQ12.MX
2016-04-28,10.71118450164795,FIBRAMQ12.MX
2016-04-29,10.857915878295898,FIBRAMQ12.MX
2016-05-02,11.100932121276855,FIBRAMQ12.MX
2016-05-03,11.197227478027344,FIBRAMQ12.MX
2016-05-04,11.09176254272461,FIBRAMQ12.MX
2016-05-05,11.208476066589355,FIBRAMQ12.MX
2016-05-06,11.180480003356934,FIBRAMQ12.MX
2016-05-09,11.329798698425293,FIBRAMQ12.MX
2016-05-10,11.203810691833496,FIBRAMQ12.MX
2016-05-11,11.068487167358398,FIBRAMQ12.MX
2016-05-12,11.049823760986328,FIBRAMQ12.MX
2016-05-13,11.035822868347168,FIBRAMQ12.MX
2016-05-16,10.821168899536133,FIBRAMQ12.MX
2016-05-17,10.741850852966309,FIBRAMQ12.MX
2016-05-18,10.695181846618652,FIBRAMQ12.MX
2016-05-19,10.63918399810791,FIBRAMQ12.MX
2016-05-20,10.727849006652832,FIBRAMQ12.MX
2016-05-23,10.774506568908691,FIBRAMQ12.MX
2016-05-24,11.007827758789062,FIBRAMQ12.MX
2016-05-25,11.05915641784668,FIBRAMQ12.MX
2016-05-26,11.082484245300293,FIBRAMQ12.MX
2016-05-27,11.101150512695312,FIBRAMQ12.MX
2016-05-30,11.091818809509277,FIBRAMQ12.MX
2016-05-31,10.863167762756348,FIBRAMQ12.MX
2016-06-01,10.951830863952637,FIBRAMQ12.MX
2016-06-02,10.975159645080566,FIBRAMQ12.MX
2016-06-03,11.157149314880371,FIBRAMQ12.MX
2016-06-06,11.245806694030762,FIBRAMQ12.MX
2016-06-07,11.245806694030762,FIBRAMQ12.MX
2016-06-08,10.989161491394043,FIBRAMQ12.MX
2016-06-09,11.1384859085083,FIBRAMQ12.MX
2016-06-10,10.961160659790039,FIBRAMQ12.MX
2016-06-13,11.063820838928223,FIBRAMQ12.MX
2016-06-14,11.1384859085083,FIBRAMQ12.MX
2016-06-15,10.95649528503418,FIBRAMQ12.MX
2016-06-16,10.914498329162598,FIBRAMQ12.MX
2016-06-17,10.923830032348633,FIBRAMQ12.MX
2016-06-20,11.02182674407959,FIBRAMQ12.MX
2016-06-21,11.231806755065918,FIBRAMQ12.MX
2016-06-22,11.189809799194336,FIBRAMQ12.MX
2016-06-23,11.166481971740723,FIBRAMQ12.MX
2016-06-24,10.905165672302246,FIBRAMQ12.MX
2016-06-27,10.965827941894531,FIBRAMQ12.MX
2016-06-28,10.93783187866211,FIBRAMQ12.MX
2016-06-29,11.152484893798828,FIBRAMQ12.MX
2016-06-30,11.199142456054688,FIBRAMQ12.MX
2016-07-01,11.14781379699707,FIBRAMQ12.MX
2016-07-04,11.110483169555664,FIBRAMQ12.MX
2016-07-05,11.222476959228516,FIBRAMQ12.MX
2016-07-06,11.26914119720459,FIBRAMQ12.MX
2016-07-07,11.157149314880371,FIBRAMQ12.MX
2016-07-08,11.17114543914795,FIBRAMQ12.MX
2016-07-11,11.437128067016602,FIBRAMQ12.MX
2016-07-12,11.427794456481934,FIBRAMQ12.MX
2016-07-13,11.199142456054688,FIBRAMQ12.MX
2016-07-14,11.339133262634277,FIBRAMQ12.MX
2016-07-15,11.203810691833496,FIBRAMQ12.MX
2016-07-18,11.26914119720459,FIBRAMQ12.MX
2016-07-19,11.222476959228516,FIBRAMQ12.MX
2016-07-20,11.231806755065918,FIBRAMQ12.MX
2016-07-21,11.339133262634277,FIBRAMQ12.MX
2016-07-22,11.488456726074219,FIBRAMQ12.MX
2016-07-25,11.46512222290039,FIBRAMQ12.MX
2016-07-26,11.469786643981934,FIBRAMQ12.MX
2016-07-27,11.180480003356934,FIBRAMQ12.MX
2016-07-28,11.203810691833496,FIBRAMQ12.MX
2016-07-29,11.194474220275879,FIBRAMQ12.MX
2016-08-01,11.2738037109375,FIBRAMQ12.MX
2016-08-02,11.194474220275879,FIBRAMQ12.MX
2016-08-03,11.185144424438477,FIBRAMQ12.MX
2016-08-04,11.315802574157715,FIBRAMQ12.MX
2016-08-05,11.35859489440918,FIBRAMQ12.MX
2016-08-08,11.339599609375,FIBRAMQ12.MX
2016-08-09,11.353848457336426,FIBRAMQ12.MX
2016-08-10,11.24463176727295,FIBRAMQ12.MX
2016-08-11,11.178150177001953,FIBRAMQ12.MX
2016-08-12,11.27786636352539,FIBRAMQ12.MX
2016-08-15,11.43932056427002,FIBRAMQ12.MX
2016-08-16,11.581777572631836,FIBRAMQ12.MX
2016-08-17,11.377589225769043,FIBRAMQ12.MX
2016-08-18,11.496305465698242,FIBRAMQ12.MX
2016-08-19,11.586528778076172,FIBRAMQ12.MX
2016-08-22,11.619770050048828,FIBRAMQ12.MX
2016-08-23,11.401334762573242,FIBRAMQ12.MX
2016-08-24,11.624517440795898,FIBRAMQ12.MX
2016-08-25,11.676753044128418,FIBRAMQ12.MX
2016-08-26,11.591276168823242,FIBRAMQ12.MX
2016-08-29,11.581777572631836,FIBRAMQ12.MX
2016-08-30,11.586528778076172,FIBRAMQ12.MX
2016-08-31,11.605523109436035,FIBRAMQ12.MX
2016-09-01,11.781219482421875,FIBRAMQ12.MX
2016-09-02,11.653013229370117,FIBRAMQ12.MX
2016-09-05,11.795467376708984,FIBRAMQ12.MX
2016-09-06,11.600776672363281,FIBRAMQ12.MX
2016-09-07,11.71949291229248,FIBRAMQ12.MX
2016-09-08,11.690998077392578,FIBRAMQ12.MX
2016-09-09,11.458316802978516,FIBRAMQ12.MX
2016-09-12,11.178150177001953,FIBRAMQ12.MX
2016-09-13,11.002450942993164,FIBRAMQ12.MX
2016-09-14,10.826753616333008,FIBRAMQ12.MX
2016-09-15,10.798264503479004,FIBRAMQ12.MX
2016-09-19,10.940720558166504,FIBRAMQ12.MX
2016-09-20,11.064188003540039,FIBRAMQ12.MX
2016-09-21,11.13066291809082,FIBRAMQ12.MX
2016-09-22,11.23987865447998,FIBRAMQ12.MX
2016-09-23,11.339599609375,FIBRAMQ12.MX
2016-09-26,11.159153938293457,FIBRAMQ12.MX
2016-09-27,11.254128456115723,FIBRAMQ12.MX
2016-09-28,11.401334762573242,FIBRAMQ12.MX
2016-09-29,11.391833305358887,FIBRAMQ12.MX
2016-09-30,11.2683744430542,FIBRAMQ12.MX
2016-10-03,11.420329093933105,FIBRAMQ12.MX
2016-10-04,11.382341384887695,FIBRAMQ12.MX
2016-10-05,11.382341384887695,FIBRAMQ12.MX
2016-10-06,11.47730827331543,FIBRAMQ12.MX
2016-10-07,11.377589225769043,FIBRAMQ12.MX
2016-10-10,11.401334762573242,FIBRAMQ12.MX
2016-10-11,11.396583557128906,FIBRAMQ12.MX
2016-10-12,11.29686450958252,FIBRAMQ12.MX
2016-10-13,11.201894760131836,FIBRAMQ12.MX
2016-10-14,11.387088775634766,FIBRAMQ12.MX
2016-10-17,11.396583557128906,FIBRAMQ12.MX
2016-10-18,11.415579795837402,FIBRAMQ12.MX
2016-10-19,11.562783241271973,FIBRAMQ12.MX
2016-10-20,11.43932056427002,FIBRAMQ12.MX
2016-10-21,11.391833305358887,FIBRAMQ12.MX
2016-10-24,11.396583557128906,FIBRAMQ12.MX
2016-10-25,11.2683744430542,FIBRAMQ12.MX
2016-10-26,11.254128456115723,FIBRAMQ12.MX
2016-10-27,11.249380111694336,FIBRAMQ12.MX
2016-10-28,11.306364059448242,FIBRAMQ12.MX
2016-10-31,11.306364059448242,FIBRAMQ12.MX
2016-11-01,11.1259126663208,FIBRAMQ12.MX
2016-11-03,10.88373851776123,FIBRAMQ12.MX
2016-11-04,10.897984504699707,FIBRAMQ12.MX
2016-11-07,11.241480827331543,FIBRAMQ12.MX
2016-11-08,11.207616806030273,FIBRAMQ12.MX
2016-11-09,11.072175979614258,FIBRAMQ12.MX
2016-11-10,10.394980430603027,FIBRAMQ12.MX
2016-11-11,10.148287773132324,FIBRAMQ12.MX
2016-11-14,10.017685890197754,FIBRAMQ12.MX
2016-11-15,10.206332206726074,FIBRAMQ12.MX
2016-11-16,10.201498031616211,FIBRAMQ12.MX
2016-11-17,9.838715553283691,FIBRAMQ12.MX
2016-11-18,9.330812454223633,FIBRAMQ12.MX
2016-11-22,9.480766296386719,FIBRAMQ12.MX
2016-11-23,9.38402271270752,FIBRAMQ12.MX
2016-11-24,9.413044929504395,FIBRAMQ12.MX
2016-11-25,9.606528282165527,FIBRAMQ12.MX
2016-11-28,9.625875473022461,FIBRAMQ12.MX
2016-11-29,9.877410888671875,FIBRAMQ12.MX
2016-11-30,9.974152565002441,FIBRAMQ12.MX
2016-12-01,9.911270141601562,FIBRAMQ12.MX
2016-12-02,10.075729370117188,FIBRAMQ12.MX
2016-12-05,10.148287773132324,FIBRAMQ12.MX
2016-12-06,10.085405349731445,FIBRAMQ12.MX
2016-12-07,10.017685890197754,FIBRAMQ12.MX
2016-12-08,10.08056926727295,FIBRAMQ12.MX
2016-12-09,10.264378547668457,FIBRAMQ12.MX
2016-12-13,10.390144348144531,FIBRAMQ12.MX
2016-12-14,10.312750816345215,FIBRAMQ12.MX
2016-12-15,10.196660041809082,FIBRAMQ12.MX
2016-12-16,10.264378547668457,FIBRAMQ12.MX
2016-12-19,10.351448059082031,FIBRAMQ12.MX
2016-12-20,10.390144348144531,FIBRAMQ12.MX
2016-12-21,10.17247200012207,FIBRAMQ12.MX
2016-12-22,10.12894058227539,FIBRAMQ12.MX
2016-12-23,10.085405349731445,FIBRAMQ12.MX
2016-12-26,10.051547050476074,FIBRAMQ12.MX
2016-12-27,10.075729370117188,FIBRAMQ12.MX
2016-12-28,10.138612747192383,FIBRAMQ12.MX
2016-12-29,10.182148933410645,FIBRAMQ12.MX
2016-12-30,10.332101821899414,FIBRAMQ12.MX
2017-01-02,10.332101821899414,FIBRAMQ12.MX
2017-01-03,10.564278602600098,FIBRAMQ12.MX
2017-01-04,10.62232494354248,FIBRAMQ12.MX
2017-01-05,10.32242488861084,FIBRAMQ12.MX
2017-01-06,10.22568416595459,FIBRAMQ12.MX
2017-01-09,10.095078468322754,FIBRAMQ12.MX
2017-01-10,10.206332206726074,FIBRAMQ12.MX
2017-01-11,10.162797927856445,FIBRAMQ12.MX
2017-01-12,10.124101638793945,FIBRAMQ12.MX
2017-01-13,10.133776664733887,FIBRAMQ12.MX
2017-01-16,10.341772079467773,FIBRAMQ12.MX
2017-01-17,10.008011817932129,FIBRAMQ12.MX
2017-01-18,9.872573852539062,FIBRAMQ12.MX
2017-01-19,10.037034034729004,FIBRAMQ12.MX
2017-01-20,9.925780296325684,FIBRAMQ12.MX
2017-01-23,10.037034034729004,FIBRAMQ12.MX
2017-01-24,10.104756355285645,FIBRAMQ12.MX
2017-01-25,10.254703521728516,FIBRAMQ12.MX
2017-01-26,10.17247200012207,FIBRAMQ12.MX
2017-01-27,10.017685890197754,FIBRAMQ12.MX
2017-01-30,9.959639549255371,FIBRAMQ12.MX
2017-01-31,9.930615425109863,FIBRAMQ12.MX
2017-02-01,9.83387565612793,FIBRAMQ12.MX
2017-02-02,10.032197952270508,FIBRAMQ12.MX
2017-02-03,9.930615425109863,FIBRAMQ12.MX
2017-02-07,10.124101638793945,FIBRAMQ12.MX
2017-02-08,10.090242385864258,FIBRAMQ12.MX
2017-02-09,10.240196228027344,FIBRAMQ12.MX
2017-02-10,10.196660041809082,FIBRAMQ12.MX
2017-02-13,10.186984062194824,FIBRAMQ12.MX
2017-02-14,10.1773099899292,FIBRAMQ12.MX
2017-02-15,10.162797927856445,FIBRAMQ12.MX
2017-02-16,10.443353652954102,FIBRAMQ12.MX
2017-02-17,10.332101821899414,FIBRAMQ12.MX
2017-02-20,10.30791187286377,FIBRAMQ12.MX
2017-02-21,10.24986743927002,FIBRAMQ12.MX
2017-02-22,10.245030403137207,FIBRAMQ12.MX
2017-02-23,10.32726001739502,FIBRAMQ12.MX
2017-02-24,10.201498031616211,FIBRAMQ12.MX
2017-02-27,10.259544372558594,FIBRAMQ12.MX
2017-02-28,10.00317668914795,FIBRAMQ12.MX
2017-03-01,10.264378547668457,FIBRAMQ12.MX
2017-03-02,10.12894058227539,FIBRAMQ12.MX
2017-03-03,10.336935997009277,FIBRAMQ12.MX
2017-03-06,10.28372859954834,FIBRAMQ12.MX
2017-03-07,10.165353775024414,FIBRAMQ12.MX
2017-03-08,10.071595191955566,FIBRAMQ12.MX
2017-03-09,10.204833030700684,FIBRAMQ12.MX
2017-03-10,10.417023658752441,FIBRAMQ12.MX
2017-03-13,10.071595191955566,FIBRAMQ12.MX
2017-03-14,10.130814552307129,FIBRAMQ12.MX
2017-03-15,10.07653522491455,FIBRAMQ12.MX
2017-03-16,10.14561653137207,FIBRAMQ12.MX
2017-03-17,10.190028190612793,FIBRAMQ12.MX
2017-03-21,10.2393798828125,FIBRAMQ12.MX
2017-03-22,10.111075401306152,FIBRAMQ12.MX
2017-03-23,10.10614013671875,FIBRAMQ12.MX
2017-03-24,10.04692554473877,FIBRAMQ12.MX
2017-03-27,10.150551795959473,FIBRAMQ12.MX
2017-03-28,10.10614013671875,FIBRAMQ12.MX
2017-03-29,10.199897766113281,FIBRAMQ12.MX
2017-03-30,10.214703559875488,FIBRAMQ12.MX
2017-03-31,10.338068008422852,FIBRAMQ12.MX
2017-04-03,10.658823013305664,FIBRAMQ12.MX
2017-04-04,10.772315979003906,FIBRAMQ12.MX
2017-04-05,10.663752555847168,FIBRAMQ12.MX
2017-04-06,10.599603652954102,FIBRAMQ12.MX
2017-04-07,10.668688774108887,FIBRAMQ12.MX
2017-04-10,10.569995880126953,FIBRAMQ12.MX
2017-04-11,10.505847930908203,FIBRAMQ12.MX
2017-04-12,10.352873802185059,FIBRAMQ12.MX
2017-04-17,10.377546310424805,FIBRAMQ12.MX
2017-04-18,10.244306564331055,FIBRAMQ12.MX
2017-04-19,10.219637870788574,FIBRAMQ12.MX
2017-04-20,10.18509292602539,FIBRAMQ12.MX
2017-04-21,10.451565742492676,FIBRAMQ12.MX
2017-04-24,10.402217864990234,FIBRAMQ12.MX
2017-04-25,10.619340896606445,FIBRAMQ12.MX
2017-04-26,10.495976448059082,FIBRAMQ12.MX
2017-04-27,10.486106872558594,FIBRAMQ12.MX
2017-04-28,10.18016242980957,FIBRAMQ12.MX
2017-05-02,10.288724899291992,FIBRAMQ12.MX
2017-05-03,10.254180908203125,FIBRAMQ12.MX
2017-05-04,10.14561653137207,FIBRAMQ12.MX
2017-05-05,10.189841270446777,FIBRAMQ12.MX
2017-05-08,10.184818267822266,FIBRAMQ12.MX
2017-05-09,10.099441528320312,FIBRAMQ12.MX
2017-05-10,10.159707069396973,FIBRAMQ12.MX
2017-05-11,10.149667739868164,FIBRAMQ12.MX
2017-05-12,10.14464282989502,FIBRAMQ12.MX
2017-05-15,10.189841270446777,FIBRAMQ12.MX
2017-05-16,10.124555587768555,FIBRAMQ12.MX
2017-05-17,10.044200897216797,FIBRAMQ12.MX
2017-05-18,10.059266090393066,FIBRAMQ12.MX
2017-05-19,10.059266090393066,FIBRAMQ12.MX
2017-05-22,10.044200897216797,FIBRAMQ12.MX
2017-05-23,10.014066696166992,FIBRAMQ12.MX
2017-05-24,9.90860652923584,FIBRAMQ12.MX
2017-05-25,9.818203926086426,FIBRAMQ12.MX
2017-05-26,9.878469467163086,FIBRAMQ12.MX
2017-05-29,9.883489608764648,FIBRAMQ12.MX
2017-05-30,9.863404273986816,FIBRAMQ12.MX
2017-05-31,9.657495498657227,FIBRAMQ12.MX
2017-06-01,9.80313777923584,FIBRAMQ12.MX
2017-06-02,9.76296329498291,FIBRAMQ12.MX
2017-06-05,9.858383178710938,FIBRAMQ12.MX
2017-06-06,9.783050537109375,FIBRAMQ12.MX
2017-06-07,9.69265079498291,FIBRAMQ12.MX
2017-06-08,9.80313777923584,FIBRAMQ12.MX
2017-06-09,9.878469467163086,FIBRAMQ12.MX
2017-06-12,9.868426322937012,FIBRAMQ12.MX
2017-06-13,10.11953067779541,FIBRAMQ12.MX
2017-06-14,10.009045600891113,FIBRAMQ12.MX
2017-06-15,9.943756103515625,FIBRAMQ12.MX
2017-06-16,10.335482597351074,FIBRAMQ12.MX
2017-06-19,10.179797172546387,FIBRAMQ12.MX
2017-06-20,10.340503692626953,FIBRAMQ12.MX
2017-06-21,10.290284156799316,FIBRAMQ12.MX
2017-06-22,10.390726089477539,FIBRAMQ12.MX
2017-06-23,10.491166114807129,FIBRAMQ12.MX
2017-06-26,10.671960830688477,FIBRAMQ12.MX
2017-06-27,10.676983833312988,FIBRAMQ12.MX
2017-06-28,10.727209091186523,FIBRAMQ12.MX
2017-06-29,10.827645301818848,FIBRAMQ12.MX
2017-06-30,10.782447814941406,FIBRAMQ12.MX
2017-07-03,10.722183227539062,FIBRAMQ12.MX
2017-07-04,10.69205093383789,FIBRAMQ12.MX
2017-07-05,10.762361526489258,FIBRAMQ12.MX
2017-07-06,10.687028884887695,FIBRAMQ12.MX
2017-07-07,10.872844696044922,FIBRAMQ12.MX
2017-07-10,10.802538871765137,FIBRAMQ12.MX
2017-07-11,10.737249374389648,FIBRAMQ12.MX
2017-07-12,10.802538871765137,FIBRAMQ12.MX
2017-07-13,10.792489051818848,FIBRAMQ12.MX
2017-07-14,10.9130220413208,FIBRAMQ12.MX
2017-07-17,10.792489051818848,FIBRAMQ12.MX
2017-07-18,10.792489051818848,FIBRAMQ12.MX
2017-07-19,10.702094078063965,FIBRAMQ12.MX
2017-07-20,10.782447814941406,FIBRAMQ12.MX
2017-07-21,10.762361526489258,FIBRAMQ12.MX
2017-07-24,10.87786865234375,FIBRAMQ12.MX
2017-07-25,10.802538871765137,FIBRAMQ12.MX
2017-07-26,10.862800598144531,FIBRAMQ12.MX
2017-07-27,10.953198432922363,FIBRAMQ12.MX
2017-07-28,10.958220481872559,FIBRAMQ12.MX
2017-07-31,11.043595314025879,FIBRAMQ12.MX
2017-08-01,11.043595314025879,FIBRAMQ12.MX
2017-08-02,11.048620223999023,FIBRAMQ12.MX
2017-08-03,11.083772659301758,FIBRAMQ12.MX
2017-08-04,11.108885765075684,FIBRAMQ12.MX
2017-08-07,11.088794708251953,FIBRAMQ12.MX
2017-08-08,11.128975868225098,FIBRAMQ12.MX
2017-08-09,11.25452709197998,FIBRAMQ12.MX
2017-08-10,11.284656524658203,FIBRAMQ12.MX
2017-08-11,11.515673637390137,FIBRAMQ12.MX
2017-08-14,11.641225814819336,FIBRAMQ12.MX
2017-08-15,11.706512451171875,FIBRAMQ12.MX
2017-08-16,11.601049423217773,FIBRAMQ12.MX
2017-08-17,11.545804977416992,FIBRAMQ12.MX
2017-08-18,11.741668701171875,FIBRAMQ12.MX
2017-08-21,11.771801948547363,FIBRAMQ12.MX
2017-08-22,11.575940132141113,FIBRAMQ12.MX
2017-08-23,11.736648559570312,FIBRAMQ12.MX
2017-08-24,11.756733894348145,FIBRAMQ12.MX
2017-08-25,11.771801948547363,FIBRAMQ12.MX
2017-08-28,11.726603507995605,FIBRAMQ12.MX
2017-08-29,11.726603507995605,FIBRAMQ12.MX
2017-08-30,11.771801948547363,FIBRAMQ12.MX
2017-08-31,12.053041458129883,FIBRAMQ12.MX
2017-09-01,12.073124885559082,FIBRAMQ12.MX
2017-09-04,11.882287979125977,FIBRAMQ12.MX
2017-09-05,11.852155685424805,FIBRAMQ12.MX
2017-09-06,11.947572708129883,FIBRAMQ12.MX
2017-09-07,12.073124885559082,FIBRAMQ12.MX
2017-09-08,11.967662811279297,FIBRAMQ12.MX
2017-09-11,12.088193893432617,FIBRAMQ12.MX
2017-09-12,12.133394241333008,FIBRAMQ12.MX
2017-09-13,12.088193893432617,FIBRAMQ12.MX
2017-09-14,12.088193893432617,FIBRAMQ12.MX
2017-09-15,12.133394241333008,FIBRAMQ12.MX
2017-09-18,12.073124885559082,FIBRAMQ12.MX
2017-09-19,12.128373146057129,FIBRAMQ12.MX
2017-09-20,12.108283042907715,FIBRAMQ12.MX
2017-09-21,12.128373146057129,FIBRAMQ12.MX
2017-09-22,12.078142166137695,FIBRAMQ12.MX
2017-09-25,12.113306999206543,FIBRAMQ12.MX
2017-09-26,12.06810474395752,FIBRAMQ12.MX
2017-09-27,12.108283042907715,FIBRAMQ12.MX
2017-09-28,12.078142166137695,FIBRAMQ12.MX
2017-09-29,12.108283042907715,FIBRAMQ12.MX
2017-10-02,11.987752914428711,FIBRAMQ12.MX
2017-10-03,11.927485466003418,FIBRAMQ12.MX
2017-10-04,11.862197875976562,FIBRAMQ12.MX
2017-10-05,11.721580505371094,FIBRAMQ12.MX
2017-10-06,11.596029281616211,FIBRAMQ12.MX
2017-10-09,11.39012336730957,FIBRAMQ12.MX
2017-10-10,11.289679527282715,FIBRAMQ12.MX
2017-10-11,11.540786743164062,FIBRAMQ12.MX
2017-10-12,11.385104179382324,FIBRAMQ12.MX
2017-10-13,11.319811820983887,FIBRAMQ12.MX
2017-10-16,11.334877967834473,FIBRAMQ12.MX
2017-10-17,11.284656524658203,FIBRAMQ12.MX
2017-10-18,11.199278831481934,FIBRAMQ12.MX
2017-10-19,11.22439193725586,FIBRAMQ12.MX
2017-10-20,11.359993934631348,FIBRAMQ12.MX
2017-10-23,11.450383186340332,FIBRAMQ12.MX
2017-10-24,11.721580505371094,FIBRAMQ12.MX
2017-10-25,11.25452709197998,FIBRAMQ12.MX
2017-10-26,11.530739784240723,FIBRAMQ12.MX
2017-10-27,11.405187606811523,FIBRAMQ12.MX
2017-10-30,11.18421459197998,FIBRAMQ12.MX
2017-10-31,11.550827980041504,FIBRAMQ12.MX
2017-11-01,11.435321807861328,FIBRAMQ12.MX
2017-11-03,11.470474243164062,FIBRAMQ12.MX
2017-11-06,11.60607624053955,FIBRAMQ12.MX
2017-11-07,11.57091999053955,FIBRAMQ12.MX
2017-11-08,11.503609657287598,FIBRAMQ12.MX
2017-11-09,11.355667114257812,FIBRAMQ12.MX
2017-11-10,10.998571395874023,FIBRAMQ12.MX
2017-11-13,11.11590576171875,FIBRAMQ12.MX
2017-11-14,11.059789657592773,FIBRAMQ12.MX
2017-11-15,10.8965482711792,FIBRAMQ12.MX
2017-11-16,10.784313201904297,FIBRAMQ12.MX
2017-11-17,11.187325477600098,FIBRAMQ12.MX
2017-11-21,11.47810173034668,FIBRAMQ12.MX
2017-11-22,11.238338470458984,FIBRAMQ12.MX
2017-11-23,11.161813735961914,FIBRAMQ12.MX
2017-11-24,10.978166580200195,FIBRAMQ12.MX
2017-11-27,10.932257652282715,FIBRAMQ12.MX
2017-11-28,10.978166580200195,FIBRAMQ12.MX
2017-11-29,11.085295677185059,FIBRAMQ12.MX
2017-11-30,11.416887283325195,FIBRAMQ12.MX
2017-12-01,11.503609657287598,FIBRAMQ12.MX
2017-12-04,11.47810173034668,FIBRAMQ12.MX
2017-12-05,11.580131530761719,FIBRAMQ12.MX
2017-12-06,11.049586296081543,FIBRAMQ12.MX
2017-12-07,10.983269691467285,FIBRAMQ12.MX
2017-12-08,11.166916847229004,FIBRAMQ12.MX
2017-12-11,11.314858436584473,FIBRAMQ12.MX
2017-12-13,11.172018051147461,FIBRAMQ12.MX
2017-12-14,11.177119255065918,FIBRAMQ12.MX
2017-12-15,11.177119255065918,FIBRAMQ12.MX
2017-12-18,11.233238220214844,FIBRAMQ12.MX
2017-12-19,10.94755744934082,FIBRAMQ12.MX
2017-12-20,10.774114608764648,FIBRAMQ12.MX
2017-12-21,10.621070861816406,FIBRAMQ12.MX
2017-12-22,10.335392951965332,FIBRAMQ12.MX
2017-12-26,10.274175643920898,FIBRAMQ12.MX
2017-12-27,10.279277801513672,FIBRAMQ12.MX
2017-12-28,10.371103286743164,FIBRAMQ12.MX
2017-12-29,10.58536148071289,FIBRAMQ12.MX
2018-01-02,10.651679039001465,FIBRAMQ12.MX
2018-01-03,10.723099708557129,FIBRAMQ12.MX
2018-01-04,10.646574974060059,FIBRAMQ12.MX
2018-01-05,10.763910293579102,FIBRAMQ12.MX
2018-01-08,10.707794189453125,FIBRAMQ12.MX
2018-01-09,10.580256462097168,FIBRAMQ12.MX
2018-01-10,10.717997550964355,FIBRAMQ12.MX
2018-01-11,10.753705024719238,FIBRAMQ12.MX
2018-01-12,10.529243469238281,FIBRAMQ12.MX
2018-01-15,10.600668907165527,FIBRAMQ12.MX
2018-01-16,10.570056915283203,FIBRAMQ12.MX
2018-01-17,10.559854507446289,FIBRAMQ12.MX
2018-01-18,10.707794189453125,FIBRAMQ12.MX
2018-01-19,10.493535995483398,FIBRAMQ12.MX
2018-01-22,10.452725410461426,FIBRAMQ12.MX
2018-01-23,10.401713371276855,FIBRAMQ12.MX
2018-01-24,10.580256462097168,FIBRAMQ12.MX
2018-01-25,10.871036529541016,FIBRAMQ12.MX
2018-01-26,10.774114608764648,FIBRAMQ12.MX
2018-01-29,10.605765342712402,FIBRAMQ12.MX
2018-01-30,10.63127326965332,FIBRAMQ12.MX
2018-01-31,10.498640060424805,FIBRAMQ12.MX
2018-02-01,10.498640060424805,FIBRAMQ12.MX
2018-02-02,10.513940811157227,FIBRAMQ12.MX
2018-02-06,10.508838653564453,FIBRAMQ12.MX
2018-02-07,10.330292701721191,FIBRAMQ12.MX
2018-02-08,10.0446138381958,FIBRAMQ12.MX
2018-02-09,10.19255542755127,FIBRAMQ12.MX
2018-02-12,10.197656631469727,FIBRAMQ12.MX
2018-02-13,10.269076347351074,FIBRAMQ12.MX
2018-02-14,10.488430976867676,FIBRAMQ12.MX
2018-02-15,10.539446830749512,FIBRAMQ12.MX
2018-02-16,10.4578275680542,FIBRAMQ12.MX
2018-02-19,10.355796813964844,FIBRAMQ12.MX
2018-02-20,10.309889793395996,FIBRAMQ12.MX
2018-02-21,10.269076347351074,FIBRAMQ12.MX
2018-02-22,10.401713371276855,FIBRAMQ12.MX
2018-02-23,10.24356746673584,FIBRAMQ12.MX
2018-02-26,10.172148704528809,FIBRAMQ12.MX
2018-02-27,10.07522201538086,FIBRAMQ12.MX
2018-02-28,10.182351112365723,FIBRAMQ12.MX
2018-03-01,10.121133804321289,FIBRAMQ12.MX
2018-03-02,10.233366966247559,FIBRAMQ12.MX
2018-03-05,10.46292781829834,FIBRAMQ12.MX
2018-03-06,10.355796813964844,FIBRAMQ12.MX
2018-03-07,10.578088760375977,FIBRAMQ12.MX
2018-03-08,10.759841918945312,FIBRAMQ12.MX
2018-03-09,10.853317260742188,FIBRAMQ12.MX
2018-03-12,10.770223617553711,FIBRAMQ12.MX
2018-03-13,10.739068984985352,FIBRAMQ12.MX
2018-03-14,10.770223617553711,FIBRAMQ12.MX
2018-03-15,10.546929359436035,FIBRAMQ12.MX
2018-03-16,10.448264122009277,FIBRAMQ12.MX
2018-03-20,10.401524543762207,FIBRAMQ12.MX
2018-03-21,10.38594913482666,FIBRAMQ12.MX
2018-03-22,10.64040470123291,FIBRAMQ12.MX
2018-03-23,10.567699432373047,FIBRAMQ12.MX
2018-03-26,10.598859786987305,FIBRAMQ12.MX
2018-03-27,10.609244346618652,FIBRAMQ12.MX
2018-03-28,10.604053497314453,FIBRAMQ12.MX
2018-04-02,10.141877174377441,FIBRAMQ12.MX
2018-04-03,10.204193115234375,FIBRAMQ12.MX
2018-04-04,10.406717300415039,FIBRAMQ12.MX
2018-04-05,10.671562194824219,FIBRAMQ12.MX
2018-04-06,10.650790214538574,FIBRAMQ12.MX
2018-04-09,10.562507629394531,FIBRAMQ12.MX
2018-04-10,10.458648681640625,FIBRAMQ12.MX
2018-04-11,10.349596977233887,FIBRAMQ12.MX
2018-04-12,10.52615737915039,FIBRAMQ12.MX
2018-04-13,10.661172866821289,FIBRAMQ12.MX
2018-04-16,10.578088760375977,FIBRAMQ12.MX
2018-04-17,10.52615737915039,FIBRAMQ12.MX
2018-04-18,10.3651762008667,FIBRAMQ12.MX
2018-04-19,10.16264820098877,FIBRAMQ12.MX
2018-04-20,10.245739936828613,FIBRAMQ12.MX
2018-04-23,10.193808555603027,FIBRAMQ12.MX
2018-04-24,10.188613891601562,FIBRAMQ12.MX
2018-04-25,9.965316772460938,FIBRAMQ12.MX
2018-04-26,9.809525489807129,FIBRAMQ12.MX
2018-04-27,10.282087326049805,FIBRAMQ12.MX
2018-04-30,10.3651762008667,FIBRAMQ12.MX
2018-05-02,10.676750183105469,FIBRAMQ12.MX
2018-05-03,10.707913398742676,FIBRAMQ12.MX
2018-05-04,10.52615737915039,FIBRAMQ12.MX
2018-05-07,10.401524543762207,FIBRAMQ12.MX
2018-05-08,10.450407028198242,FIBRAMQ12.MX
2018-05-09,10.392206192016602,FIBRAMQ12.MX
2018-05-10,10.609149932861328,FIBRAMQ12.MX
2018-05-11,10.836673736572266,FIBRAMQ12.MX
2018-05-14,10.746722221374512,FIBRAMQ12.MX
2018-05-15,10.757306098937988,FIBRAMQ12.MX
2018-05-16,10.57210922241211,FIBRAMQ12.MX
2018-05-17,10.24404525756836,FIBRAMQ12.MX
2018-05-18,9.884234428405762,FIBRAMQ12.MX
2018-05-21,10.000642776489258,FIBRAMQ12.MX
2018-05-22,10.238754272460938,FIBRAMQ12.MX
2018-05-23,10.349872589111328,FIBRAMQ12.MX
2018-05-24,10.524487495422363,FIBRAMQ12.MX
2018-05-25,10.540358543395996,FIBRAMQ12.MX
2018-05-28,10.513904571533203,FIBRAMQ12.MX
2018-05-29,10.423952102661133,FIBRAMQ12.MX
2018-05-30,10.752012252807617,FIBRAMQ12.MX
2018-05-31,10.85254955291748,FIBRAMQ12.MX
2018-06-01,10.714974403381348,FIBRAMQ12.MX
2018-06-04,10.931917190551758,FIBRAMQ12.MX
2018-06-05,10.87900447845459,FIBRAMQ12.MX
2018-06-06,10.857839584350586,FIBRAMQ12.MX
2018-06-07,10.646188735961914,FIBRAMQ12.MX
2018-06-08,10.683223724365234,FIBRAMQ12.MX
2018-06-11,10.66205883026123,FIBRAMQ12.MX
2018-06-12,10.746722221374512,FIBRAMQ12.MX
2018-06-13,10.730849266052246,FIBRAMQ12.MX
2018-06-14,10.683223724365234,FIBRAMQ12.MX
2018-06-15,10.41336727142334,FIBRAMQ12.MX
2018-06-18,10.318124771118164,FIBRAMQ12.MX
2018-06-19,10.095888137817383,FIBRAMQ12.MX
2018-06-20,10.307540893554688,FIBRAMQ12.MX
2018-06-21,10.053558349609375,FIBRAMQ12.MX
2018-06-22,10.17525577545166,FIBRAMQ12.MX
2018-06-25,10.318124771118164,FIBRAMQ12.MX
2018-06-26,10.212295532226562,FIBRAMQ12.MX
2018-06-27,10.296957969665527,FIBRAMQ12.MX
2018-06-28,10.360453605651855,FIBRAMQ12.MX
2018-06-29,10.418662071228027,FIBRAMQ12.MX
2018-07-02,10.476861953735352,FIBRAMQ12.MX
2018-07-03,10.752012252807617,FIBRAMQ12.MX
2018-07-04,10.826093673706055,FIBRAMQ12.MX
2018-07-05,11.21765422821045,FIBRAMQ12.MX
2018-07-06,11.291732788085938,FIBRAMQ12.MX
2018-07-09,11.360519409179688,FIBRAMQ12.MX
2018-07-10,10.947795867919922,FIBRAMQ12.MX
2018-07-11,11.000706672668457,FIBRAMQ12.MX
2018-07-12,10.466279983520508,FIBRAMQ12.MX
2018-07-13,10.677933692932129,FIBRAMQ12.MX
2018-07-16,10.53506851196289,FIBRAMQ12.MX
2018-07-17,10.450407028198242,FIBRAMQ12.MX
2018-07-18,10.582693099975586,FIBRAMQ12.MX
2018-07-19,10.429240226745605,FIBRAMQ12.MX
2018-07-20,10.550944328308105,FIBRAMQ12.MX
2018-07-23,10.524487495422363,FIBRAMQ12.MX
2018-07-24,10.519193649291992,FIBRAMQ12.MX
2018-07-25,10.508612632751465,FIBRAMQ12.MX
2018-07-26,10.498028755187988,FIBRAMQ12.MX
2018-07-27,10.466279983520508,FIBRAMQ12.MX
2018-07-30,10.434534072875977,FIBRAMQ12.MX
2018-07-31,10.699100494384766,FIBRAMQ12.MX
2018-08-01,10.57210922241211,FIBRAMQ12.MX
2018-08-02,10.529776573181152,FIBRAMQ12.MX
2018-08-03,10.704390525817871,FIBRAMQ12.MX
2018-08-06,10.857839584350586,FIBRAMQ12.MX
2018-08-07,11.106534004211426,FIBRAMQ12.MX
2018-08-08,10.7361421585083,FIBRAMQ12.MX
2018-08-09,10.651479721069336,FIBRAMQ12.MX
2018-08-10,10.450407028198242,FIBRAMQ12.MX
2018-08-13,10.450407028198242,FIBRAMQ12.MX
2018-08-14,10.598565101623535,FIBRAMQ12.MX
2018-08-15,10.587981224060059,FIBRAMQ12.MX
2018-08-16,10.947795867919922,FIBRAMQ12.MX
2018-08-17,10.937210083007812,FIBRAMQ12.MX
2018-08-20,10.905464172363281,FIBRAMQ12.MX
2018-08-21,11.027164459228516,FIBRAMQ12.MX
2018-08-22,11.164741516113281,FIBRAMQ12.MX
2018-08-23,11.413434028625488,FIBRAMQ12.MX
2018-08-24,11.392268180847168,FIBRAMQ12.MX
2018-08-27,11.09595012664795,FIBRAMQ12.MX
2018-08-28,11.027164459228516,FIBRAMQ12.MX
2018-08-29,11.085370063781738,FIBRAMQ12.MX
2018-08-30,11.159446716308594,FIBRAMQ12.MX
2018-08-31,11.154154777526855,FIBRAMQ12.MX
2018-09-03,11.37639331817627,FIBRAMQ12.MX
2018-09-04,11.053621292114258,FIBRAMQ12.MX
2018-09-05,11.37639331817627,FIBRAMQ12.MX
2018-09-06,11.418721199035645,FIBRAMQ12.MX
2018-09-07,11.59333610534668,FIBRAMQ12.MX
2018-09-10,11.68328857421875,FIBRAMQ12.MX
2018-09-11,11.699167251586914,FIBRAMQ12.MX
2018-09-12,11.863195419311523,FIBRAMQ12.MX
2018-09-13,11.863195419311523,FIBRAMQ12.MX
2018-09-14,11.974315643310547,FIBRAMQ12.MX
2018-09-17,11.958438873291016,FIBRAMQ12.MX
2018-09-18,11.905527114868164,FIBRAMQ12.MX
2018-09-19,11.910820007324219,FIBRAMQ12.MX
2018-09-20,12.032519340515137,FIBRAMQ12.MX
2018-09-21,11.85261344909668,FIBRAMQ12.MX
2018-09-24,11.609216690063477,FIBRAMQ12.MX
2018-09-25,11.424015998840332,FIBRAMQ12.MX
2018-09-26,11.556297302246094,FIBRAMQ12.MX
2018-09-27,11.609216690063477,FIBRAMQ12.MX
2018-09-28,11.842034339904785,FIBRAMQ12.MX
2018-10-01,11.979607582092285,FIBRAMQ12.MX
2018-10-02,12.085432052612305,FIBRAMQ12.MX
2018-10-03,11.873779296875,FIBRAMQ12.MX
2018-10-04,11.767951011657715,FIBRAMQ12.MX
2018-10-05,11.979607582092285,FIBRAMQ12.MX
2018-10-08,11.91611099243164,FIBRAMQ12.MX
2018-10-09,12.09072494506836,FIBRAMQ12.MX
2018-10-10,11.524550437927246,FIBRAMQ12.MX
2018-10-11,11.503384590148926,FIBRAMQ12.MX
2018-10-12,11.03774642944336,FIBRAMQ12.MX
2018-10-15,10.931917190551758,FIBRAMQ12.MX
2018-10-16,11.03774642944336,FIBRAMQ12.MX
2018-10-17,11.328773498535156,FIBRAMQ12.MX
2018-10-18,10.8737154006958,FIBRAMQ12.MX
2018-10-19,10.8737154006958,FIBRAMQ12.MX
2018-10-22,10.693811416625977,FIBRAMQ12.MX
2018-10-23,10.757306098937988,FIBRAMQ12.MX
2018-10-24,10.450407028198242,FIBRAMQ12.MX
2018-10-25,10.741430282592773,FIBRAMQ12.MX
2018-10-26,11.064204216003418,FIBRAMQ12.MX
2018-10-29,10.720266342163086,FIBRAMQ12.MX
2018-10-30,10.656769752502441,FIBRAMQ12.MX
2018-10-31,10.466279983520508,FIBRAMQ12.MX
2018-11-01,10.360453605651855,FIBRAMQ12.MX
2018-11-05,10.625022888183594,FIBRAMQ12.MX
2018-11-06,10.41336727142334,FIBRAMQ12.MX
2018-11-07,10.538336753845215,FIBRAMQ12.MX
2018-11-08,10.300796508789062,FIBRAMQ12.MX
2018-11-09,10.403365135192871,FIBRAMQ12.MX
2018-11-12,10.516741752624512,FIBRAMQ12.MX
2018-11-13,10.522141456604004,FIBRAMQ12.MX
2018-11-14,10.54373550415039,FIBRAMQ12.MX
2018-11-15,10.59232234954834,FIBRAMQ12.MX
2018-11-16,10.646310806274414,FIBRAMQ12.MX
2018-11-20,10.295392990112305,FIBRAMQ12.MX
2018-11-21,10.343984603881836,FIBRAMQ12.MX
2018-11-22,10.3223876953125,FIBRAMQ12.MX
2018-11-23,9.863492965698242,FIBRAMQ12.MX
2018-11-26,9.717726707458496,FIBRAMQ12.MX
2018-11-27,9.582759857177734,FIBRAMQ12.MX
2018-11-28,10.149626731872559,FIBRAMQ12.MX
2018-11-29,9.879688262939453,FIBRAMQ12.MX
2018-11-30,9.609753608703613,FIBRAMQ12.MX
2018-12-03,9.750120162963867,FIBRAMQ12.MX
2018-12-04,9.490983009338379,FIBRAMQ12.MX
2018-12-05,9.609753608703613,FIBRAMQ12.MX
2018-12-06,9.750120162963867,FIBRAMQ12.MX
2018-12-07,9.507179260253906,FIBRAMQ12.MX
2018-12-10,9.415397644042969,FIBRAMQ12.MX
2018-12-11,9.517976760864258,FIBRAMQ12.MX
2018-12-13,9.507179260253906,FIBRAMQ12.MX
2018-12-14,9.539568901062012,FIBRAMQ12.MX
2018-12-17,9.550370216369629,FIBRAMQ12.MX
2018-12-18,9.760918617248535,FIBRAMQ12.MX
2018-12-19,9.755520820617676,FIBRAMQ12.MX
2018-12-20,9.906685829162598,FIBRAMQ12.MX
2018-12-21,10.063246726989746,FIBRAMQ12.MX
2018-12-24,9.852696418762207,FIBRAMQ12.MX
2018-12-26,9.652939796447754,FIBRAMQ12.MX
2018-12-27,9.706930160522461,FIBRAMQ12.MX
2018-12-28,9.512577056884766,FIBRAMQ12.MX
2018-12-31,9.550370216369629,FIBRAMQ12.MX
2019-01-02,9.609753608703613,FIBRAMQ12.MX
2019-01-03,9.912081718444824,FIBRAMQ12.MX
2019-01-04,9.912081718444824,FIBRAMQ12.MX
2019-01-07,9.814906120300293,FIBRAMQ12.MX
2019-01-08,9.949872970581055,FIBRAMQ12.MX
2019-01-09,9.976871490478516,FIBRAMQ12.MX
2019-01-10,10.419562339782715,FIBRAMQ12.MX
2019-01-11,10.10103702545166,FIBRAMQ12.MX
2019-01-14,10.30618953704834,FIBRAMQ12.MX
2019-01-15,10.273796081542969,FIBRAMQ12.MX
2019-01-16,10.392568588256836,FIBRAMQ12.MX
2019-01-17,10.63011646270752,FIBRAMQ12.MX
2019-01-18,10.786675453186035,FIBRAMQ12.MX
2019-01-21,10.92164421081543,FIBRAMQ12.MX
2019-01-22,10.554533004760742,FIBRAMQ12.MX
2019-01-23,10.441158294677734,FIBRAMQ12.MX
2019-01-24,10.694899559020996,FIBRAMQ12.MX
2019-01-25,10.889254570007324,FIBRAMQ12.MX
2019-01-28,11.013422966003418,FIBRAMQ12.MX
2019-01-29,11.164588928222656,FIBRAMQ12.MX
2019-01-30,11.002628326416016,FIBRAMQ12.MX
2019-01-31,11.331950187683105,FIBRAMQ12.MX
2019-02-01,11.288759231567383,FIBRAMQ12.MX
2019-02-05,11.44532299041748,FIBRAMQ12.MX
2019-02-06,11.526304244995117,FIBRAMQ12.MX
2019-02-07,11.715261459350586,FIBRAMQ12.MX
2019-02-08,11.564094543457031,FIBRAMQ12.MX
2019-02-11,11.375139236450195,FIBRAMQ12.MX
2019-02-12,11.391334533691406,FIBRAMQ12.MX
2019-02-13,11.051215171813965,FIBRAMQ12.MX
2019-02-14,11.116004943847656,FIBRAMQ12.MX
2019-02-15,11.628880500793457,FIBRAMQ12.MX
2019-02-18,11.337347984313965,FIBRAMQ12.MX
2019-02-19,11.655876159667969,FIBRAMQ12.MX
2019-02-20,11.526304244995117,FIBRAMQ12.MX
2019-02-21,11.337347984313965,FIBRAMQ12.MX
2019-02-22,11.526304244995117,FIBRAMQ12.MX
2019-02-25,11.634276390075684,FIBRAMQ12.MX
2019-02-26,11.639678001403809,FIBRAMQ12.MX
2019-02-27,11.56949520111084,FIBRAMQ12.MX
2019-02-28,12.022989273071289,FIBRAMQ12.MX
2019-03-01,11.720658302307129,FIBRAMQ12.MX
2019-03-04,11.304960250854492,FIBRAMQ12.MX
2019-03-05,11.26176643371582,FIBRAMQ12.MX
2019-03-06,11.040421485900879,FIBRAMQ12.MX
2019-03-07,11.272562980651855,FIBRAMQ12.MX
2019-03-08,11.434525489807129,FIBRAMQ12.MX
2019-03-11,11.534345626831055,FIBRAMQ12.MX
2019-03-12,11.886372566223145,FIBRAMQ12.MX
2019-03-13,11.869868278503418,FIBRAMQ12.MX
2019-03-14,11.80386734008789,FIBRAMQ12.MX
2019-03-15,11.80386734008789,FIBRAMQ12.MX
2019-03-19,12.18889331817627,FIBRAMQ12.MX
2019-03-20,12.337403297424316,FIBRAMQ12.MX
2019-03-21,12.623429298400879,FIBRAMQ12.MX
2019-03-22,11.869868278503418,FIBRAMQ12.MX
2019-03-25,11.985376358032227,FIBRAMQ12.MX
2019-03-26,11.985376358032227,FIBRAMQ12.MX
2019-03-27,11.79836654663086,FIBRAMQ12.MX
2019-03-28,11.43533706665039,FIBRAMQ12.MX
2019-03-29,11.56734848022461,FIBRAMQ12.MX
2019-04-01,11.831369400024414,FIBRAMQ12.MX
2019-04-02,11.82586669921875,FIBRAMQ12.MX
2019-04-03,11.935874938964844,FIBRAMQ12.MX
2019-04-04,12.045883178710938,FIBRAMQ12.MX
2019-04-05,11.73236083984375,FIBRAMQ12.MX
2019-04-08,11.765364646911621,FIBRAMQ12.MX
2019-04-09,11.957878112792969,FIBRAMQ12.MX
2019-04-10,12.243896484375,FIBRAMQ12.MX
2019-04-11,11.875370979309082,FIBRAMQ12.MX
2019-04-12,11.886372566223145,FIBRAMQ12.MX
2019-04-15,11.897372245788574,FIBRAMQ12.MX
2019-04-16,12.056880950927734,FIBRAMQ12.MX
2019-04-17,11.765364646911621,FIBRAMQ12.MX
2019-04-22,11.864370346069336,FIBRAMQ12.MX
2019-04-23,11.754364013671875,FIBRAMQ12.MX
2019-04-24,11.787364959716797,FIBRAMQ12.MX
2019-04-25,11.836869239807129,FIBRAMQ12.MX
2019-04-26,12.08438491821289,FIBRAMQ12.MX
2019-04-29,11.92487621307373,FIBRAMQ12.MX
2019-04-30,12.39791202545166,FIBRAMQ12.MX
2019-05-02,12.282402038574219,FIBRAMQ12.MX
2019-05-03,12.359406471252441,FIBRAMQ12.MX
2019-05-06,12.282402038574219,FIBRAMQ12.MX
2019-05-07,11.930376052856445,FIBRAMQ12.MX
2019-05-08,11.468341827392578,FIBRAMQ12.MX
2019-05-09,11.380334854125977,FIBRAMQ12.MX
2019-05-10,11.56734848022461,FIBRAMQ12.MX
2019-05-13,11.347333908081055,FIBRAMQ12.MX
2019-05-14,11.814864158630371,FIBRAMQ12.MX
2019-05-15,11.523344993591309,FIBRAMQ12.MX
2019-05-16,11.440838813781738,FIBRAMQ12.MX
2019-05-17,11.2703275680542,FIBRAMQ12.MX
2019-05-20,11.369333267211914,FIBRAMQ12.MX
2019-05-21,11.583850860595703,FIBRAMQ12.MX
2019-05-22,11.89187240600586,FIBRAMQ12.MX
2019-05-23,11.523344993591309,FIBRAMQ12.MX
2019-05-24,11.523344993591309,FIBRAMQ12.MX
2019-05-27,11.424338340759277,FIBRAMQ12.MX
2019-05-28,11.281327247619629,FIBRAMQ12.MX
2019-05-29,11.363832473754883,FIBRAMQ12.MX
2019-05-30,11.292325019836426,FIBRAMQ12.MX
2019-05-31,11.24282169342041,FIBRAMQ12.MX
2019-06-03,11.2703275680542,FIBRAMQ12.MX
2019-06-04,11.314330101013184,FIBRAMQ12.MX
2019-06-05,11.864370346069336,FIBRAMQ12.MX
2019-06-06,11.545348167419434,FIBRAMQ12.MX
2019-06-07,11.82586669921875,FIBRAMQ12.MX
2019-06-10,11.869868278503418,FIBRAMQ12.MX
2019-06-11,12.034879684448242,FIBRAMQ12.MX
2019-06-12,11.870001792907715,FIBRAMQ12.MX
2019-06-13,11.813958168029785,FIBRAMQ12.MX
2019-06-14,11.987691879272461,FIBRAMQ12.MX
2019-06-17,11.926048278808594,FIBRAMQ12.MX
2019-06-18,12.010112762451172,FIBRAMQ12.MX
2019-06-19,12.060550689697266,FIBRAMQ12.MX
2019-06-20,12.564939498901367,FIBRAMQ12.MX
2019-06-21,12.402414321899414,FIBRAMQ12.MX
2019-06-24,12.195053100585938,FIBRAMQ12.MX
2019-06-25,11.99329662322998,FIBRAMQ12.MX
2019-06-26,12.189447402954102,FIBRAMQ12.MX
2019-06-27,11.89802074432373,FIBRAMQ12.MX
2019-06-28,12.21186637878418,FIBRAMQ12.MX
2019-07-01,12.43043327331543,FIBRAMQ12.MX
2019-07-02,12.239885330200195,FIBRAMQ12.MX
2019-07-03,12.464062690734863,FIBRAMQ12.MX
2019-07-04,12.357576370239258,FIBRAMQ12.MX
2019-07-05,12.329559326171875,FIBRAMQ12.MX
2019-07-08,12.447248458862305,FIBRAMQ12.MX
2019-07-09,12.256699562072754,FIBRAMQ12.MX
2019-07-10,12.335160255432129,FIBRAMQ12.MX
2019-07-11,12.564939498901367,FIBRAMQ12.MX
2019-07-12,12.408019065856934,FIBRAMQ12.MX
2019-07-15,12.503290176391602,FIBRAMQ12.MX
2019-07-16,12.340768814086914,FIBRAMQ12.MX
2019-07-17,12.161426544189453,FIBRAMQ12.MX
2019-07-18,12.150218963623047,FIBRAMQ12.MX
2019-07-19,12.054946899414062,FIBRAMQ12.MX
2019-07-22,12.307136535644531,FIBRAMQ12.MX
2019-07-23,12.21186637878418,FIBRAMQ12.MX
2019-07-24,12.379998207092285,FIBRAMQ12.MX
2019-07-25,12.402414321899414,FIBRAMQ12.MX
2019-07-26,12.323951721191406,FIBRAMQ12.MX
2019-07-29,12.312745094299316,FIBRAMQ12.MX
2019-07-30,12.161426544189453,FIBRAMQ12.MX
2019-07-31,12.144614219665527,FIBRAMQ12.MX
2019-08-01,12.139007568359375,FIBRAMQ12.MX
2019-08-02,12.139007568359375,FIBRAMQ12.MX
2019-08-05,12.161426544189453,FIBRAMQ12.MX
2019-08-06,12.458457946777344,FIBRAMQ12.MX
2019-08-07,12.497690200805664,FIBRAMQ12.MX
2019-08-08,13.007683753967285,FIBRAMQ12.MX
2019-08-09,12.705049514770508,FIBRAMQ12.MX
2019-08-12,12.469667434692383,FIBRAMQ12.MX
2019-08-13,12.531312942504883,FIBRAMQ12.MX
2019-08-14,12.620985984802246,FIBRAMQ12.MX
2019-08-15,12.845155715942383,FIBRAMQ12.MX
2019-08-16,12.962844848632812,FIBRAMQ12.MX
2019-08-19,12.805924415588379,FIBRAMQ12.MX
2019-08-20,13.086143493652344,FIBRAMQ12.MX
2019-08-21,13.136580467224121,FIBRAMQ12.MX
2019-08-22,13.590538024902344,FIBRAMQ12.MX
2019-08-23,13.19262409210205,FIBRAMQ12.MX
2019-08-26,13.51207447052002,FIBRAMQ12.MX
2019-08-27,13.5064697265625,FIBRAMQ12.MX
2019-08-28,13.338337898254395,FIBRAMQ12.MX
2019-08-29,13.360758781433105,FIBRAMQ12.MX
2019-08-30,13.568117141723633,FIBRAMQ12.MX
2019-09-02,13.635372161865234,FIBRAMQ12.MX
2019-09-03,13.596139907836914,FIBRAMQ12.MX
2019-09-04,13.814708709716797,FIBRAMQ12.MX
2019-09-05,13.624157905578613,FIBRAMQ12.MX
2019-09-06,13.607345581054688,FIBRAMQ12.MX
2019-09-09,13.624157905578613,FIBRAMQ12.MX
2019-09-10,13.265484809875488,FIBRAMQ12.MX
2019-09-11,13.248666763305664,FIBRAMQ12.MX
2019-09-12,13.433610916137695,FIBRAMQ12.MX
2019-09-13,13.769871711730957,FIBRAMQ12.MX
2019-09-17,13.786688804626465,FIBRAMQ12.MX
2019-09-18,13.77547836303711,FIBRAMQ12.MX
2019-09-19,13.90998649597168,FIBRAMQ12.MX
2019-09-20,13.792290687561035,FIBRAMQ12.MX
2019-09-23,13.920544624328613,FIBRAMQ12.MX
2019-09-24,13.931952476501465,FIBRAMQ12.MX
2019-09-25,13.812192916870117,FIBRAMQ12.MX
2019-09-26,14.046009063720703,FIBRAMQ12.MX
2019-09-27,14.040305137634277,FIBRAMQ12.MX
2019-09-30,14.148656845092773,FIBRAMQ12.MX
2019-10-01,14.251309394836426,FIBRAMQ12.MX
2019-10-02,14.154362678527832,FIBRAMQ12.MX
2019-10-03,14.41098690032959,FIBRAMQ12.MX
2019-10-04,14.582070350646973,FIBRAMQ12.MX
2019-10-07,14.696127891540527,FIBRAMQ12.MX
2019-10-08,14.850103378295898,FIBRAMQ12.MX
2019-10-09,14.74174690246582,FIBRAMQ12.MX
2019-10-10,14.827289581298828,FIBRAMQ12.MX
2019-10-11,15.180865287780762,FIBRAMQ12.MX
2019-10-14,15.209376335144043,FIBRAMQ12.MX
2019-10-15,15.152352333068848,FIBRAMQ12.MX
2019-10-16,15.19797134399414,FIBRAMQ12.MX
2019-10-17,15.032590866088867,FIBRAMQ12.MX
2019-10-18,15.049700736999512,FIBRAMQ12.MX
2019-10-21,15.152352333068848,FIBRAMQ12.MX
2019-10-22,14.986970901489258,FIBRAMQ12.MX
2019-10-23,14.656208992004395,FIBRAMQ12.MX
2019-10-24,14.650501251220703,FIBRAMQ12.MX
2019-10-25,15.294922828674316,FIBRAMQ12.MX
2019-10-28,15.768248558044434,FIBRAMQ12.MX
2019-10-29,15.56865406036377,FIBRAMQ12.MX
2019-10-30,14.998377799987793,FIBRAMQ12.MX
2019-10-31,15.466005325317383,FIBRAMQ12.MX
2019-11-01,16.053394317626953,FIBRAMQ12.MX
2019-11-04,15.40327262878418,FIBRAMQ12.MX
2019-11-05,15.81387710571289,FIBRAMQ12.MX
2019-11-06,15.374761581420898,FIBRAMQ12.MX
2019-11-07,15.40327262878418,FIBRAMQ12.MX
2019-11-08,15.391874313354492,FIBRAMQ12.MX
2019-11-11,15.317733764648438,FIBRAMQ12.MX
2019-11-12,15.03829288482666,FIBRAMQ12.MX
2019-11-13,15.169456481933594,FIBRAMQ12.MX
2019-11-14,15.540140151977539,FIBRAMQ12.MX
2019-11-15,15.1637544631958,FIBRAMQ12.MX
2019-11-19,15.19797134399414,FIBRAMQ12.MX
2019-11-20,15.340545654296875,FIBRAMQ12.MX
2019-11-21,15.408974647521973,FIBRAMQ12.MX
2019-11-22,15.158053398132324,FIBRAMQ12.MX
2019-11-25,15.272109985351562,FIBRAMQ12.MX
2019-11-26,15.81387710571289,FIBRAMQ12.MX
2019-11-27,15.346244812011719,FIBRAMQ12.MX
2019-11-28,15.654199600219727,FIBRAMQ12.MX
2019-11-29,15.505927085876465,FIBRAMQ12.MX
2019-12-02,15.243596076965332,FIBRAMQ12.MX
2019-12-03,14.969861030578613,FIBRAMQ12.MX
2019-12-04,15.443194389343262,FIBRAMQ12.MX
2019-12-05,15.68271255493164,FIBRAMQ12.MX
2019-12-06,15.1637544631958,FIBRAMQ12.MX
2019-12-09,14.770261764526367,FIBRAMQ12.MX
2019-12-10,15.055403709411621,FIBRAMQ12.MX
2019-12-11,15.289217948913574,FIBRAMQ12.MX
2019-12-13,15.1637544631958,FIBRAMQ12.MX
2019-12-16,15.112428665161133,FIBRAMQ12.MX
2019-12-17,15.380462646484375,FIBRAMQ12.MX
2019-12-18,15.260704040527344,FIBRAMQ12.MX
2019-12-19,15.089618682861328,FIBRAMQ12.MX
2019-12-20,14.850103378295898,FIBRAMQ12.MX
2019-12-23,14.861505508422852,FIBRAMQ12.MX
2019-12-24,14.861505508422852,FIBRAMQ12.MX
2019-12-26,14.570661544799805,FIBRAMQ12.MX
2019-12-27,14.485126495361328,FIBRAMQ12.MX
2019-12-30,14.308337211608887,FIBRAMQ12.MX
2019-12-31,14.308337211608887,FIBRAMQ12.MX
2020-01-02,14.964153289794922,FIBRAMQ12.MX
2020-01-03,14.981268882751465,FIBRAMQ12.MX
2020-01-06,14.981268882751465,FIBRAMQ12.MX
2020-01-07,14.656208992004395,FIBRAMQ12.MX
2020-01-08,14.559257507324219,FIBRAMQ12.MX
2020-01-09,14.582070350646973,FIBRAMQ12.MX
2020-01-10,14.639097213745117,FIBRAMQ12.MX
2020-01-13,14.684720039367676,FIBRAMQ12.MX
2020-01-14,14.616289138793945,FIBRAMQ12.MX
2020-01-15,14.445201873779297,FIBRAMQ12.MX
2020-01-16,15.215080261230469,FIBRAMQ12.MX
2020-01-17,15.169456481933594,FIBRAMQ12.MX
2020-01-20,15.734037399291992,FIBRAMQ12.MX
2020-01-21,15.608574867248535,FIBRAMQ12.MX
2020-01-22,15.75516414642334,FIBRAMQ12.MX
2020-01-23,15.602027893066406,FIBRAMQ12.MX
2020-01-24,15.172075271606445,FIBRAMQ12.MX
2020-01-27,14.86286449432373,FIBRAMQ12.MX
2020-01-28,14.907035827636719,FIBRAMQ12.MX
2020-01-29,15.242751121520996,FIBRAMQ12.MX
2020-01-30,15.189743995666504,FIBRAMQ12.MX
2020-01-31,15.104341506958008,FIBRAMQ12.MX
2020-02-04,15.687433242797852,FIBRAMQ12.MX
2020-02-05,15.666814804077148,FIBRAMQ12.MX
2020-02-06,15.831731796264648,FIBRAMQ12.MX
2020-02-07,15.843509674072266,FIBRAMQ12.MX
2020-02-10,15.808176040649414,FIBRAMQ12.MX
2020-02-11,15.790498733520508,FIBRAMQ12.MX
2020-02-12,16.03786849975586,FIBRAMQ12.MX
2020-02-13,15.990755081176758,FIBRAMQ12.MX
2020-02-14,16.067325592041016,FIBRAMQ12.MX
2020-02-17,16.167448043823242,FIBRAMQ12.MX
2020-02-18,16.173336029052734,FIBRAMQ12.MX
2020-02-19,16.161556243896484,FIBRAMQ12.MX
2020-02-20,15.766939163208008,FIBRAMQ12.MX
2020-02-21,15.443008422851562,FIBRAMQ12.MX
2020-02-24,15.443008422851562,FIBRAMQ12.MX
2020-02-25,15.672704696655273,FIBRAMQ12.MX
2020-02-26,15.531352043151855,FIBRAMQ12.MX
2020-02-27,15.325207710266113,FIBRAMQ12.MX
2020-02-28,15.38410758972168,FIBRAMQ12.MX
2020-03-02,15.501904487609863,FIBRAMQ12.MX
2020-03-03,15.61380672454834,FIBRAMQ12.MX
2020-03-04,15.71393871307373,FIBRAMQ12.MX
2020-03-05,16.267576217651367,FIBRAMQ12.MX
2020-03-06,16.02609634399414,FIBRAMQ12.MX
2020-03-09,14.959461212158203,FIBRAMQ12.MX
2020-03-10,15.019564628601074,FIBRAMQ12.MX
2020-03-11,15.181839942932129,FIBRAMQ12.MX
2020-03-12,13.985798835754395,FIBRAMQ12.MX
2020-03-13,14.48465347290039,FIBRAMQ12.MX
2020-03-17,12.693603515625,FIBRAMQ12.MX
2020-03-18,10.608053207397461,FIBRAMQ12.MX
2020-03-19,10.794370651245117,FIBRAMQ12.MX
2020-03-20,10.740278244018555,FIBRAMQ12.MX
2020-03-23,10.307540893554688,FIBRAMQ12.MX
2020-03-24,11.088871002197266,FIBRAMQ12.MX
2020-03-25,11.431451797485352,FIBRAMQ12.MX
2020-03-26,11.689895629882812,FIBRAMQ12.MX
2020-03-27,12.050508499145508,FIBRAMQ12.MX
2020-03-30,11.918283462524414,FIBRAMQ12.MX
2020-03-31,11.840152740478516,FIBRAMQ12.MX
2020-04-01,11.431451797485352,FIBRAMQ12.MX
2020-04-02,11.719948768615723,FIBRAMQ12.MX
2020-04-03,11.365345001220703,FIBRAMQ12.MX
2020-04-06,11.792067527770996,FIBRAMQ12.MX
2020-04-07,11.605752944946289,FIBRAMQ12.MX
2020-04-08,11.617773056030273,FIBRAMQ12.MX
2020-04-13,11.347310066223145,FIBRAMQ12.MX
2020-04-14,11.28120231628418,FIBRAMQ12.MX
2020-04-15,11.377362251281738,FIBRAMQ12.MX
2020-04-16,11.65383529663086,FIBRAMQ12.MX
2020-04-17,11.515599250793457,FIBRAMQ12.MX
2020-04-20,11.413424491882324,FIBRAMQ12.MX
2020-04-21,11.63580322265625,FIBRAMQ12.MX
2020-04-22,11.55766773223877,FIBRAMQ12.MX
2020-04-23,11.569687843322754,FIBRAMQ12.MX
2020-04-24,11.972376823425293,FIBRAMQ12.MX
2020-04-27,12.176724433898926,FIBRAMQ12.MX
2020-04-28,12.260863304138184,FIBRAMQ12.MX
2020-04-29,12.71163558959961,FIBRAMQ12.MX
2020-04-30,11.966364860534668,FIBRAMQ12.MX
2020-05-04,11.641810417175293,FIBRAMQ12.MX
2020-05-05,12.014446258544922,FIBRAMQ12.MX
2020-05-06,11.737977027893066,FIBRAMQ12.MX
2020-05-07,13.492966651916504,FIBRAMQ12.MX
2020-05-08,13.306647300720215,FIBRAMQ12.MX
2020-05-11,12.417133331298828,FIBRAMQ12.MX
2020-05-12,12.633499145507812,FIBRAMQ12.MX
2020-05-13,12.837849617004395,FIBRAMQ12.MX
2020-05-14,13.198461532592773,FIBRAMQ12.MX
2020-05-15,12.741684913635254,FIBRAMQ12.MX
2020-05-18,12.994112968444824,FIBRAMQ12.MX
2020-05-19,13.198461532592773,FIBRAMQ12.MX
2020-05-20,13.150381088256836,FIBRAMQ12.MX
2020-05-21,13.396801948547363,FIBRAMQ12.MX
2020-05-22,13.306647300720215,FIBRAMQ12.MX
2020-05-25,13.10831069946289,FIBRAMQ12.MX
2020-05-26,13.529025077819824,FIBRAMQ12.MX
2020-05-27,13.523014068603516,FIBRAMQ12.MX
2020-05-28,13.504980087280273,FIBRAMQ12.MX
2020-05-29,14.226211547851562,FIBRAMQ12.MX
2020-06-01,13.889636993408203,FIBRAMQ12.MX
2020-06-02,14.2863187789917,FIBRAMQ12.MX
2020-06-03,13.865593910217285,FIBRAMQ12.MX
2020-06-04,13.222505569458008,FIBRAMQ12.MX
2020-06-05,14.226211547851562,FIBRAMQ12.MX
2020-06-08,14.40651798248291,FIBRAMQ12.MX
2020-06-09,14.05191421508789,FIBRAMQ12.MX
2020-06-10,14.366667747497559,FIBRAMQ12.MX
2020-06-11,14.201183319091797,FIBRAMQ12.MX
2020-06-12,15.328941345214844,FIBRAMQ12.MX
2020-06-15,14.783448219299316,FIBRAMQ12.MX
2020-06-16,14.783448219299316,FIBRAMQ12.MX
2020-06-17,14.470860481262207,FIBRAMQ12.MX
2020-06-18,14.366667747497559,FIBRAMQ12.MX
2020-06-19,14.807963371276855,FIBRAMQ12.MX
2020-06-22,14.624094009399414,FIBRAMQ12.MX
2020-06-23,14.752803802490234,FIBRAMQ12.MX
2020-06-24,14.244088172912598,FIBRAMQ12.MX
2020-06-25,14.127635955810547,FIBRAMQ12.MX
2020-06-26,13.925369262695312,FIBRAMQ12.MX
2020-06-29,14.072469711303711,FIBRAMQ12.MX
2020-06-30,14.458606719970703,FIBRAMQ12.MX
2020-07-01,14.4034423828125,FIBRAMQ12.MX
2020-07-02,14.354411125183105,FIBRAMQ12.MX
2020-07-03,14.397314071655273,FIBRAMQ12.MX
2020-07-06,14.918289184570312,FIBRAMQ12.MX
2020-07-07,14.973454475402832,FIBRAMQ12.MX
2020-07-08,14.973454475402832,FIBRAMQ12.MX
2020-07-09,14.660870552062988,FIBRAMQ12.MX
2020-07-10,14.765060424804688,FIBRAMQ12.MX
2020-07-13,14.893773078918457,FIBRAMQ12.MX
2020-07-14,15.286041259765625,FIBRAMQ12.MX
2020-07-15,15.427003860473633,FIBRAMQ12.MX
2020-07-16,14.83861255645752,FIBRAMQ12.MX
2020-07-17,15.414748191833496,FIBRAMQ12.MX
2020-07-20,14.967323303222656,FIBRAMQ12.MX
2020-07-21,14.82022476196289,FIBRAMQ12.MX
2020-07-22,15.230873107910156,FIBRAMQ12.MX
2020-07-23,15.286041259765625,FIBRAMQ12.MX
2020-07-24,15.114420890808105,FIBRAMQ12.MX
2020-07-27,15.384102821350098,FIBRAMQ12.MX
2020-07-28,15.659914016723633,FIBRAMQ12.MX
2020-07-29,15.757979393005371,FIBRAMQ12.MX
2020-07-30,15.751852989196777,FIBRAMQ12.MX
2020-07-31,15.708945274353027,FIBRAMQ12.MX
2020-08-03,15.414748191833496,FIBRAMQ12.MX
2020-08-04,15.764110565185547,FIBRAMQ12.MX
2020-08-05,15.856045722961426,FIBRAMQ12.MX
2020-08-06,15.623141288757324,FIBRAMQ12.MX
2020-08-07,15.273778915405273,FIBRAMQ12.MX
2020-08-10,15.414748191833496,FIBRAMQ12.MX
2020-08-11,15.488300323486328,FIBRAMQ12.MX
2020-08-12,15.598623275756836,FIBRAMQ12.MX
2020-08-13,15.64765453338623,FIBRAMQ12.MX
2020-08-14,15.849918365478516,FIBRAMQ12.MX
2020-08-17,15.623141288757324,FIBRAMQ12.MX
2020-08-18,15.586360931396484,FIBRAMQ12.MX
2020-08-19,15.567977905273438,FIBRAMQ12.MX
2020-08-20,15.543464660644531,FIBRAMQ12.MX
2020-08-21,15.604750633239746,FIBRAMQ12.MX
2020-08-24,15.89895248413086,FIBRAMQ12.MX
2020-08-25,15.708945274353027,FIBRAMQ12.MX
2020-08-26,15.567977905273438,FIBRAMQ12.MX
2020-08-27,15.586360931396484,FIBRAMQ12.MX
2020-08-28,15.745723724365234,FIBRAMQ12.MX
2020-08-31,15.586360931396484,FIBRAMQ12.MX
2020-09-01,15.617010116577148,FIBRAMQ12.MX
2020-09-02,15.5128173828125,FIBRAMQ12.MX
2020-09-03,15.65378475189209,FIBRAMQ12.MX
2020-09-04,15.567977905273438,FIBRAMQ12.MX
2020-09-07,15.549592018127441,FIBRAMQ12.MX
2020-09-08,14.979580879211426,FIBRAMQ12.MX
2020-09-09,14.789580345153809,FIBRAMQ12.MX
2020-09-10,14.924416542053223,FIBRAMQ12.MX
2020-09-11,15.169587135314941,FIBRAMQ12.MX
2020-09-14,15.028614044189453,FIBRAMQ12.MX
2020-09-15,15.034745216369629,FIBRAMQ12.MX
2020-09-17,15.224743843078613,FIBRAMQ12.MX
2020-09-18,15.224743843078613,FIBRAMQ12.MX
2020-09-21,15.004096031188965,FIBRAMQ12.MX
2020-09-22,15.047004699707031,FIBRAMQ12.MX
2020-09-23,15.33646011352539,FIBRAMQ12.MX
2020-09-24,15.804795265197754,FIBRAMQ12.MX
2020-09-25,16.160728454589844,FIBRAMQ12.MX
2020-09-28,16.22942352294922,FIBRAMQ12.MX
2020-09-29,16.354310989379883,FIBRAMQ12.MX
2020-09-30,16.960025787353516,FIBRAMQ12.MX
2020-10-01,16.329336166381836,FIBRAMQ12.MX
2020-10-02,16.422996520996094,FIBRAMQ12.MX
2020-10-05,16.86011505126953,FIBRAMQ12.MX
2020-10-06,17.11613655090332,FIBRAMQ12.MX
2020-10-07,17.22853660583496,FIBRAMQ12.MX
2020-10-08,17.159839630126953,FIBRAMQ12.MX
2020-10-09,17.159839630126953,FIBRAMQ12.MX
2020-10-12,17.15360450744629,FIBRAMQ12.MX
2020-10-13,17.053691864013672,FIBRAMQ12.MX
2020-10-14,17.30971336364746,FIBRAMQ12.MX
2020-10-15,17.315959930419922,FIBRAMQ12.MX
2020-10-16,17.303470611572266,FIBRAMQ12.MX
2020-10-19,17.303470611572266,FIBRAMQ12.MX
2020-10-20,17.1785831451416,FIBRAMQ12.MX
2020-10-21,16.966266632080078,FIBRAMQ12.MX
2020-10-22,17.509540557861328,FIBRAMQ12.MX
2020-10-23,17.028711318969727,FIBRAMQ12.MX
2020-10-26,17.059934616088867,FIBRAMQ12.MX
2020-10-27,16.31059455871582,FIBRAMQ12.MX
2020-10-28,15.548773765563965,FIBRAMQ12.MX
2020-10-29,15.717369079589844,FIBRAMQ12.MX
2020-10-30,15.21781063079834,FIBRAMQ12.MX
2020-11-03,15.41763687133789,FIBRAMQ12.MX
2020-11-04,15.348943710327148,FIBRAMQ12.MX
2020-11-05,16.023353576660156,FIBRAMQ12.MX
2020-11-06,16.098283767700195,FIBRAMQ12.MX
2020-11-09,16.335575103759766,FIBRAMQ12.MX
2020-11-10,15.898458480834961,FIBRAMQ12.MX
2020-11-11,16.085798263549805,FIBRAMQ12.MX
2020-11-12,15.729859352111816,FIBRAMQ12.MX
2020-11-13,16.185712814331055,FIBRAMQ12.MX
2020-11-17,16.304353713989258,FIBRAMQ12.MX
2020-11-18,16.304353713989258,FIBRAMQ12.MX
2020-11-19,15.792305946350098,FIBRAMQ12.MX
2020-11-20,15.973394393920898,FIBRAMQ12.MX
2020-11-23,15.879725456237793,FIBRAMQ12.MX
2020-11-24,15.860997200012207,FIBRAMQ12.MX
2020-11-25,15.95466136932373,FIBRAMQ12.MX
2020-11-26,15.860997200012207,FIBRAMQ12.MX
2020-11-27,15.898458480834961,FIBRAMQ12.MX
2020-11-30,16.017107009887695,FIBRAMQ12.MX
2020-12-01,16.248149871826172,FIBRAMQ12.MX
2020-12-02,16.098283767700195,FIBRAMQ12.MX
2020-12-03,16.466711044311523,FIBRAMQ12.MX
2020-12-04,16.31059455871582,FIBRAMQ12.MX
2020-12-07,16.260643005371094,FIBRAMQ12.MX
2020-12-08,16.354310989379883,FIBRAMQ12.MX
2020-12-09,16.07954978942871,FIBRAMQ12.MX
2020-12-10,16.023353576660156,FIBRAMQ12.MX
2020-12-11,16.141998291015625,FIBRAMQ12.MX
2020-12-14,16.22317886352539,FIBRAMQ12.MX
2020-12-15,16.373044967651367,FIBRAMQ12.MX
2020-12-16,16.62906265258789,FIBRAMQ12.MX
2020-12-17,16.7789363861084,FIBRAMQ12.MX
2020-12-18,17.128625869750977,FIBRAMQ12.MX
2020-12-21,16.62906265258789,FIBRAMQ12.MX
2020-12-22,16.760202407836914,FIBRAMQ12.MX
2020-12-23,16.772693634033203,FIBRAMQ12.MX
2020-12-24,17.303470611572266,FIBRAMQ12.MX
2020-12-28,17.166091918945312,FIBRAMQ12.MX
2020-12-29,17.159839630126953,FIBRAMQ12.MX
2020-12-30,17.472068786621094,FIBRAMQ12.MX
2020-12-31,17.584470748901367,FIBRAMQ12.MX
2021-01-04,18.283855438232422,FIBRAMQ12.MX
2021-01-05,17.778053283691406,FIBRAMQ12.MX
2021-01-06,17.79054069519043,FIBRAMQ12.MX
2021-01-07,18.87083625793457,FIBRAMQ12.MX
2021-01-08,18.952014923095703,FIBRAMQ12.MX
2021-01-11,17.94040870666504,FIBRAMQ12.MX
2021-01-12,17.128625869750977,FIBRAMQ12.MX
2021-01-13,16.47295570373535,FIBRAMQ12.MX
2021-01-14,17.02246856689453,FIBRAMQ12.MX
2021-01-15,17.372161865234375,FIBRAMQ12.MX
2021-01-18,17.328449249267578,FIBRAMQ12.MX
2021-01-19,17.078664779663086,FIBRAMQ12.MX
2021-01-20,16.504173278808594,FIBRAMQ12.MX
2021-01-21,16.65404510498047,FIBRAMQ12.MX
2021-01-22,17.06618309020996,FIBRAMQ12.MX
2021-01-25,17.37840461730957,FIBRAMQ12.MX
2021-01-26,16.96803092956543,FIBRAMQ12.MX
2021-01-27,16.434812545776367,FIBRAMQ12.MX
2021-01-28,16.491945266723633,FIBRAMQ12.MX
2021-01-29,16.155502319335938,FIBRAMQ12.MX
2021-02-02,16.644289016723633,FIBRAMQ12.MX
2021-02-03,16.479244232177734,FIBRAMQ12.MX
2021-02-04,16.71411895751953,FIBRAMQ12.MX
2021-02-05,16.980731964111328,FIBRAMQ12.MX
2021-02-08,16.802989959716797,FIBRAMQ12.MX
2021-02-09,16.790294647216797,FIBRAMQ12.MX
2021-02-10,16.88551139831543,FIBRAMQ12.MX
2021-02-11,16.73316192626953,FIBRAMQ12.MX
2021-02-12,16.948989868164062,FIBRAMQ12.MX
2021-02-15,16.669679641723633,FIBRAMQ12.MX
2021-02-16,16.942642211914062,FIBRAMQ12.MX
2021-02-17,16.955341339111328,FIBRAMQ12.MX
2021-02-18,16.6506404876709,FIBRAMQ12.MX
2021-02-19,16.555416107177734,FIBRAMQ12.MX
2021-02-22,16.098373413085938,FIBRAMQ12.MX
2021-02-23,16.307849884033203,FIBRAMQ12.MX
2021-02-24,16.225326538085938,FIBRAMQ12.MX
2021-02-25,16.23166847229004,FIBRAMQ12.MX
2021-02-26,16.02219009399414,FIBRAMQ12.MX
2021-03-01,16.04758644104004,FIBRAMQ12.MX
2021-03-02,16.142799377441406,FIBRAMQ12.MX
2021-03-03,15.844449043273926,FIBRAMQ12.MX
2021-03-04,15.907931327819824,FIBRAMQ12.MX
2021-03-05,16.104719161987305,FIBRAMQ12.MX
2021-03-08,16.09202003479004,FIBRAMQ12.MX
2021-03-09,16.250720977783203,FIBRAMQ12.MX
2021-03-10,16.60197639465332,FIBRAMQ12.MX
2021-03-11,16.763540267944336,FIBRAMQ12.MX
2021-03-12,16.49857521057129,FIBRAMQ12.MX
2021-03-16,16.70537567138672,FIBRAMQ12.MX
2021-03-17,16.80231285095215,FIBRAMQ12.MX
2021-03-18,16.899250030517578,FIBRAMQ12.MX
2021-03-19,16.8669376373291,FIBRAMQ12.MX
2021-03-22,16.517963409423828,FIBRAMQ12.MX
2021-03-23,16.356401443481445,FIBRAMQ12.MX
2021-03-24,16.24654197692871,FIBRAMQ12.MX
2021-03-25,15.942806243896484,FIBRAMQ12.MX
2021-03-26,16.026819229125977,FIBRAMQ12.MX
2021-03-29,16.466266632080078,FIBRAMQ12.MX
2021-03-30,16.298236846923828,FIBRAMQ12.MX
2021-03-31,16.47273063659668,FIBRAMQ12.MX
2021-04-05,16.517963409423828,FIBRAMQ12.MX
2021-04-06,16.517963409423828,FIBRAMQ12.MX
2021-04-07,16.556737899780273,FIBRAMQ12.MX
2021-04-08,16.466266632080078,FIBRAMQ12.MX
2021-04-09,16.072059631347656,FIBRAMQ12.MX
2021-04-12,15.794173240661621,FIBRAMQ12.MX
2021-04-13,15.677851676940918,FIBRAMQ12.MX
2021-04-14,15.761856079101562,FIBRAMQ12.MX
2021-04-15,15.658461570739746,FIBRAMQ12.MX
2021-04-16,15.42581558227539,FIBRAMQ12.MX
2021-04-19,15.212556838989258,FIBRAMQ12.MX
2021-04-20,15.212556838989258,FIBRAMQ12.MX
2021-04-21,15.55506420135498,FIBRAMQ12.MX
2021-04-22,15.542135238647461,FIBRAMQ12.MX
2021-04-23,15.548602104187012,FIBRAMQ12.MX
2021-04-26,15.690776824951172,FIBRAMQ12.MX
2021-04-27,15.490436553955078,FIBRAMQ12.MX
2021-04-28,15.742474555969238,FIBRAMQ12.MX
2021-04-29,15.529215812683105,FIBRAMQ12.MX
2021-04-30,15.535677909851074,FIBRAMQ12.MX
2021-05-03,15.942806243896484,FIBRAMQ12.MX
2021-05-04,15.878179550170898,FIBRAMQ12.MX
2021-05-05,15.6196870803833,FIBRAMQ12.MX
2021-05-06,15.374115943908691,FIBRAMQ12.MX
2021-05-07,15.393503189086914,FIBRAMQ12.MX
2021-05-10,15.548602104187012,FIBRAMQ12.MX
2021-05-11,15.55506420135498,FIBRAMQ12.MX
2021-05-12,15.199633598327637,FIBRAMQ12.MX
2021-05-13,15.070383071899414,FIBRAMQ12.MX
2021-05-14,14.818342208862305,FIBRAMQ12.MX
2021-05-17,14.798955917358398,FIBRAMQ12.MX
2021-05-18,14.921745300292969,FIBRAMQ12.MX
2021-05-19,14.714945793151855,FIBRAMQ12.MX
2021-05-20,14.882974624633789,FIBRAMQ12.MX
2021-05-21,14.708483695983887,FIBRAMQ12.MX
2021-05-24,14.630932807922363,FIBRAMQ12.MX
2021-05-25,14.857121467590332,FIBRAMQ12.MX
2021-05-26,14.65031909942627,FIBRAMQ12.MX
2021-05-27,14.172104835510254,FIBRAMQ12.MX
2021-05-28,14.281966209411621,FIBRAMQ12.MX
2021-05-31,14.475835800170898,FIBRAMQ12.MX
2021-06-01,14.618010520935059,FIBRAMQ12.MX
2021-06-02,15.005754470825195,FIBRAMQ12.MX
2021-06-03,14.863582611083984,FIBRAMQ12.MX
2021-06-04,14.63740062713623,FIBRAMQ12.MX
2021-06-07,14.979904174804688,FIBRAMQ12.MX
2021-06-08,15.173782348632812,FIBRAMQ12.MX
2021-06-09,15.109153747558594,FIBRAMQ12.MX
2021-06-10,15.225481033325195,FIBRAMQ12.MX
2021-06-11,15.52432918548584,FIBRAMQ12.MX
2021-06-14,15.6231689453125,FIBRAMQ12.MX
2021-06-15,15.794487953186035,FIBRAMQ12.MX
2021-06-16,15.82084846496582,FIBRAMQ12.MX
2021-06-17,16.130538940429688,FIBRAMQ12.MX
2021-06-18,16.255739212036133,FIBRAMQ12.MX
2021-06-21,16.143720626831055,FIBRAMQ12.MX
2021-06-22,15.998758316040039,FIBRAMQ12.MX
2021-06-23,16.20961570739746,FIBRAMQ12.MX
2021-06-24,16.18984031677246,FIBRAMQ12.MX
2021-06-25,16.20961570739746,FIBRAMQ12.MX
2021-06-28,16.110774993896484,FIBRAMQ12.MX
2021-06-29,16.387523651123047,FIBRAMQ12.MX
2021-06-30,16.20961570739746,FIBRAMQ12.MX
2021-07-01,16.308456420898438,FIBRAMQ12.MX
2021-07-02,16.295270919799805,FIBRAMQ12.MX
2021-07-05,16.130538940429688,FIBRAMQ12.MX
2021-07-06,16.064651489257812,FIBRAMQ12.MX
2021-07-07,16.18984031677246,FIBRAMQ12.MX
2021-07-08,16.01852798461914,FIBRAMQ12.MX
2021-07-09,15.827435493469238,FIBRAMQ12.MX
2021-07-12,16.011932373046875,FIBRAMQ12.MX
2021-07-13,16.011932373046875,FIBRAMQ12.MX
2021-07-14,16.196430206298828,FIBRAMQ12.MX
2021-07-15,16.308456420898438,FIBRAMQ12.MX
2021-07-16,16.20302963256836,FIBRAMQ12.MX
2021-07-19,15.642936706542969,FIBRAMQ12.MX
2021-07-20,16.051471710205078,FIBRAMQ12.MX
2021-07-21,16.2425594329834,FIBRAMQ12.MX
2021-07-22,16.2425594329834,FIBRAMQ12.MX
2021-07-23,16.130538940429688,FIBRAMQ12.MX
2021-07-26,16.229379653930664,FIBRAMQ12.MX
2021-07-27,16.229379653930664,FIBRAMQ12.MX
2021-07-28,16.176671981811523,FIBRAMQ12.MX
2021-07-29,16.315044403076172,FIBRAMQ12.MX
2021-07-30,16.011932373046875,FIBRAMQ12.MX
2021-08-02,16.03829002380371,FIBRAMQ12.MX
2021-08-03,16.20302963256836,FIBRAMQ12.MX
2021-08-04,16.10418701171875,FIBRAMQ12.MX
2021-08-05,16.18325424194336,FIBRAMQ12.MX
2021-08-06,16.216197967529297,FIBRAMQ12.MX
2021-08-09,16.071237564086914,FIBRAMQ12.MX
2021-08-10,16.249147415161133,FIBRAMQ12.MX
2021-08-11,16.374343872070312,FIBRAMQ12.MX
2021-08-12,16.334808349609375,FIBRAMQ12.MX
2021-08-13,16.341394424438477,FIBRAMQ12.MX
2021-08-16,16.52589988708496,FIBRAMQ12.MX
2021-08-17,16.506132125854492,FIBRAMQ12.MX
2021-08-18,17.006914138793945,FIBRAMQ12.MX
2021-08-19,16.730165481567383,FIBRAMQ12.MX
2021-08-20,16.486366271972656,FIBRAMQ12.MX
2021-08-23,16.32162857055664,FIBRAMQ12.MX
2021-08-24,16.301862716674805,FIBRAMQ12.MX
2021-08-25,16.22279167175293,FIBRAMQ12.MX
2021-08-26,16.18325424194336,FIBRAMQ12.MX
2021-08-27,16.2755069732666,FIBRAMQ12.MX
2021-08-30,16.677452087402344,FIBRAMQ12.MX
2021-08-31,17.132110595703125,FIBRAMQ12.MX
2021-09-01,16.934432983398438,FIBRAMQ12.MX
2021-09-02,16.993736267089844,FIBRAMQ12.MX
2021-09-03,16.921253204345703,FIBRAMQ12.MX
2021-09-06,16.677452087402344,FIBRAMQ12.MX
2021-09-07,16.960790634155273,FIBRAMQ12.MX
2021-09-08,16.723573684692383,FIBRAMQ12.MX
2021-09-09,17.14529037475586,FIBRAMQ12.MX
2021-09-10,17.04645347595215,FIBRAMQ12.MX
2021-09-13,17.138696670532227,FIBRAMQ12.MX
2021-09-14,17.125520706176758,FIBRAMQ12.MX
2021-09-15,17.14529037475586,FIBRAMQ12.MX
2021-09-17,16.815824508666992,FIBRAMQ12.MX
2021-09-20,16.723573684692383,FIBRAMQ12.MX
2021-09-21,17.013504028320312,FIBRAMQ12.MX
2021-09-22,17.000322341918945,FIBRAMQ12.MX
2021-09-23,17.190502166748047,FIBRAMQ12.MX
2021-09-24,16.85514259338379,FIBRAMQ12.MX
2021-09-27,16.908802032470703,FIBRAMQ12.MX
2021-09-28,16.821605682373047,FIBRAMQ12.MX
2021-09-29,16.526487350463867,FIBRAMQ12.MX
2021-09-30,16.53319549560547,FIBRAMQ12.MX
2021-10-01,16.694171905517578,FIBRAMQ12.MX
2021-10-04,16.767948150634766,FIBRAMQ12.MX
2021-10-05,16.848434448242188,FIBRAMQ12.MX
2021-10-06,16.600269317626953,FIBRAMQ12.MX
2021-10-07,16.647220611572266,FIBRAMQ12.MX
2021-10-08,16.45941734313965,FIBRAMQ12.MX
2021-10-11,16.258203506469727,FIBRAMQ12.MX
2021-10-12,16.21125030517578,FIBRAMQ12.MX
2021-10-13,16.271617889404297,FIBRAMQ12.MX
2021-10-14,16.466123580932617,FIBRAMQ12.MX
2021-10-15,16.331981658935547,FIBRAMQ12.MX
2021-10-18,16.42588233947754,FIBRAMQ12.MX
2021-10-19,16.331981658935547,FIBRAMQ12.MX
2021-10-20,16.278322219848633,FIBRAMQ12.MX
2021-10-21,16.399051666259766,FIBRAMQ12.MX
2021-10-22,17.083187103271484,FIBRAMQ12.MX
2021-10-25,16.821605682373047,FIBRAMQ12.MX
2021-10-26,16.432588577270508,FIBRAMQ12.MX
2021-10-27,15.909424781799316,FIBRAMQ12.MX
2021-10-28,16.097227096557617,FIBRAMQ12.MX
2021-10-29,16.47283172607422,FIBRAMQ12.MX
2021-11-01,16.43929672241211,FIBRAMQ12.MX
2021-11-03,16.14417839050293,FIBRAMQ12.MX
2021-11-04,16.117353439331055,FIBRAMQ12.MX
2021-11-05,16.26491355895996,FIBRAMQ12.MX
2021-11-08,16.71428871154785,FIBRAMQ12.MX
2021-11-09,16.861852645874023,FIBRAMQ12.MX
2021-11-10,16.720998764038086,FIBRAMQ12.MX
2021-11-11,16.372228622436523,FIBRAMQ12.MX
2021-11-12,16.982576370239258,FIBRAMQ12.MX
2021-11-16,16.895387649536133,FIBRAMQ12.MX
2021-11-17,16.59355926513672,FIBRAMQ12.MX
2021-11-18,16.47953987121582,FIBRAMQ12.MX
2021-11-19,16.35881233215332,FIBRAMQ12.MX
2021-11-22,16.097227096557617,FIBRAMQ12.MX
2021-11-23,16.036867141723633,FIBRAMQ12.MX
2021-11-24,15.976499557495117,FIBRAMQ12.MX
2021-11-25,16.345396041870117,FIBRAMQ12.MX
2021-11-26,16.17101287841797,FIBRAMQ12.MX
2021-11-29,16.2850341796875,FIBRAMQ12.MX
2021-11-30,16.58014488220215,FIBRAMQ12.MX
2021-12-01,16.492956161499023,FIBRAMQ12.MX
2021-12-02,16.975872039794922,FIBRAMQ12.MX
2021-12-03,16.942337036132812,FIBRAMQ12.MX
2021-12-06,16.78807258605957,FIBRAMQ12.MX
2021-12-07,16.700876235961914,FIBRAMQ12.MX
2021-12-08,16.9020938873291,FIBRAMQ12.MX
2021-12-09,16.774654388427734,FIBRAMQ12.MX
2021-12-10,16.707582473754883,FIBRAMQ12.MX
2021-12-13,16.72770881652832,FIBRAMQ12.MX
2021-12-14,17.304523468017578,FIBRAMQ12.MX
2021-12-15,17.284400939941406,FIBRAMQ12.MX
2021-12-16,16.888675689697266,FIBRAMQ12.MX
2021-12-17,16.754535675048828,FIBRAMQ12.MX
2021-12-20,16.64051055908203,FIBRAMQ12.MX
2021-12-21,17.485614776611328,FIBRAMQ12.MX
2021-12-22,17.291109085083008,FIBRAMQ12.MX
2021-12-23,17.405132293701172,FIBRAMQ12.MX
2021-12-24,17.311227798461914,FIBRAMQ12.MX
2021-12-27,17.519153594970703,FIBRAMQ12.MX
2021-12-28,17.619762420654297,FIBRAMQ12.MX
2021-12-29,17.492326736450195,FIBRAMQ12.MX
2021-12-30,17.25086212158203,FIBRAMQ12.MX
2021-12-31,17.592927932739258,FIBRAMQ12.MX
2022-01-03,17.693544387817383,FIBRAMQ12.MX
2022-01-04,17.8813419342041,FIBRAMQ12.MX
2022-01-05,17.136838912963867,FIBRAMQ12.MX
2022-01-06,17.45207977294922,FIBRAMQ12.MX
2022-01-07,18.116090774536133,FIBRAMQ12.MX
2022-01-10,17.76732063293457,FIBRAMQ12.MX
2022-01-11,17.673418045043945,FIBRAMQ12.MX
2022-01-12,17.304523468017578,FIBRAMQ12.MX
2022-01-13,17.25086212158203,FIBRAMQ12.MX
2022-01-14,17.04294204711914,FIBRAMQ12.MX
2022-01-17,17.130136489868164,FIBRAMQ12.MX
2022-01-18,16.647220611572266,FIBRAMQ12.MX
2022-01-19,16.42588233947754,FIBRAMQ12.MX
2022-01-20,16.620389938354492,FIBRAMQ12.MX
2022-01-21,16.667339324951172,FIBRAMQ12.MX
2022-01-24,16.05027961730957,FIBRAMQ12.MX
2022-01-25,15.983209609985352,FIBRAMQ12.MX
2022-01-26,16.375354766845703,FIBRAMQ12.MX
2022-01-27,16.177072525024414,FIBRAMQ12.MX
2022-01-28,16.204421997070312,FIBRAMQ12.MX
2022-01-31,16.430055618286133,FIBRAMQ12.MX
2022-02-01,16.73089599609375,FIBRAMQ12.MX
2022-02-02,16.949687957763672,FIBRAMQ12.MX
2022-02-03,16.9975528717041,FIBRAMQ12.MX
2022-02-04,16.970197677612305,FIBRAMQ12.MX
2022-02-08,16.40270233154297,FIBRAMQ12.MX
2022-02-09,16.50526237487793,FIBRAMQ12.MX
2022-02-10,16.245450973510742,FIBRAMQ12.MX
2022-02-11,16.142887115478516,FIBRAMQ12.MX
2022-02-14,16.252290725708008,FIBRAMQ12.MX
2022-02-15,16.279632568359375,FIBRAMQ12.MX
2022-02-16,16.573638916015625,FIBRAMQ12.MX
2022-02-17,16.737733840942383,FIBRAMQ12.MX
2022-02-18,16.648847579956055,FIBRAMQ12.MX
2022-02-21,16.60098648071289,FIBRAMQ12.MX
2022-02-22,16.819780349731445,FIBRAMQ12.MX
2022-02-23,16.47107696533203,FIBRAMQ12.MX
2022-02-24,16.163400650024414,FIBRAMQ12.MX
2022-02-25,16.559959411621094,FIBRAMQ12.MX
2022-02-28,16.874479293823242,FIBRAMQ12.MX
2022-03-01,16.327495574951172,FIBRAMQ12.MX
2022-03-02,16.477916717529297,FIBRAMQ12.MX
2022-03-03,16.23860740661621,FIBRAMQ12.MX
2022-03-04,16.348003387451172,FIBRAMQ12.MX
2022-03-07,16.136051177978516,FIBRAMQ12.MX
2022-03-08,16.313817977905273,FIBRAMQ12.MX
2022-03-09,16.67174530029297,FIBRAMQ12.MX
2022-03-10,16.685684204101562,FIBRAMQ12.MX
2022-03-11,16.54629135131836,FIBRAMQ12.MX
2022-03-14,16.190828323364258,FIBRAMQ12.MX
2022-03-15,16.260528564453125,FIBRAMQ12.MX
2022-03-16,16.85992431640625,FIBRAMQ12.MX
2022-03-17,16.99235725402832,FIBRAMQ12.MX
2022-03-18,16.211734771728516,FIBRAMQ12.MX
2022-03-22,16.49053382873535,FIBRAMQ12.MX
2022-03-23,16.622957229614258,FIBRAMQ12.MX
2022-03-24,16.49053382873535,FIBRAMQ12.MX
2022-03-25,16.511442184448242,FIBRAMQ12.MX
2022-03-28,16.483556747436523,FIBRAMQ12.MX
2022-03-29,16.588106155395508,FIBRAMQ12.MX
2022-03-30,16.76932144165039,FIBRAMQ12.MX
2022-03-31,16.595081329345703,FIBRAMQ12.MX
2022-04-01,16.845991134643555,FIBRAMQ12.MX
2022-04-04,16.811140060424805,FIBRAMQ12.MX
2022-04-05,16.727502822875977,FIBRAMQ12.MX
2022-04-06,16.67174530029297,FIBRAMQ12.MX
2022-04-07,16.539321899414062,FIBRAMQ12.MX
2022-04-08,16.204771041870117,FIBRAMQ12.MX
2022-04-11,15.974767684936523,FIBRAMQ12.MX
2022-04-12,15.744763374328613,FIBRAMQ12.MX
2022-04-13,15.960824012756348,FIBRAMQ12.MX
2022-04-18,16.1002254486084,FIBRAMQ12.MX
2022-04-19,15.9887056350708,FIBRAMQ12.MX
2022-04-20,15.870220184326172,FIBRAMQ12.MX
2022-04-21,15.912034034729004,FIBRAMQ12.MX
2022-04-22,15.9887056350708,FIBRAMQ12.MX
2022-04-25,15.891131401062012,FIBRAMQ12.MX
2022-04-26,15.58445930480957,FIBRAMQ12.MX
2022-04-27,15.340513229370117,FIBRAMQ12.MX
2022-04-28,15.563549041748047,FIBRAMQ12.MX
2022-04-29,15.709916114807129,FIBRAMQ12.MX
2022-05-02,15.53566837310791,FIBRAMQ12.MX
2022-05-03,15.445064544677734,FIBRAMQ12.MX
2022-05-04,15.459002494812012,FIBRAMQ12.MX
2022-05-05,16.14901351928711,FIBRAMQ12.MX
2022-05-06,15.779609680175781,FIBRAMQ12.MX
2022-05-09,15.71688461303711,FIBRAMQ12.MX
2022-05-10,15.4102144241333,FIBRAMQ12.MX
2022-05-11,16.002643585205078,FIBRAMQ12.MX
2022-05-12,15.598395347595215,FIBRAMQ12.MX
2022-05-13,15.598395347595215,FIBRAMQ12.MX
2022-05-16,15.619309425354004,FIBRAMQ12.MX
2022-05-17,16.288408279418945,FIBRAMQ12.MX
2022-05-18,15.92597770690918,FIBRAMQ12.MX
2022-05-19,16.323253631591797,FIBRAMQ12.MX
2022-05-20,16.267498016357422,FIBRAMQ12.MX
2022-05-23,16.643861770629883,FIBRAMQ12.MX
2022-05-24,16.762351989746094,FIBRAMQ12.MX
2022-05-25,16.67174530029297,FIBRAMQ12.MX
2022-05-26,16.818113327026367,FIBRAMQ12.MX
2022-05-27,18.177223205566406,FIBRAMQ12.MX
2022-05-30,17.849641799926758,FIBRAMQ12.MX
2022-05-31,18.281766891479492,FIBRAMQ12.MX
2022-06-01,17.77297019958496,FIBRAMQ12.MX
2022-06-02,17.3966007232666,FIBRAMQ12.MX
2022-06-03,17.013261795043945,FIBRAMQ12.MX
2022-06-06,16.79022979736328,FIBRAMQ12.MX
2022-06-07,16.811140060424805,FIBRAMQ12.MX
2022-06-08,17.250232696533203,FIBRAMQ12.MX
2022-06-09,17.668424606323242,FIBRAMQ12.MX
2022-06-10,17.403573989868164,FIBRAMQ12.MX
2022-06-13,16.99235725402832,FIBRAMQ12.MX
2022-06-14,16.684823989868164,FIBRAMQ12.MX
2022-06-15,16.57819366455078,FIBRAMQ12.MX
2022-06-16,16.450231552124023,FIBRAMQ12.MX
2022-06-17,16.812786102294922,FIBRAMQ12.MX
2022-06-20,16.919422149658203,FIBRAMQ12.MX
2022-06-21,16.7132625579834,FIBRAMQ12.MX
2022-06-22,17.082929611206055,FIBRAMQ12.MX
2022-06-23,16.862550735473633,FIBRAMQ12.MX
2022-06-24,17.203784942626953,FIBRAMQ12.MX
2022-06-27,16.990516662597656,FIBRAMQ12.MX
2022-06-28,17.360187530517578,FIBRAMQ12.MX
2022-06-29,17.161130905151367,FIBRAMQ12.MX
2022-06-30,17.864925384521484,FIBRAMQ12.MX
2022-07-01,17.829376220703125,FIBRAMQ12.MX
2022-07-04,17.53791046142578,FIBRAMQ12.MX
2022-07-05,17.83648681640625,FIBRAMQ12.MX
2022-07-06,18.398094177246094,FIBRAMQ12.MX
2022-07-07,18.46207618713379,FIBRAMQ12.MX
2022-07-08,18.41231346130371,FIBRAMQ12.MX
2022-07-11,18.277244567871094,FIBRAMQ12.MX
2022-07-12,18.369661331176758,FIBRAMQ12.MX
2022-07-13,18.305675506591797,FIBRAMQ12.MX
2022-07-14,18.263023376464844,FIBRAMQ12.MX
2022-07-15,18.241697311401367,FIBRAMQ12.MX
2022-07-18,18.59714698791504,FIBRAMQ12.MX
2022-07-19,18.21326446533203,FIBRAMQ12.MX
2022-07-20,18.305675506591797,FIBRAMQ12.MX
2022-07-21,18.15639305114746,FIBRAMQ12.MX
2022-07-22,18.02842903137207,FIBRAMQ12.MX
2022-07-25,18.2701358795166,FIBRAMQ12.MX
2022-07-26,18.32700538635254,FIBRAMQ12.MX
2022-07-27,18.2701358795166,FIBRAMQ12.MX
2022-07-28,18.867292404174805,FIBRAMQ12.MX
2022-07-29,18.88861656188965,FIBRAMQ12.MX
2022-08-01,18.689571380615234,FIBRAMQ12.MX
2022-08-02,18.440750122070312,FIBRAMQ12.MX
2022-08-03,18.22037124633789,FIBRAMQ12.MX
2022-08-04,18.938379287719727,FIBRAMQ12.MX
2022-08-05,18.661128997802734,FIBRAMQ12.MX
2022-08-08,18.767763137817383,FIBRAMQ12.MX
2022-08-09,18.54738426208496,FIBRAMQ12.MX
2022-08-10,18.63980484008789,FIBRAMQ12.MX
2022-08-11,18.83885383605957,FIBRAMQ12.MX
2022-08-12,18.909948348999023,FIBRAMQ12.MX
2022-08-15,18.83174705505371,FIBRAMQ12.MX
2022-08-16,18.817529678344727,FIBRAMQ12.MX
2022-08-17,18.383874893188477,FIBRAMQ12.MX
2022-08-18,18.34122657775879,FIBRAMQ12.MX
2022-08-19,18.312786102294922,FIBRAMQ12.MX
2022-08-22,18.127954483032227,FIBRAMQ12.MX
2022-08-23,17.978668212890625,FIBRAMQ12.MX
2022-08-24,17.950227737426758,FIBRAMQ12.MX
2022-08-25,18.127954483032227,FIBRAMQ12.MX
2022-08-26,18.16349983215332,FIBRAMQ12.MX
2022-08-29,18.24880599975586,FIBRAMQ12.MX
2022-08-30,18.00710678100586,FIBRAMQ12.MX
2022-08-31,18.049755096435547,FIBRAMQ12.MX
2022-09-01,17.665870666503906,FIBRAMQ12.MX
2022-09-02,17.71563148498535,FIBRAMQ12.MX
2022-09-05,17.72985076904297,FIBRAMQ12.MX
2022-09-06,17.189565658569336,FIBRAMQ12.MX
2022-09-07,17.246440887451172,FIBRAMQ12.MX
2022-09-08,17.722742080688477,FIBRAMQ12.MX
2022-09-09,18.05686378479004,FIBRAMQ12.MX
2022-09-12,18.1492862701416,FIBRAMQ12.MX
2022-09-13,18.021320343017578,FIBRAMQ12.MX
2022-09-14,18.02842903137207,FIBRAMQ12.MX
2022-09-15,17.360187530517578,FIBRAMQ12.MX
2022-09-19,17.793832778930664,FIBRAMQ12.MX
2022-09-20,17.75828742980957,FIBRAMQ12.MX
2022-09-21,18.2701358795166,FIBRAMQ12.MX
2022-09-22,18.227481842041016,FIBRAMQ12.MX
2022-09-23,18.177715301513672,FIBRAMQ12.MX
2022-09-26,17.32826042175293,FIBRAMQ12.MX
2022-09-27,17.378971099853516,FIBRAMQ12.MX
2022-09-28,17.458660125732422,FIBRAMQ12.MX
2022-09-29,18.219301223754883,FIBRAMQ12.MX
2022-09-30,17.6397647857666,FIBRAMQ12.MX
2022-10-03,17.6397647857666,FIBRAMQ12.MX
2022-10-04,17.95851707458496,FIBRAMQ12.MX
2022-10-05,17.610788345336914,FIBRAMQ12.MX
2022-10-06,18.045442581176758,FIBRAMQ12.MX
2022-10-07,17.70496368408203,FIBRAMQ12.MX
2022-10-10,17.864336013793945,FIBRAMQ12.MX
2022-10-11,17.552833557128906,FIBRAMQ12.MX
2022-10-12,17.060224533081055,FIBRAMQ12.MX
2022-10-13,17.74118423461914,FIBRAMQ12.MX
2022-10-14,17.79189109802246,FIBRAMQ12.MX
2022-10-17,18.19757843017578,FIBRAMQ12.MX
2022-10-18,18.17584228515625,FIBRAMQ12.MX
2022-10-19,18.088909149169922,FIBRAMQ12.MX
2022-10-20,17.929534912109375,FIBRAMQ12.MX
2022-10-21,18.574277877807617,FIBRAMQ12.MX
2022-10-24,18.55978775024414,FIBRAMQ12.MX
2022-10-25,18.639474868774414,FIBRAMQ12.MX
2022-10-26,19.088619232177734,FIBRAMQ12.MX
2022-10-27,19.84926414489746,FIBRAMQ12.MX
2022-10-28,19.320432662963867,FIBRAMQ12.MX
2022-10-31,19.045156478881836,FIBRAMQ12.MX
2022-11-01,19.117597579956055,FIBRAMQ12.MX
2022-11-03,19.26972770690918,FIBRAMQ12.MX
2022-11-04,19.378385543823242,FIBRAMQ12.MX
2022-11-07,19.349409103393555,FIBRAMQ12.MX
2022-11-08,19.66815757751465,FIBRAMQ12.MX
2022-11-09,19.197280883789062,FIBRAMQ12.MX
2022-11-10,19.91446304321289,FIBRAMQ12.MX
2022-11-11,20.60266876220703,FIBRAMQ12.MX
2022-11-14,20.269432067871094,FIBRAMQ12.MX
2022-11-15,19.769577026367188,FIBRAMQ12.MX
2022-11-16,19.943439483642578,FIBRAMQ12.MX
2022-11-17,19.986906051635742,FIBRAMQ12.MX
2022-11-18,19.99414825439453,FIBRAMQ12.MX
2022-11-22,20.50124740600586,FIBRAMQ12.MX
2022-11-23,20.49400520324707,FIBRAMQ12.MX
2022-11-24,20.59542465209961,FIBRAMQ12.MX
2022-11-25,20.218721389770508,FIBRAMQ12.MX
2022-11-28,20.349117279052734,FIBRAMQ12.MX
2022-11-29,20.60266876220703,FIBRAMQ12.MX
2022-11-30,20.863460540771484,FIBRAMQ12.MX
2022-12-01,20.60991096496582,FIBRAMQ12.MX
2022-12-02,20.646127700805664,FIBRAMQ12.MX
2022-12-05,20.436046600341797,FIBRAMQ12.MX
2022-12-06,20.465023040771484,FIBRAMQ12.MX
2022-12-07,20.798261642456055,FIBRAMQ12.MX
2022-12-08,21.160472869873047,FIBRAMQ12.MX
2022-12-09,20.689598083496094,FIBRAMQ12.MX
2022-12-13,20.718576431274414,FIBRAMQ12.MX
2022-12-14,20.776527404785156,FIBRAMQ12.MX
2022-12-15,20.63164520263672,FIBRAMQ12.MX
2022-12-16,20.037616729736328,FIBRAMQ12.MX
2022-12-19,20.60266876220703,FIBRAMQ12.MX
2022-12-20,20.675111770629883,FIBRAMQ12.MX
2022-12-21,20.60991096496582,FIBRAMQ12.MX
2022-12-22,20.68235206604004,FIBRAMQ12.MX
2022-12-23,20.646127700805664,FIBRAMQ12.MX
2022-12-26,21.01558494567871,FIBRAMQ12.MX
2022-12-27,21.008346557617188,FIBRAMQ12.MX
2022-12-28,20.341875076293945,FIBRAMQ12.MX
2022-12-29,20.573688507080078,FIBRAMQ12.MX
2022-12-30,20.791017532348633,FIBRAMQ12.MX
2023-01-02,21.124258041381836,FIBRAMQ12.MX
2023-01-03,21.363311767578125,FIBRAMQ12.MX
2023-01-04,21.906635284423828,FIBRAMQ12.MX
2023-01-05,21.732770919799805,FIBRAMQ12.MX
2023-01-06,22.2181339263916,FIBRAMQ12.MX
2023-01-09,22.02254295349121,FIBRAMQ12.MX
2023-01-10,21.790729522705078,FIBRAMQ12.MX
2023-01-11,22.09498405456543,FIBRAMQ12.MX
2023-01-12,22.529640197753906,FIBRAMQ12.MX
2023-01-13,22.02254295349121,FIBRAMQ12.MX
2023-01-16,22.16018295288086,FIBRAMQ12.MX
2023-01-17,22.008052825927734,FIBRAMQ12.MX
2023-01-18,22.13120460510254,FIBRAMQ12.MX
2023-01-19,22.384754180908203,FIBRAMQ12.MX
2023-01-20,22.52239418029785,FIBRAMQ12.MX
2023-01-23,22.660037994384766,FIBRAMQ12.MX
2023-01-24,22.174673080444336,FIBRAMQ12.MX
2023-01-25,22.529640197753906,FIBRAMQ12.MX
2023-01-26,23.21195411682129,FIBRAMQ12.MX
2023-01-27,23.417953491210938,FIBRAMQ12.MX
2023-01-30,23.131025314331055,FIBRAMQ12.MX
2023-01-31,23.498884201049805,FIBRAMQ12.MX
2023-02-01,23.594526290893555,FIBRAMQ12.MX
2023-02-02,23.513599395751953,FIBRAMQ12.MX
2023-02-03,23.1751651763916,FIBRAMQ12.MX
2023-02-07,22.91766357421875,FIBRAMQ12.MX
2023-02-08,23.2560977935791,FIBRAMQ12.MX
2023-02-09,23.248737335205078,FIBRAMQ12.MX
2023-02-10,23.248737335205078,FIBRAMQ12.MX
2023-02-13,23.54302978515625,FIBRAMQ12.MX
2023-02-14,23.778457641601562,FIBRAMQ12.MX
2023-02-15,23.462095260620117,FIBRAMQ12.MX
2023-02-16,23.37381362915039,FIBRAMQ12.MX
2023-02-17,23.45473861694336,FIBRAMQ12.MX
2023-02-20,23.579809188842773,FIBRAMQ12.MX
2023-02-21,23.47681427001953,FIBRAMQ12.MX
2023-02-22,23.417953491210938,FIBRAMQ12.MX
2023-02-23,23.307600021362305,FIBRAMQ12.MX
2023-02-24,23.248737335205078,FIBRAMQ12.MX
2023-02-27,23.13838005065918,FIBRAMQ12.MX
2023-02-28,23.234024047851562,FIBRAMQ12.MX
2023-03-01,23.530895233154297,FIBRAMQ12.MX
2023-03-02,23.657888412475586,FIBRAMQ12.MX
2023-03-03,23.822229385375977,FIBRAMQ12.MX
2023-03-06,23.53836441040039,FIBRAMQ12.MX
2023-03-07,22.918346405029297,FIBRAMQ12.MX
2023-03-08,23.078948974609375,FIBRAMQ12.MX
2023-03-09,22.979106903076172,FIBRAMQ12.MX
2023-03-10,22.126609802246094,FIBRAMQ12.MX
2023-03-13,22.203407287597656,FIBRAMQ12.MX
2023-03-14,22.203407287597656,FIBRAMQ12.MX
2023-03-15,22.15732765197754,FIBRAMQ12.MX
2023-03-16,22.22645378112793,FIBRAMQ12.MX
2023-03-17,19.20046043395996,FIBRAMQ12.MX
2023-03-21,21.85012435913086,FIBRAMQ12.MX
2023-03-22,21.81172752380371,FIBRAMQ12.MX
2023-03-23,22.24949073791504,FIBRAMQ12.MX
2023-03-24,22.280214309692383,FIBRAMQ12.MX
2023-03-27,22.418453216552734,FIBRAMQ12.MX
2023-03-28,22.64118003845215,FIBRAMQ12.MX
2023-03-29,22.710302352905273,FIBRAMQ12.MX
2023-03-30,22.318614959716797,FIBRAMQ12.MX
2023-03-31,21.98068618774414,FIBRAMQ12.MX
2023-04-03,22.234130859375,FIBRAMQ12.MX
2023-04-04,22.380056381225586,FIBRAMQ12.MX
2023-04-05,22.026765823364258,FIBRAMQ12.MX
2023-04-10,21.704198837280273,FIBRAMQ12.MX
2023-04-11,22.141969680786133,FIBRAMQ12.MX
2023-04-12,22.364694595336914,FIBRAMQ12.MX
2023-04-13,22.717981338500977,FIBRAMQ12.MX
2023-04-14,22.971426010131836,FIBRAMQ12.MX
2023-04-17,22.303253173828125,FIBRAMQ12.MX
2023-04-18,22.426132202148438,FIBRAMQ12.MX
2023-04-19,22.410778045654297,FIBRAMQ12.MX
2023-04-20,22.234130859375,FIBRAMQ12.MX
2023-04-21,22.756383895874023,FIBRAMQ12.MX
2023-04-24,22.710302352905273,FIBRAMQ12.MX
2023-04-25,22.817827224731445,FIBRAMQ12.MX
2023-04-26,22.65654182434082,FIBRAMQ12.MX
2023-04-27,22.687259674072266,FIBRAMQ12.MX
2023-04-28,22.679582595825195,FIBRAMQ12.MX
2023-05-02,22.126609802246094,FIBRAMQ12.MX
2023-05-03,22.341657638549805,FIBRAMQ12.MX
2023-05-04,22.19573211669922,FIBRAMQ12.MX
2023-05-05,22.049802780151367,FIBRAMQ12.MX
2023-05-08,22.188053131103516,FIBRAMQ12.MX
2023-05-09,21.903886795043945,FIBRAMQ12.MX
2023-05-10,22.449174880981445,FIBRAMQ12.MX
2023-05-11,22.19573211669922,FIBRAMQ12.MX
2023-05-12,22.188053131103516,FIBRAMQ12.MX
2023-05-15,22.38773536682129,FIBRAMQ12.MX
2023-05-16,22.595102310180664,FIBRAMQ12.MX
2023-05-17,22.6949405670166,FIBRAMQ12.MX
2023-05-18,22.886947631835938,FIBRAMQ12.MX
2023-05-19,23.002151489257812,FIBRAMQ12.MX
2023-05-22,22.77942657470703,FIBRAMQ12.MX
2023-05-23,22.572059631347656,FIBRAMQ12.MX
2023-05-24,22.756383895874023,FIBRAMQ12.MX
2023-05-25,22.533658981323242,FIBRAMQ12.MX
2023-05-26,22.956064224243164,FIBRAMQ12.MX
2023-05-29,23.040550231933594,FIBRAMQ12.MX
2023-05-30,22.825504302978516,FIBRAMQ12.MX
2023-05-31,22.856225967407227,FIBRAMQ12.MX
2023-06-01,22.541337966918945,FIBRAMQ12.MX
2023-06-02,22.956064224243164,FIBRAMQ12.MX
2023-06-05,22.84854507446289,FIBRAMQ12.MX
2023-06-06,23.055910110473633,FIBRAMQ12.MX
2023-06-07,22.886947631835938,FIBRAMQ12.MX
2023-06-08,22.6949405670166,FIBRAMQ12.MX
2023-06-09,22.810142517089844,FIBRAMQ12.MX
2023-06-12,22.764062881469727,FIBRAMQ12.MX
2023-06-13,23.436922073364258,FIBRAMQ12.MX
2023-06-14,23.663480758666992,FIBRAMQ12.MX
2023-06-15,24.382211685180664,FIBRAMQ12.MX
2023-06-16,24.9603214263916,FIBRAMQ12.MX
2023-06-19,24.4681453704834,FIBRAMQ12.MX
2023-06-20,24.460336685180664,FIBRAMQ12.MX
2023-06-21,23.84316062927246,FIBRAMQ12.MX
2023-06-22,24.210342407226562,FIBRAMQ12.MX
2023-06-23,23.405677795410156,FIBRAMQ12.MX
2023-06-26,23.319738388061523,FIBRAMQ12.MX
2023-06-27,23.944725036621094,FIBRAMQ12.MX
2023-06-28,24.218156814575195,FIBRAMQ12.MX
2023-06-29,24.116594314575195,FIBRAMQ12.MX
2023-06-30,23.694726943969727,FIBRAMQ12.MX
2023-07-03,24.296279907226562,FIBRAMQ12.MX
2023-07-04,23.593170166015625,FIBRAMQ12.MX
2023-07-05,24.225969314575195,FIBRAMQ12.MX
2023-07-06,24.444713592529297,FIBRAMQ12.MX
2023-07-07,24.655643463134766,FIBRAMQ12.MX
2023-07-10,24.593143463134766,FIBRAMQ12.MX
2023-07-11,24.8040771484375,FIBRAMQ12.MX
2023-07-12,24.5306453704834,FIBRAMQ12.MX
2023-07-13,24.765018463134766,FIBRAMQ12.MX
2023-07-14,24.788450241088867,FIBRAMQ12.MX
2023-07-17,24.7493896484375,FIBRAMQ12.MX
2023-07-18,24.811887741088867,FIBRAMQ12.MX
2023-07-19,24.741575241088867,FIBRAMQ12.MX
2023-07-20,25.15563201904297,FIBRAMQ12.MX
2023-07-21,25.38218879699707,FIBRAMQ12.MX
2023-07-24,25.46811866760254,FIBRAMQ12.MX
2023-07-25,25.585308074951172,FIBRAMQ12.MX
2023-07-26,25.639997482299805,FIBRAMQ12.MX
2023-07-27,25.10875701904297,FIBRAMQ12.MX
2023-07-28,25.397808074951172,FIBRAMQ12.MX
2023-07-31,25.38218879699707,FIBRAMQ12.MX
2023-08-01,25.1165714263916,FIBRAMQ12.MX
2023-08-02,24.41345977783203,FIBRAMQ12.MX
2023-08-03,24.350963592529297,FIBRAMQ12.MX
2023-08-04,24.718141555786133,FIBRAMQ12.MX
2023-08-07,24.983760833740234,FIBRAMQ12.MX
2023-08-08,24.538455963134766,FIBRAMQ12.MX
2023-08-09,25.06969451904297,FIBRAMQ12.MX
2023-08-10,25.0306339263916,FIBRAMQ12.MX
2023-08-11,24.936885833740234,FIBRAMQ12.MX
2023-08-14,24.9603214263916,FIBRAMQ12.MX
2023-08-15,24.6322021484375,FIBRAMQ12.MX
2023-08-16,24.9212589263916,FIBRAMQ12.MX
2023-08-17,24.655643463134766,FIBRAMQ12.MX
2023-08-18,25.280628204345703,FIBRAMQ12.MX
2023-08-21,24.8275146484375,FIBRAMQ12.MX
2023-08-22,24.843135833740234,FIBRAMQ12.MX
2023-08-23,25.585308074951172,FIBRAMQ12.MX
2023-08-24,24.983760833740234,FIBRAMQ12.MX
2023-08-25,25.225940704345703,FIBRAMQ12.MX
2023-08-28,25.608741760253906,FIBRAMQ12.MX
2023-08-29,25.546249389648438,FIBRAMQ12.MX
2023-08-30,25.444684982299805,FIBRAMQ12.MX
2023-08-31,24.9915714263916,FIBRAMQ12.MX
2023-09-01,24.8665771484375,FIBRAMQ12.MX
2023-09-04,24.99938201904297,FIBRAMQ12.MX
2023-09-05,24.983760833740234,FIBRAMQ12.MX
2023-09-06,25.140005111694336,FIBRAMQ12.MX
2023-09-07,25.03844451904297,FIBRAMQ12.MX
2023-09-08,25.31187629699707,FIBRAMQ12.MX
2023-09-11,25.304061889648438,FIBRAMQ12.MX
2023-09-12,25.280628204345703,FIBRAMQ12.MX
2023-09-13,25.23375129699707,FIBRAMQ12.MX
2023-09-14,24.679079055786133,FIBRAMQ12.MX
2023-09-15,23.944725036621094,FIBRAMQ12.MX
2023-09-18,24.116594314575195,FIBRAMQ12.MX
2023-09-19,24.06190299987793,FIBRAMQ12.MX
2023-09-20,24.030656814575195,FIBRAMQ12.MX
2023-09-21,23.92909812927246,FIBRAMQ12.MX
2023-09-22,23.772851943969727,FIBRAMQ12.MX
2023-09-25,23.999408721923828,FIBRAMQ12.MX
2023-09-26,24.000423431396484,FIBRAMQ12.MX
2023-09-27,24.016311645507812,FIBRAMQ12.MX
2023-09-28,23.643041610717773,FIBRAMQ12.MX
2023-09-29,23.23800277709961,FIBRAMQ12.MX
2023-10-02,22.801198959350586,FIBRAMQ12.MX
2023-10-03,22.93621253967285,FIBRAMQ12.MX
2023-10-04,22.920330047607422,FIBRAMQ12.MX
2023-10-05,22.793256759643555,FIBRAMQ12.MX
2023-10-06,22.991806030273438,FIBRAMQ12.MX
2023-10-09,22.896501541137695,FIBRAMQ12.MX
2023-10-10,23.023571014404297,FIBRAMQ12.MX
2023-10-11,22.73766326904297,FIBRAMQ12.MX
2023-10-12,21.81639862060547,FIBRAMQ12.MX
2023-10-13,21.459016799926758,FIBRAMQ12.MX
2023-10-16,21.443130493164062,FIBRAMQ12.MX
2023-10-17,21.840229034423828,FIBRAMQ12.MX
2023-10-18,22.245267868041992,FIBRAMQ12.MX
2023-10-19,22.70589256286621,FIBRAMQ12.MX
2023-10-20,22.173786163330078,FIBRAMQ12.MX
2023-10-23,22.046716690063477,FIBRAMQ12.MX
2023-10-24,21.999065399169922,FIBRAMQ12.MX
2023-10-25,22.173786163330078,FIBRAMQ12.MX
2023-10-26,22.173786163330078,FIBRAMQ12.MX
2023-10-27,22.078487396240234,FIBRAMQ12.MX
2023-10-30,21.887882232666016,FIBRAMQ12.MX
2023-10-31,22.03083610534668,FIBRAMQ12.MX
2023-11-01,22.682065963745117,FIBRAMQ12.MX
2023-11-03,23.444490432739258,FIBRAMQ12.MX
2023-11-06,23.317424774169922,FIBRAMQ12.MX
2023-11-07,23.253887176513672,FIBRAMQ12.MX
2023-11-08,23.19828987121582,FIBRAMQ12.MX
2023-11-09,23.190351486206055,FIBRAMQ12.MX
2023-11-10,23.317424774169922,FIBRAMQ12.MX
2023-11-13,22.856792449951172,FIBRAMQ12.MX
2023-11-14,23.627153396606445,FIBRAMQ12.MX
2023-11-15,23.83364486694336,FIBRAMQ12.MX
2023-11-16,23.53185272216797,FIBRAMQ12.MX
2023-11-17,23.81776237487793,FIBRAMQ12.MX
2023-11-21,23.889240264892578,FIBRAMQ12.MX
2023-11-22,23.92100715637207,FIBRAMQ12.MX
2023-11-23,24.22279930114746,FIBRAMQ12.MX
2023-11-24,24.016311645507812,FIBRAMQ12.MX
2023-11-27,24.159265518188477,FIBRAMQ12.MX
2023-11-28,24.54047393798828,FIBRAMQ12.MX
2023-11-29,24.49282455444336,FIBRAMQ12.MX
2023-11-30,24.143381118774414,FIBRAMQ12.MX
2023-12-01,24.437232971191406,FIBRAMQ12.MX
2023-12-04,24.49282455444336,FIBRAMQ12.MX
2023-12-05,24.214855194091797,FIBRAMQ12.MX
2023-12-06,24.611953735351562,FIBRAMQ12.MX
2023-12-07,24.619895935058594,FIBRAMQ12.MX
2023-12-08,24.389577865600586,FIBRAMQ12.MX
2023-12-11,24.4610538482666,FIBRAMQ12.MX
2023-12-13,24.881977081298828,FIBRAMQ12.MX
2023-12-14,25.09640884399414,FIBRAMQ12.MX
2023-12-15,25.06464195251465,FIBRAMQ12.MX
2023-12-18,25.557037353515625,FIBRAMQ12.MX
2023-12-19,25.668224334716797,FIBRAMQ12.MX
2023-12-20,25.517330169677734,FIBRAMQ12.MX
2023-12-21,25.62851905822754,FIBRAMQ12.MX
2023-12-22,25.977956771850586,FIBRAMQ12.MX
2023-12-26,26.081207275390625,FIBRAMQ12.MX
2023-12-27,26.17650604248047,FIBRAMQ12.MX
2023-12-28,26.16062355041504,FIBRAMQ12.MX
2023-12-29,26.414762496948242,FIBRAMQ12.MX
2024-01-02,26.67684555053711,FIBRAMQ12.MX
2024-01-03,27.161300659179688,FIBRAMQ12.MX
2024-01-04,27.081884384155273,FIBRAMQ12.MX
2024-01-05,26.923046112060547,FIBRAMQ12.MX
2024-01-08,27.09776496887207,FIBRAMQ12.MX
2024-01-09,27.002464294433594,FIBRAMQ12.MX
2024-01-10,27.16924476623535,FIBRAMQ12.MX
2024-01-11,27.09776496887207,FIBRAMQ12.MX
2024-01-12,26.994525909423828,FIBRAMQ12.MX
2024-01-15,27.002464294433594,FIBRAMQ12.MX
2024-01-16,26.82773780822754,FIBRAMQ12.MX
2024-01-17,25.47762107849121,FIBRAMQ12.MX
2024-01-18,26.1923885345459,FIBRAMQ12.MX
2024-01-19,26.303579330444336,FIBRAMQ12.MX
2024-01-22,26.525951385498047,FIBRAMQ12.MX
2024-01-23,26.85157012939453,FIBRAMQ12.MX
2024-01-24,26.907163619995117,FIBRAMQ12.MX
2024-01-25,26.668909072875977,FIBRAMQ12.MX
2024-01-26,26.782806396484375,FIBRAMQ12.MX
2024-01-29,26.371631622314453,FIBRAMQ12.MX
2024-01-30,26.28294563293457,FIBRAMQ12.MX
2024-01-31,26.557064056396484,FIBRAMQ12.MX
2024-02-01,27.25041961669922,FIBRAMQ12.MX
2024-02-02,27.185922622680664,FIBRAMQ12.MX
2024-02-06,27.73415184020996,FIBRAMQ12.MX
2024-02-07,27.88733673095703,FIBRAMQ12.MX
2024-02-08,27.540664672851562,FIBRAMQ12.MX
2024-02-09,26.863431930541992,FIBRAMQ12.MX
2024-02-12,27.500349044799805,FIBRAMQ12.MX
2024-02-13,28.282390594482422,FIBRAMQ12.MX
2024-02-14,28.387195587158203,FIBRAMQ12.MX
2024-02-15,28.71774673461914,FIBRAMQ12.MX
2024-02-16,28.50006675720215,FIBRAMQ12.MX
2024-02-19,28.65325164794922,FIBRAMQ12.MX
2024-02-20,28.70162582397461,FIBRAMQ12.MX
2024-02-21,28.492000579833984,FIBRAMQ12.MX
2024-02-22,28.66131019592285,FIBRAMQ12.MX
2024-02-23,28.492000579833984,FIBRAMQ12.MX
2024-02-26,28.379133224487305,FIBRAMQ12.MX
2024-02-27,27.72609519958496,FIBRAMQ12.MX
2024-02-28,27.41972541809082,FIBRAMQ12.MX
2024-02-29,27.064987182617188,FIBRAMQ12.MX
2024-03-01,27.500349044799805,FIBRAMQ12.MX
2024-03-04,27.871212005615234,FIBRAMQ12.MX
2024-03-05,28.088891983032227,FIBRAMQ12.MX
2024-03-06,28.539840698242188,FIBRAMQ12.MX
2024-03-07,28.343524932861328,FIBRAMQ12.MX
2024-03-08,28.54802131652832,FIBRAMQ12.MX
2024-03-11,28.621639251708984,FIBRAMQ12.MX
2024-03-12,28.48645782470703,FIBRAMQ12.MX
2024-03-13,28.48645782470703,FIBRAMQ12.MX
2024-03-14,28.094402313232422,FIBRAMQ12.MX
2024-03-15,27.568885803222656,FIBRAMQ12.MX
2024-03-19,27.02668571472168,FIBRAMQ12.MX
2024-03-20,26.526187896728516,FIBRAMQ12.MX
2024-03-21,27.076730728149414,FIBRAMQ12.MX
2024-03-22,27.568885803222656,FIBRAMQ12.MX
2024-03-25,27.25190544128418,FIBRAMQ12.MX
2024-03-26,26.89322280883789,FIBRAMQ12.MX
2024-03-27,26.909902572631836,FIBRAMQ12.MX
2024-04-01,27.393714904785156,FIBRAMQ12.MX
2024-04-02,27.694011688232422,FIBRAMQ12.MX
2024-04-03,27.268587112426758,FIBRAMQ12.MX
2024-04-04,26.943265914916992,FIBRAMQ12.MX
2024-04-05,26.868192672729492,FIBRAMQ12.MX
2024-04-08,26.926584243774414,FIBRAMQ12.MX
2024-04-09,27.068391799926758,FIBRAMQ12.MX
2024-04-10,26.542871475219727,FIBRAMQ12.MX
2024-04-11,26.08408546447754,FIBRAMQ12.MX
2024-04-12,25.767105102539062,FIBRAMQ12.MX
2024-04-15,25.350025177001953,FIBRAMQ12.MX
2024-04-16,24.807825088500977,FIBRAMQ12.MX
2024-04-17,25.208221435546875,FIBRAMQ12.MX
2024-04-18,25.316661834716797,FIBRAMQ12.MX
2024-04-19,25.008024215698242,FIBRAMQ12.MX
2024-04-22,25.466814041137695,FIBRAMQ12.MX
2024-04-23,25.708711624145508,FIBRAMQ12.MX
2024-04-24,25.667009353637695,FIBRAMQ12.MX
2024-04-25,25.983989715576172,FIBRAMQ12.MX
2024-04-26,25.78378677368164,FIBRAMQ12.MX
2024-04-29,25.750425338745117,FIBRAMQ12.MX
2024-04-30,25.566905975341797,FIBRAMQ12.MX
2024-05-02,25.900569915771484,FIBRAMQ12.MX
2024-05-03,25.633642196655273,FIBRAMQ12.MX
2024-05-06,25.850521087646484,FIBRAMQ12.MX
2024-05-07,25.983989715576172,FIBRAMQ12.MX
2024-05-08,25.692031860351562,FIBRAMQ12.MX
2024-05-09,26.12579345703125,FIBRAMQ12.MX
2024-05-10,26.209209442138672,FIBRAMQ12.MX
2024-05-13,26.459455490112305,FIBRAMQ12.MX
2024-05-14,26.275943756103516,FIBRAMQ12.MX
2024-05-15,26.959949493408203,FIBRAMQ12.MX
2024-05-16,26.984970092773438,FIBRAMQ12.MX
2024-05-17,26.642974853515625,FIBRAMQ12.MX
2024-05-20,26.809803009033203,FIBRAMQ12.MX
2024-05-21,26.117450714111328,FIBRAMQ12.MX
2024-05-22,25.82549476623535,FIBRAMQ12.MX
2024-05-23,26.05072021484375,FIBRAMQ12.MX
2024-05-24,25.842180252075195,FIBRAMQ12.MX
2024-05-27,25.44178581237793,FIBRAMQ12.MX
2024-05-28,25.55856704711914,FIBRAMQ12.MX
2024-05-29,25.216562271118164,FIBRAMQ12.MX
2024-05-30,26.13413429260254,FIBRAMQ12.MX
2024-05-31,26.45111083984375,FIBRAMQ12.MX
2024-06-03,24.298988342285156,FIBRAMQ12.MX
2024-06-04,26.309307098388672,FIBRAMQ12.MX
2024-06-05,26.559553146362305,FIBRAMQ12.MX
2024-06-06,26.401063919067383,FIBRAMQ12.MX
2024-06-07,25.32500648498535,FIBRAMQ12.MX
2024-06-10,25.758764266967773,FIBRAMQ12.MX
2024-06-11,25.850521087646484,FIBRAMQ12.MX
2024-06-12,25.408416748046875,FIBRAMQ12.MX
2024-06-13,25.541885375976562,FIBRAMQ12.MX
2024-06-14,25.52915382385254,FIBRAMQ12.MX
2024-06-17,25.928043365478516,FIBRAMQ12.MX
2024-06-18,25.79224967956543,FIBRAMQ12.MX
2024-06-19,26.225093841552734,FIBRAMQ12.MX
2024-06-20,26.42878532409668,FIBRAMQ12.MX
2024-06-21,26.301475524902344,FIBRAMQ12.MX
2024-06-24,26.522144317626953,FIBRAMQ12.MX
2024-06-25,26.309965133666992,FIBRAMQ12.MX
2024-06-26,26.046863555908203,FIBRAMQ12.MX
2024-06-27,26.292991638183594,FIBRAMQ12.MX
2024-06-28,26.360883712768555,FIBRAMQ12.MX
2024-07-01,26.590036392211914,FIBRAMQ12.MX
2024-07-02,25.93653106689453,FIBRAMQ12.MX
2024-07-03,26.03837776184082,FIBRAMQ12.MX
2024-07-04,26.09778594970703,FIBRAMQ12.MX
2024-07-05,26.284502029418945,FIBRAMQ12.MX
2024-07-08,27.370845794677734,FIBRAMQ12.MX
2024-07-09,26.717342376708984,FIBRAMQ12.MX
2024-07-10,26.887086868286133,FIBRAMQ12.MX
2024-07-11,26.819185256958008,FIBRAMQ12.MX
2024-07-12,27.328413009643555,FIBRAMQ12.MX
2024-07-15,26.93800926208496,FIBRAMQ12.MX
2024-07-16,27.252031326293945,FIBRAMQ12.MX
2024-07-17,26.768268585205078,FIBRAMQ12.MX
2024-07-18,27.10775375366211,FIBRAMQ12.MX
2024-07-19,27.854610443115234,FIBRAMQ12.MX
2024-07-22,28.525089263916016,FIBRAMQ12.MX
2024-07-23,28.06679344177246,FIBRAMQ12.MX
2024-07-24,27.438745498657227,FIBRAMQ12.MX
2024-07-25,27.319927215576172,FIBRAMQ12.MX
2024-07-26,26.479703903198242,FIBRAMQ12.MX
2024-07-29,26.59852409362793,FIBRAMQ12.MX
2024-07-30,26.90406036376953,FIBRAMQ12.MX
2024-07-31,26.691883087158203,FIBRAMQ12.MX
2024-08-01,26.513654708862305,FIBRAMQ12.MX
2024-08-02,26.02140235900879,FIBRAMQ12.MX
2024-08-05,26.53062629699707,FIBRAMQ12.MX
2024-08-06,26.522144317626953,FIBRAMQ12.MX
2024-08-07,26.411813735961914,FIBRAMQ12.MX
2024-08-08,26.632471084594727,FIBRAMQ12.MX
2024-08-09,26.946495056152344,FIBRAMQ12.MX
2024-08-12,26.615503311157227,FIBRAMQ12.MX
2024-08-13,27.294466018676758,FIBRAMQ12.MX
2024-08-14,27.252031326293945,FIBRAMQ12.MX
2024-08-15,27.566055297851562,FIBRAMQ12.MX
2024-08-16,27.430261611938477,FIBRAMQ12.MX
2024-08-19,27.370845794677734,FIBRAMQ12.MX
2024-08-20,27.489669799804688,FIBRAMQ12.MX
2024-08-21,27.226572036743164,FIBRAMQ12.MX
2024-08-22,26.819185256958008,FIBRAMQ12.MX
2024-08-23,26.581554412841797,FIBRAMQ12.MX
2024-08-26,26.309965133666992,FIBRAMQ12.MX
2024-08-27,26.17417335510254,FIBRAMQ12.MX
2024-08-28,26.029888153076172,FIBRAMQ12.MX
2024-08-29,26.301475524902344,FIBRAMQ12.MX
2024-08-30,26.292991638183594,FIBRAMQ12.MX
2024-09-02,26.352397918701172,FIBRAMQ12.MX
2024-09-03,25.970481872558594,FIBRAMQ12.MX
2024-09-04,26.352397918701172,FIBRAMQ12.MX
2024-09-05,26.403322219848633,FIBRAMQ12.MX
2024-09-06,26.08930015563965,FIBRAMQ12.MX
2024-09-09,26.267528533935547,FIBRAMQ12.MX
2024-09-10,25.970481872558594,FIBRAMQ12.MX
2024-09-11,25.970481872558594,FIBRAMQ12.MX
2024-09-12,26.700368881225586,FIBRAMQ12.MX
2024-09-13,26.454246520996094,FIBRAMQ12.MX
2024-09-17,26.522144317626953,FIBRAMQ12.MX
2024-09-18,26.768268585205078,FIBRAMQ12.MX
2024-09-19,26.513654708862305,FIBRAMQ12.MX
2024-09-20,26.505170822143555,FIBRAMQ12.MX
2024-09-23,26.199634552001953,FIBRAMQ12.MX
2024-09-24,26.836166381835938,FIBRAMQ12.MX
2024-09-25,26.90406036376953,FIBRAMQ12.MX
2024-09-26,27.926719665527344,FIBRAMQ12.MX
2024-09-27,27.995756149291992,FIBRAMQ12.MX
2024-09-30,27.184537887573242,FIBRAMQ12.MX
2024-10-02,27.011932373046875,FIBRAMQ12.MX
2024-10-03,26.986045837402344,FIBRAMQ12.MX
2024-10-04,26.977413177490234,FIBRAMQ12.MX
2024-10-07,27.408916473388672,FIBRAMQ12.MX
2024-10-08,27.063716888427734,FIBRAMQ12.MX
2024-10-09,26.82207489013672,FIBRAMQ12.MX
2024-10-10,27.089601516723633,FIBRAMQ12.MX
2024-10-11,27.477954864501953,FIBRAMQ12.MX
2024-10-14,27.184537887573242,FIBRAMQ12.MX
2024-10-15,27.728225708007812,FIBRAMQ12.MX
2024-10-16,27.58151626586914,FIBRAMQ12.MX
2024-10-17,27.926719665527344,FIBRAMQ12.MX
2024-10-18,27.94397735595703,FIBRAMQ12.MX
2024-10-21,27.650558471679688,FIBRAMQ12.MX
2024-10-22,27.59014320373535,FIBRAMQ12.MX
2024-10-23,27.357135772705078,FIBRAMQ12.MX
2024-10-24,27.61603546142578,FIBRAMQ12.MX
2024-10-25,27.59877586364746,FIBRAMQ12.MX
2024-10-28,27.61603546142578,FIBRAMQ12.MX
2024-10-29,27.952608108520508,FIBRAMQ12.MX
2024-10-30,28.297807693481445,FIBRAMQ12.MX
2024-10-31,28.677526473999023,FIBRAMQ12.MX
2024-11-01,28.22876739501953,FIBRAMQ12.MX
2024-11-04,28.1165771484375,FIBRAMQ12.MX
2024-11-05,28.176990509033203,FIBRAMQ12.MX
2024-11-06,27.909454345703125,FIBRAMQ12.MX
2024-11-07,28.056163787841797,FIBRAMQ12.MX
2024-11-08,27.874937057495117,FIBRAMQ12.MX
2024-11-11,27.81452751159668,FIBRAMQ12.MX
2024-11-12,27.874937057495117,FIBRAMQ12.MX
2024-11-13,27.728225708007812,FIBRAMQ12.MX
2024-11-14,27.81452751159668,FIBRAMQ12.MX
2024-11-15,28.142465591430664,FIBRAMQ12.MX
2024-11-19,28.168354034423828,FIBRAMQ12.MX
2024-11-20,27.97849464416504,FIBRAMQ12.MX
2024-11-21,28.013015747070312,FIBRAMQ12.MX
2024-11-22,28.047534942626953,FIBRAMQ12.MX
2024-11-25,28.202878952026367,FIBRAMQ12.MX
2024-11-26,28.202878952026367,FIBRAMQ12.MX
2024-11-27,27.85767364501953,FIBRAMQ12.MX
2024-11-28,27.27083396911621,FIBRAMQ12.MX
2024-11-29,27.460697174072266,FIBRAMQ12.MX
2024-12-02,27.572885513305664,FIBRAMQ12.MX
2024-12-03,27.788637161254883,FIBRAMQ12.MX
2024-12-04,27.383028030395508,FIBRAMQ12.MX
2024-12-05,27.831783294677734,FIBRAMQ12.MX
2024-12-06,27.546998977661133,FIBRAMQ12.MX
2024-12-09,27.86630630493164,FIBRAMQ12.MX
2024-12-10,27.641923904418945,FIBRAMQ12.MX
2024-12-11,27.59877586364746,FIBRAMQ12.MX
2024-12-13,27.771377563476562,FIBRAMQ12.MX
2024-12-16,27.460697174072266,FIBRAMQ12.MX
2024-12-17,27.477954864501953,FIBRAMQ12.MX
2024-12-18,26.59769630432129,FIBRAMQ12.MX
2024-12-19,26.735774993896484,FIBRAMQ12.MX
2024-12-20,26.47687339782715,FIBRAMQ12.MX
2024-12-23,26.217975616455078,FIBRAMQ12.MX
2024-12-24,26.295642852783203,FIBRAMQ12.MX
2024-12-26,26.934263229370117,FIBRAMQ12.MX
2024-12-27,26.925634384155273,FIBRAMQ12.MX
2024-12-30,26.071264266967773,FIBRAMQ12.MX
2024-12-31,26.19208335876465,FIBRAMQ12.MX
2025-01-02,27.072343826293945,FIBRAMQ12.MX
2025-01-03,26.19208335876465,FIBRAMQ12.MX
2025-01-06,26.545915603637695,FIBRAMQ12.MX
2025-01-07,26.632213592529297,FIBRAMQ12.MX
2025-01-08,26.753034591674805,FIBRAMQ12.MX
2025-01-09,26.062637329101562,FIBRAMQ12.MX
2025-01-10,26.356056213378906,FIBRAMQ12.MX
2025-01-13,26.062637329101562,FIBRAMQ12.MX
2025-01-14,26.295642852783203,FIBRAMQ12.MX
2025-01-15,26.82207489013672,FIBRAMQ12.MX
2025-01-16,26.252492904663086,FIBRAMQ12.MX
2025-01-17,26.381946563720703,FIBRAMQ12.MX
2025-01-20,26.683996200561523,FIBRAMQ12.MX
2025-01-21,26.614953994750977,FIBRAMQ12.MX
2025-01-22,26.735774993896484,FIBRAMQ12.MX
2025-01-23,26.917007446289062,FIBRAMQ12.MX
2025-01-24,27.072343826293945,FIBRAMQ12.MX
2025-01-27,27.43480682373047,FIBRAMQ12.MX
2025-01-28,27.85767364501953,FIBRAMQ12.MX
2025-01-29,28.239290237426758,FIBRAMQ12.MX
2025-01-30,28.327014923095703,FIBRAMQ12.MX
2025-01-31,27.598878860473633,FIBRAMQ12.MX
2025-02-04,28.94987678527832,FIBRAMQ12.MX
2025-02-05,28.616514205932617,FIBRAMQ12.MX
2025-02-06,28.33578872680664,FIBRAMQ12.MX
2025-02-07,28.52878761291504,FIBRAMQ12.MX
2025-02-10,28.502471923828125,FIBRAMQ12.MX
2025-02-11,28.581424713134766,FIBRAMQ12.MX
2025-02-12,28.502471923828125,FIBRAMQ12.MX
2025-02-13,28.80951690673828,FIBRAMQ12.MX
2025-02-14,28.94987678527832,FIBRAMQ12.MX
2025-02-17,28.941104888916016,FIBRAMQ12.MX
2025-02-18,28.993738174438477,FIBRAMQ12.MX
2025-02-19,28.625288009643555,FIBRAMQ12.MX
2025-02-20,29.072690963745117,FIBRAMQ12.MX
2025-02-21,28.94987678527832,FIBRAMQ12.MX
2025-02-24,28.555103302001953,FIBRAMQ12.MX
2025-02-25,28.18665313720703,FIBRAMQ12.MX
2025-02-26,28.414745330810547,FIBRAMQ12.MX
2025-02-27,27.660293579101562,FIBRAMQ12.MX
2025-02-28,27.607656478881836,FIBRAMQ12.MX
2025-03-03,27.721698760986328,FIBRAMQ12.MX
2025-03-04,27.695384979248047,FIBRAMQ12.MX
2025-03-05,28.134016036987305,FIBRAMQ12.MX
2025-03-06,27.976106643676758,FIBRAMQ12.MX
2025-03-07,27.57256317138672,FIBRAMQ12.MX
2025-03-10,27.019886016845703,FIBRAMQ12.MX
2025-03-11,26.844430923461914,FIBRAMQ12.MX
2025-03-12,27.803958892822266,FIBRAMQ12.MX
2025-03-13,27.661144256591797,FIBRAMQ12.MX
2025-03-14,27.420143127441406,FIBRAMQ12.MX
2025-03-18,27.661144256591797,FIBRAMQ12.MX
2025-03-19,27.786102294921875,FIBRAMQ12.MX
2025-03-20,27.89321517944336,FIBRAMQ12.MX
2025-03-21,27.5094051361084,FIBRAMQ12.MX
2025-03-24,27.179149627685547,FIBRAMQ12.MX
2025-03-25,27.527254104614258,FIBRAMQ12.MX
2025-03-26,27.179149627685547,FIBRAMQ12.MX
2025-03-27,27.295185089111328,FIBRAMQ12.MX
2025-03-28,26.991708755493164,FIBRAMQ12.MX
2025-03-31,27.000633239746094,FIBRAMQ12.MX
2025-04-01,27.429075241088867,FIBRAMQ12.MX
2025-04-02,27.116670608520508,FIBRAMQ12.MX
2025-04-03,27.777179718017578,FIBRAMQ12.MX
2025-04-04,27.295185089111328,FIBRAMQ12.MX
2025-04-07,26.38475227355957,FIBRAMQ12.MX
2025-04-08,26.402603149414062,FIBRAMQ12.MX
2025-04-09,26.598966598510742,FIBRAMQ12.MX
2025-04-10,26.67930030822754,FIBRAMQ12.MX
2025-04-11,26.759634017944336,FIBRAMQ12.MX
2025-04-14,27.429075241088867,FIBRAMQ12.MX
2025-04-15,27.71470069885254,FIBRAMQ12.MX
2025-04-16,27.491554260253906,FIBRAMQ12.MX
2025-04-21,27.455852508544922,FIBRAMQ12.MX
2025-04-22,27.661144256591797,FIBRAMQ12.MX
2025-04-23,27.750402450561523,FIBRAMQ12.MX
2025-04-24,27.321962356567383,FIBRAMQ12.MX
2025-04-25,27.91999626159668,FIBRAMQ12.MX
2025-04-28,27.85750961303711,FIBRAMQ12.MX
2025-04-29,26.831043243408203,FIBRAMQ12.MX
2025-04-30,27.562959671020508,FIBRAMQ12.MX
2025-05-02,27.86643409729004,FIBRAMQ12.MX
2025-05-05,27.982473373413086,FIBRAMQ12.MX
2025-05-06,28.13421058654785,FIBRAMQ12.MX
2025-05-07,27.51833152770996,FIBRAMQ12.MX
2025-05-08,27.99140167236328,FIBRAMQ12.MX
2025-05-09,28.00925064086914,FIBRAMQ12.MX
2025-05-12,27.554035186767578,FIBRAMQ12.MX
2025-05-13,27.393369674682617,FIBRAMQ12.MX
2025-05-14,27.41122055053711,FIBRAMQ12.MX
2025-05-15,27.473703384399414,FIBRAMQ12.MX
2025-05-16,27.68792152404785,FIBRAMQ12.MX
2025-05-19,28.223472595214844,FIBRAMQ12.MX
2025-05-20,28.277027130126953,FIBRAMQ12.MX
2025-05-21,28.018173217773438,FIBRAMQ12.MX
2025-05-22,27.589738845825195,FIBRAMQ12.MX
2025-05-23,27.85750961303711,FIBRAMQ12.MX
2025-05-26,28.303804397583008,FIBRAMQ12.MX
2025-05-27,28.446617126464844,FIBRAMQ12.MX
2025-05-28,28.562654495239258,FIBRAMQ12.MX
2025-05-29,29.017866134643555,FIBRAMQ12.MX
2025-05-30,28.410913467407227,FIBRAMQ12.MX
2025-06-02,28.848278045654297,FIBRAMQ12.MX
2025-06-03,28.607282638549805,FIBRAMQ12.MX
2025-06-04,29.133901596069336,FIBRAMQ12.MX
2025-06-05,29.09819984436035,FIBRAMQ12.MX
2025-06-06,29.57127571105957,FIBRAMQ12.MX
2025-06-09,28.901832580566406,FIBRAMQ12.MX
2025-06-10,28.544801712036133,FIBRAMQ12.MX
2025-06-11,28.571577072143555,FIBRAMQ12.MX
2025-06-12,28.250246047973633,FIBRAMQ12.MX
2025-06-13,28.205617904663086,FIBRAMQ12.MX
2025-06-16,28.044952392578125,FIBRAMQ12.MX
2025-06-17,27.85750961303711,FIBRAMQ12.MX
2025-06-18,27.973546981811523,FIBRAMQ12.MX
2025-06-19,27.973546981811523,FIBRAMQ12.MX
2025-06-20,27.955699920654297,FIBRAMQ12.MX
2025-06-23,27.643291473388672,FIBRAMQ12.MX
2025-06-24,27.5094051361084,FIBRAMQ12.MX
2025-06-25,27.545108795166016,FIBRAMQ12.MX
2025-06-26,28.266803741455078,FIBRAMQ12.MX
2025-06-27,27.7568359375,FIBRAMQ12.MX
2025-06-30,27.35614776611328,FIBRAMQ12.MX
2025-07-01,27.64755630493164,FIBRAMQ12.MX
2025-07-02,28.467147827148438,FIBRAMQ12.MX
2025-07-03,28.45804214477539,FIBRAMQ12.MX
2025-07-04,28.3032283782959,FIBRAMQ12.MX
2025-07-07,28.31233787536621,FIBRAMQ12.MX
2025-07-08,28.230379104614258,FIBRAMQ12.MX
2025-07-09,28.731237411499023,FIBRAMQ12.MX
2025-07-10,28.221271514892578,FIBRAMQ12.MX
2025-07-11,28.467147827148438,FIBRAMQ12.MX
2025-07-14,28.002714157104492,FIBRAMQ12.MX
2025-07-15,28.039138793945312,FIBRAMQ12.MX
2025-07-16,27.793262481689453,FIBRAMQ12.MX
2025-07-17,27.838796615600586,FIBRAMQ12.MX
2025-07-18,27.58381462097168,FIBRAMQ12.MX
2025-07-21,27.529172897338867,FIBRAMQ12.MX
2025-07-22,27.510957717895508,FIBRAMQ12.MX
2025-07-23,28.221271514892578,FIBRAMQ12.MX
2025-07-24,28.530895233154297,FIBRAMQ12.MX
2025-07-25,28.29412269592285,FIBRAMQ12.MX
2025-07-28,27.720413208007812,FIBRAMQ12.MX
2025-07-29,27.501853942871094,FIBRAMQ12.MX
2025-07-30,27.68398094177246,FIBRAMQ12.MX
2025-07-31,28.084671020507812,FIBRAMQ12.MX
2025-08-01,28.24859046936035,FIBRAMQ12.MX
2025-08-04,27.993606567382812,FIBRAMQ12.MX
2025-08-05,28.330551147460938,FIBRAMQ12.MX
2025-08-06,28.667495727539062,FIBRAMQ12.MX
2025-08-07,28.184844970703125,FIBRAMQ12.MX
2025-08-08,28.41250991821289,FIBRAMQ12.MX
2025-08-11,28.24859046936035,FIBRAMQ12.MX
2025-08-12,28.339656829833984,FIBRAMQ12.MX
2025-08-13,28.749454498291016,FIBRAMQ12.MX
2025-08-14,28.549108505249023,FIBRAMQ12.MX
2025-08-15,28.15752601623535,FIBRAMQ12.MX
2025-08-18,28.275911331176758,FIBRAMQ12.MX
2025-08-19,28.0755672454834,FIBRAMQ12.MX
2025-08-20,28.230379104614258,FIBRAMQ12.MX
2025-08-21,28.65838623046875,FIBRAMQ12.MX
2025-08-22,28.831411361694336,FIBRAMQ12.MX
2025-08-25,28.713027954101562,FIBRAMQ12.MX
2025-08-26,28.24859046936035,FIBRAMQ12.MX
2025-08-27,28.576427459716797,FIBRAMQ12.MX
2025-08-28,28.52178955078125,FIBRAMQ12.MX
2025-08-29,28.503570556640625,FIBRAMQ12.MX
2025-09-01,28.858732223510742,FIBRAMQ12.MX
2025-09-02,28.740345001220703,FIBRAMQ12.MX
2025-09-03,28.640174865722656,FIBRAMQ12.MX
2025-09-04,28.86783790588379,FIBRAMQ12.MX
2025-09-05,29.195676803588867,FIBRAMQ12.MX
2025-09-08,29.587261199951172,FIBRAMQ12.MX
2025-09-09,29.0135440826416,FIBRAMQ12.MX
2025-09-10,28.649276733398438,FIBRAMQ12.MX
2025-09-11,28.640174865722656,FIBRAMQ12.MX
2025-09-12,28.785879135131836,FIBRAMQ12.MX
2025-09-15,28.86783790588379,FIBRAMQ12.MX
2025-09-17,28.758556365966797,FIBRAMQ12.MX
2025-09-18,28.52178955078125,FIBRAMQ12.MX
2025-09-19,29.131927490234375,FIBRAMQ12.MX
2025-09-22,28.986223220825195,FIBRAMQ12.MX
2025-09-23,29.11371421813965,FIBRAMQ12.MX
2025-09-24,28.45804214477539,FIBRAMQ12.MX
2025-09-25,28.590404510498047,FIBRAMQ12.MX
2025-09-26,29.017683029174805,FIBRAMQ12.MX
2025-09-29,28.84119415283203,FIBRAMQ12.MX
2025-09-30,29.249897003173828,FIBRAMQ12.MX
2025-10-01,29.091991424560547,FIBRAMQ12.MX
2025-10-02,28.81333351135254,FIBRAMQ12.MX
2025-10-03,29.203454971313477,FIBRAMQ12.MX
2025-10-06,29.324207305908203,FIBRAMQ12.MX
2025-10-07,28.989816665649414,FIBRAMQ12.MX
2025-10-08,29.064125061035156,FIBRAMQ12.MX
2025-10-09,29.1291446685791,FIBRAMQ12.MX
2025-10-10,28.599695205688477,FIBRAMQ12.MX
2025-10-13,28.0237979888916,FIBRAMQ12.MX
2025-10-14,27.884469985961914,FIBRAMQ12.MX
2025-10-15,27.865890502929688,FIBRAMQ12.MX
2025-10-16,28.163127899169922,FIBRAMQ12.MX
2025-10-17,27.735851287841797,FIBRAMQ12.MX
2025-10-20,28.153839111328125,FIBRAMQ12.MX
2025-10-21,27.7265625,FIBRAMQ12.MX
2025-10-22,27.865890502929688,FIBRAMQ12.MX
2025-10-23,28.03308868408203,FIBRAMQ12.MX
2025-10-24,27.596519470214844,FIBRAMQ12.MX
2025-10-27,27.559364318847656,FIBRAMQ12.MX
2025-10-28,27.559364318847656,FIBRAMQ12.MX
2025-10-29,27.912330627441406,FIBRAMQ12.MX
2025-10-30,27.652252197265625,FIBRAMQ12.MX
2025-10-31,27.884469985961914,FIBRAMQ12.MX
2025-11-03,27.968063354492188,FIBRAMQ12.MX
2025-11-04,28.200284957885742,FIBRAMQ12.MX
2025-11-05,28.478939056396484,FIBRAMQ12.MX
2025-11-06,28.265302658081055,FIBRAMQ12.MX
2025-11-07,28.516096115112305,FIBRAMQ12.MX
2025-11-10,28.646135330200195,FIBRAMQ12.MX
2025-11-11,29.073413848876953,FIBRAMQ12.MX
2025-11-12,29.314918518066406,FIBRAMQ12.MX
2025-11-13,28.60898208618164,FIBRAMQ12.MX
2025-11-14,28.999103546142578,FIBRAMQ12.MX
2025-11-18,28.85048484802246,FIBRAMQ12.MX
2025-11-19,28.49751853942871,FIBRAMQ12.MX
2025-11-20,28.256013870239258,FIBRAMQ12.MX
2025-11-21,28.590404510498047,FIBRAMQ12.MX
2025-11-24,28.655426025390625,FIBRAMQ12.MX
2025-11-25,29.0362606048584,FIBRAMQ12.MX
2025-11-26,29.05483627319336,FIBRAMQ12.MX
2025-11-27,29.008390426635742,FIBRAMQ12.MX
2025-11-28,29.491403579711914,FIBRAMQ12.MX
2025-12-01,29.70503807067871,FIBRAMQ12.MX
2025-12-02,29.008390426635742,FIBRAMQ12.MX
2025-12-03,29.147722244262695,FIBRAMQ12.MX
2025-12-04,29.19416618347168,FIBRAMQ12.MX
2025-12-05,28.91550636291504,FIBRAMQ12.MX
2025-12-08,28.71115493774414,FIBRAMQ12.MX
2025-12-09,29.082700729370117,FIBRAMQ12.MX
2025-12-10,29.21274185180664,FIBRAMQ12.MX
2025-12-11,29.35207176208496,FIBRAMQ12.MX
2025-12-15,30.039430618286133,FIBRAMQ12.MX
2025-12-16,29.82579231262207,FIBRAMQ12.MX
2025-12-17,29.99298858642578,FIBRAMQ12.MX
2025-12-18,30.410978317260742,FIBRAMQ12.MX
2025-12-19,31.590633392333984,FIBRAMQ12.MX
2025-12-22,31.674222946166992,FIBRAMQ12.MX
2025-12-23,31.525609970092773,FIBRAMQ12.MX
2025-12-24,31.48845672607422,FIBRAMQ12.MX
2025-12-26,31.20979881286621,FIBRAMQ12.MX
2025-12-29,31.646358489990234,FIBRAMQ12.MX
2025-12-30,31.6370792388916,FIBRAMQ12.MX
2025-12-31,31.41414451599121,FIBRAMQ12.MX
2026-01-02,31.321264266967773,FIBRAMQ12.MX
2026-01-05,31.311969757080078,FIBRAMQ12.MX
2026-01-06,31.30268096923828,FIBRAMQ12.MX
2026-01-07,31.479167938232422,FIBRAMQ12.MX
2026-01-08,31.664939880371094,FIBRAMQ12.MX
2026-01-09,31.59992027282715,FIBRAMQ12.MX
2026-01-12,31.618497848510742,FIBRAMQ12.MX
2026-01-13,32.77958297729492,FIBRAMQ12.MX
2026-01-14,33.151119232177734,FIBRAMQ12.MX
2026-01-15,32.649539947509766,FIBRAMQ12.MX
2026-01-16,32.38945388793945,FIBRAMQ12.MX
2026-01-19,32.426612854003906,FIBRAMQ12.MX
2026-01-20,32.296566009521484,FIBRAMQ12.MX
2026-01-21,33.29045486450195,FIBRAMQ12.MX
2026-01-22,33.38333511352539,FIBRAMQ12.MX
2026-01-23,32.90032958984375,FIBRAMQ12.MX
2026-01-26,33.16969680786133,FIBRAMQ12.MX
2026-01-27,33.671287536621094,FIBRAMQ12.MX
2026-01-28,34.2657585144043,FIBRAMQ12.MX
2026-01-29,34.315345764160156,FIBRAMQ12.MX
2026-01-30,34.19255447387695,FIBRAMQ12.MX
2026-02-03,34.88207244873047,FIBRAMQ12.MX
2026-02-04,34.97652816772461,FIBRAMQ12.MX
2026-02-05,34.75927734375,FIBRAMQ12.MX
2026-02-06,35.09932327270508,FIBRAMQ12.MX
2026-02-09,34.91040802001953,FIBRAMQ12.MX
2026-02-10,34.83484649658203,FIBRAMQ12.MX
2026-02-11,34.183109283447266,FIBRAMQ12.MX
2026-02-12,34.91985321044922,FIBRAMQ12.MX
2026-02-13,34.853736877441406,FIBRAMQ12.MX
2026-02-16,35.13710403442383,FIBRAMQ12.MX
2026-02-17,35.014312744140625,FIBRAMQ12.MX
2026-02-18,35.84551239013672,FIBRAMQ12.MX
2026-02-19,36.365013122558594,FIBRAMQ12.MX
2026-02-20,36.9884033203125,FIBRAMQ12.MX
2026-02-23,36.6861572265625,FIBRAMQ12.MX
2026-02-24,35.97774887084961,FIBRAMQ12.MX
2026-02-25,39.3686637878418,FIBRAMQ12.MX
2026-02-26,39.22697830200195,FIBRAMQ12.MX
2026-02-27,40.50212097167969,FIBRAMQ12.MX
2026-03-02,40.747703552246094,FIBRAMQ12.MX
2026-03-03,38.94361877441406,FIBRAMQ12.MX
2026-03-04,38.9625129699707,FIBRAMQ12.MX
2026-03-05,38.820831298828125,FIBRAMQ12.MX
2026-03-06,38.187984466552734,FIBRAMQ12.MX
2026-03-09,36.76171875,FIBRAMQ12.MX
2026-03-10,38.14076232910156,FIBRAMQ12.MX
2026-03-11,38.12397766113281,FIBRAMQ12.MX
2026-03-12,37.932151794433594,FIBRAMQ12.MX
2026-03-13,38.01847457885742,FIBRAMQ12.MX
2026-03-17,38.37333679199219,FIBRAMQ12.MX
2026-03-18,38.881656646728516,FIBRAMQ12.MX
2026-03-19,39.092655181884766,FIBRAMQ12.MX
2026-03-20,38.55556106567383,FIBRAMQ12.MX
2026-03-23,38.57474899291992,FIBRAMQ12.MX
2026-03-24,39.150203704833984,FIBRAMQ12.MX
2026-03-25,39.23652267456055,FIBRAMQ12.MX
2026-03-26,38.57474899291992,FIBRAMQ12.MX
2026-03-27,38.3157958984375,FIBRAMQ12.MX
2026-03-30,39.150203704833984,FIBRAMQ12.MX
2026-03-31,39.57220458984375,FIBRAMQ12.MX
2026-04-01,39.80238723754883,FIBRAMQ12.MX
2026-04-06,39.62015914916992,FIBRAMQ12.MX
2026-04-07,39.754432678222656,FIBRAMQ12.MX
2026-04-08,40.00379943847656,FIBRAMQ12.MX
2026-04-09,39.81197738647461,FIBRAMQ12.MX
2026-04-10,40.39702606201172,FIBRAMQ12.MX
2026-04-13,40.73270797729492,FIBRAMQ12.MX
2026-04-14,41.48080062866211,FIBRAMQ12.MX
2026-04-15,41.615074157714844,FIBRAMQ12.MX
2026-04-16,41.35612106323242,FIBRAMQ12.MX
2026-04-17,41.5191650390625,FIBRAMQ12.MX
2026-04-20,41.62466812133789,FIBRAMQ12.MX
2026-04-21,42.26725387573242,FIBRAMQ12.MX
2026-04-23,41.54793930053711,FIBRAMQ12.MX
2026-04-24,42.31521224975586,FIBRAMQ12.MX
2026-04-27,42.075435638427734,FIBRAMQ12.MX
2026-04-28,41.49998092651367,FIBRAMQ12.MX
2026-04-29,41.27939224243164,FIBRAMQ12.MX
2026-04-30,41.52875518798828,FIBRAMQ12.MX
2026-05-04,41.78771209716797,FIBRAMQ12.MX
2026-05-05,41.81648635864258,FIBRAMQ12.MX
2026-05-06,42.43989944458008,FIBRAMQ12.MX
2026-05-07,42.12338638305664,FIBRAMQ12.MX
2026-05-08,41.288978576660156,FIBRAMQ12.MX
2026-05-11,41.3848876953125,FIBRAMQ12.MX
2026-05-12,41.46162033081055,FIBRAMQ12.MX
2026-05-13,41.29857635498047,FIBRAMQ12.MX
2026-05-14,41.73016357421875,FIBRAMQ12.MX
2026-05-15,41.5191650390625,FIBRAMQ12.MX
2026-05-18,41.52875518798828,FIBRAMQ12.MX
2026-05-19,41.57670974731445,FIBRAMQ12.MX
2026-05-20,41.288978576660156,FIBRAMQ12.MX
2026-05-21,42.075435638427734,FIBRAMQ12.MX
2026-05-22,42.248077392578125,FIBRAMQ12.MX
2026-05-25,42.37275695800781,FIBRAMQ12.MX
2026-05-26,42.58375549316406,FIBRAMQ12.MX
2026-05-27,42.58375549316406,FIBRAMQ12.MX
2026-05-28,41.989112854003906,FIBRAMQ12.MX
2026-05-29,41.720577239990234,FIBRAMQ12.MX
2026-06-01,41.212257385253906,FIBRAMQ12.MX
2026-06-02,40.75189208984375,FIBRAMQ12.MX
2026-06-03,40.49293518066406,FIBRAMQ12.MX
2026-06-04,39.61056900024414,FIBRAMQ12.MX
2026-06-05,40.91493225097656,FIBRAMQ12.MX
2026-06-08,40.90534591674805,FIBRAMQ12.MX
2026-06-09,40.56966018676758,FIBRAMQ12.MX
2026-06-10,41.92198181152344,FIBRAMQ12.MX
2026-06-11,41.46162033081055,FIBRAMQ12.MX
2026-06-12,42.152164459228516,FIBRAMQ12.MX
2026-06-15,42.113800048828125,FIBRAMQ12.MX
2026-06-16,41.989112854003906,FIBRAMQ12.MX
2026-06-17,42.361175537109375,FIBRAMQ12.MX
2026-06-18,42.75998306274414,FIBRAMQ12.MX
2026-06-19,43.090702056884766,FIBRAMQ12.MX
2026-06-22,42.730804443359375,FIBRAMQ12.MX
2026-06-23,42.6627197265625,FIBRAMQ12.MX
2026-06-24,42.60435104370117,FIBRAMQ12.MX
2026-06-25,42.79890060424805,FIBRAMQ12.MX
2026-06-26,42.60435104370117,FIBRAMQ12.MX
2026-06-29,43.08097839355469,FIBRAMQ12.MX
2026-06-30,43.77159881591797,FIBRAMQ12.MX
2026-07-01,43.21715545654297,FIBRAMQ12.MX
2026-07-02,43.577056884765625,FIBRAMQ12.MX
2026-07-03,43.66459655761719,FIBRAMQ12.MX
2026-07-06,44.452491760253906,FIBRAMQ12.MX
2026-07-07,44.52057647705078,FIBRAMQ12.MX
2026-07-08,44.3260383605957,FIBRAMQ12.MX
2026-07-09,44.16067886352539,FIBRAMQ12.MX
2026-07-10,44.37467575073242,FIBRAMQ12.MX
2026-07-13,44.8123893737793,FIBRAMQ12.MX
2026-07-14,43.84941101074219,FIBRAMQ12.MX
2026-07-15,43.80077362060547,FIBRAMQ12.MX
2026-07-16,44.053680419921875,FIBRAMQ12.MX
2026-07-17,44.37467575073242,FIBRAMQ12.MX
2026-07-20,43.713233947753906,FIBRAMQ12.MX
2026-07-21,43.78131866455078,FIBRAMQ12.MX
2026-07-22,44.03422546386719,FIBRAMQ12.MX
2026-07-23,43.77159881591797,FIBRAMQ12.MX
2026-07-24,43.88832092285156,FIBRAMQ12.MX
2026-07-27,43.34360885620117,FIBRAMQ12.MX
2026-07-28,43.88832092285156,FIBRAMQ12.MX
2026-07-29,44.37397003173828,FIBRAMQ12.MX
2026-07-30,44.265499114990234,FIBRAMQ12.MX
2026-07-31,44.255638122558594,FIBRAMQ12.MX
2026-08-03,43.9992561340332,FIBRAMQ12.MX
2026-08-04,43.85134506225586,FIBRAMQ12.MX
2026-08-05,43.27941131591797,FIBRAMQ12.MX
2026-08-06,42.98636245727539,FIBRAMQ12.MX
2026-08-07,43.45199203491211,FIBRAMQ12.MX
2026-08-10,43.59069061279297,FIBRAMQ12.MX
2026-08-11,43.44208526611328,FIBRAMQ12.MX
2026-08-12,43.32320022583008,FIBRAMQ12.MX
2026-08-13,42.94673538208008,FIBRAMQ12.MX
2026-08-14,43.15478515625,FIBRAMQ12.MX
2026-08-17,42.966548919677734,FIBRAMQ12.MX
2026-08-18,42.699058532714844,FIBRAMQ12.MX
2026-08-19,42.401851654052734,FIBRAMQ12.MX
2026-08-20,42.18389892578125,FIBRAMQ12.MX
2026-08-21,42.81794357299805,FIBRAMQ12.MX
2026-08-24,42.66933822631836,FIBRAMQ12.MX
2026-08-25,42.67924880981445,FIBRAMQ12.MX
2026-08-26,43.30338668823242,FIBRAMQ12.MX
2026-08-27,43.805240631103516,FIBRAMQ12.MX
2026-08-28,43.69575500488281,FIBRAMQ12.MX
2026-08-31,43.7952880859375,FIBRAMQ12.MX
2026-09-01,43.7952880859375,FIBRAMQ12.MX
2026-09-02,43.407100677490234,FIBRAMQ12.MX
2026-09-03,43.35733413696289,FIBRAMQ12.MX
2026-09-04,43.39714813232422,FIBRAMQ12.MX
2026-09-07,43.29761505126953,FIBRAMQ12.MX
2026-09-08,42.511287689208984,FIBRAMQ12.MX
2026-09-09,42.56105422973633,FIBRAMQ12.MX
2026-09-10,43.148311614990234,FIBRAMQ12.MX
2026-09-11,43.168216705322266,FIBRAMQ12.MX
2026-09-14,43.7753791809082,FIBRAMQ12.MX
2026-09-15,43.68579864501953,FIBRAMQ12.MX
2026-09-17,43.369998931884766,FIBRAMQ12.MX
2026-09-18,43.599998474121094,FIBRAMQ12.MX
2026-09-21,43.7599983215332,FIBRAMQ12.MX
2026-09-22,43.779998779296875,FIBRAMQ12.MX
2026-09-23,44.0099983215332,FIBRAMQ12.MX
2026-09-24,44.22999954223633,FIBRAMQ12.MX
2026-09-25,44.189998626708984,FIBRAMQ12.MX
2026-09-28,44.099998474121094,FIBRAMQ12.MX
2018-02-08,7.042155742645264,FCFE18.MX
2018-02-09,7.056998252868652,FCFE18.MX
2018-02-12,7.086681365966797,FCFE18.MX
2018-02-13,7.231379985809326,FCFE18.MX
2018-02-14,7.372374534606934,FCFE18.MX
2018-02-15,7.320428848266602,FCFE18.MX
2018-02-16,7.41318941116333,FCFE18.MX
2018-02-19,7.383504390716553,FCFE18.MX
2018-02-20,7.372374534606934,FCFE18.MX
2018-02-21,7.327850341796875,FCFE18.MX
2018-02-22,7.301877021789551,FCFE18.MX
2018-02-23,7.32413911819458,FCFE18.MX
2018-02-27,7.320428848266602,FCFE18.MX
2018-02-28,7.313008785247803,FCFE18.MX
2018-03-01,7.253643989562988,FCFE18.MX
2018-03-06,7.116363048553467,FCFE18.MX
2018-03-07,7.194279670715332,FCFE18.MX
2018-03-08,7.101522922515869,FCFE18.MX
2018-03-09,7.060709476470947,FCFE18.MX
2018-03-12,7.008764266967773,FCFE18.MX
2018-03-13,6.964240550994873,FCFE18.MX
2018-03-14,6.960529804229736,FCFE18.MX
2018-03-15,7.042155742645264,FCFE18.MX
2018-03-16,6.967951774597168,FCFE18.MX
2018-03-20,6.97908353805542,FCFE18.MX
2018-03-21,7.038445949554443,FCFE18.MX
2018-03-22,7.038445949554443,FCFE18.MX
2018-03-23,7.049577713012695,FCFE18.MX
2018-03-26,7.2276740074157715,FCFE18.MX
2018-03-27,7.1312031745910645,FCFE18.MX
2018-03-28,7.068129062652588,FCFE18.MX
2018-04-02,7.053287029266357,FCFE18.MX
2018-04-03,7.179439067840576,FCFE18.MX
2018-04-04,7.068129062652588,FCFE18.MX
2018-04-05,7.160886287689209,FCFE18.MX
2018-04-06,7.116363048553467,FCFE18.MX
2018-04-09,7.016183376312256,FCFE18.MX
2018-04-10,7.049577713012695,FCFE18.MX
2018-04-11,7.049577713012695,FCFE18.MX
2018-04-12,7.049577713012695,FCFE18.MX
2018-04-13,7.075551509857178,FCFE18.MX
2018-04-16,7.056998252868652,FCFE18.MX
2018-04-17,7.157177448272705,FCFE18.MX
2018-04-18,7.086681365966797,FCFE18.MX
2018-04-19,7.086681365966797,FCFE18.MX
2018-04-20,7.205411434173584,FCFE18.MX
2018-04-23,7.149755477905273,FCFE18.MX
2018-04-24,7.049577713012695,FCFE18.MX
2018-04-25,7.049577713012695,FCFE18.MX
2018-04-26,6.986501216888428,FCFE18.MX
2018-04-27,7.008764266967773,FCFE18.MX
2018-04-30,7.008764266967773,FCFE18.MX
2018-05-02,6.90116548538208,FCFE18.MX
2018-05-03,6.9197163581848145,FCFE18.MX
2018-05-04,6.78614616394043,FCFE18.MX
2018-05-07,6.626603126525879,FCFE18.MX
2018-05-08,6.767595291137695,FCFE18.MX
2018-05-09,6.674837589263916,FCFE18.MX
2018-05-10,6.667417526245117,FCFE18.MX
2018-05-11,6.556107521057129,FCFE18.MX
2018-05-14,6.749042987823486,FCFE18.MX
2018-05-15,6.734201908111572,FCFE18.MX
2018-05-16,6.715651035308838,FCFE18.MX
2018-05-17,6.689679145812988,FCFE18.MX
2018-05-18,6.719360828399658,FCFE18.MX
2018-05-21,6.674837589263916,FCFE18.MX
2018-05-22,6.544977188110352,FCFE18.MX
2018-05-23,6.526423454284668,FCFE18.MX
2018-05-24,6.426247596740723,FCFE18.MX
2018-05-25,6.563529014587402,FCFE18.MX
2018-05-29,6.563529014587402,FCFE18.MX
2018-05-30,6.615472793579102,FCFE18.MX
2018-05-31,6.667417526245117,FCFE18.MX
2018-06-01,6.682258605957031,FCFE18.MX
2018-06-04,6.600632667541504,FCFE18.MX
2018-06-05,6.481902122497559,FCFE18.MX
2018-06-06,6.593210697174072,FCFE18.MX
2018-06-08,6.533846855163574,FCFE18.MX
2018-06-11,6.585790634155273,FCFE18.MX
2018-06-12,6.552396774291992,FCFE18.MX
2018-06-13,6.526423454284668,FCFE18.MX
2018-06-14,6.548686981201172,FCFE18.MX
2018-06-15,6.556107521057129,FCFE18.MX
2018-06-18,6.474479675292969,FCFE18.MX
2018-06-19,6.459640026092529,FCFE18.MX
2018-06-20,6.6340250968933105,FCFE18.MX
2018-06-21,6.589499473571777,FCFE18.MX
2018-06-22,6.526423454284668,FCFE18.MX
2018-06-25,6.537556171417236,FCFE18.MX
2018-06-26,6.567240238189697,FCFE18.MX
2018-06-27,6.866061687469482,FCFE18.MX
2018-06-28,6.831326484680176,FCFE18.MX
2018-06-29,6.727118968963623,FCFE18.MX
2018-07-02,6.657649040222168,FCFE18.MX
2018-07-03,6.8197479248046875,FCFE18.MX
2018-07-04,6.7888689041137695,FCFE18.MX
2018-07-05,6.723258018493652,FCFE18.MX
2018-07-06,6.8467631340026855,FCFE18.MX
2018-07-09,6.900796890258789,FCFE18.MX
2018-07-10,6.831326484680176,FCFE18.MX
2018-07-11,6.893076419830322,FCFE18.MX
2018-07-12,6.858341217041016,FCFE18.MX
2018-07-13,6.896935939788818,FCFE18.MX
2018-07-16,7.001141548156738,FCFE18.MX
2018-07-17,6.962547302246094,FCFE18.MX
2018-07-18,6.842902660369873,FCFE18.MX
2018-07-19,6.842902660369873,FCFE18.MX
2018-07-20,6.839043617248535,FCFE18.MX
2018-07-23,6.781149864196777,FCFE18.MX
2018-07-24,6.649926662445068,FCFE18.MX
2018-07-25,6.754136562347412,FCFE18.MX
2018-07-26,6.958690166473389,FCFE18.MX
2018-07-27,6.885357856750488,FCFE18.MX
2018-07-30,6.885357856750488,FCFE18.MX
2018-07-31,6.815886497497559,FCFE18.MX
2018-08-01,6.761853218078613,FCFE18.MX
2018-08-02,6.754136562347412,FCFE18.MX
2018-08-03,6.719400405883789,FCFE18.MX
2018-08-06,6.715539932250977,FCFE18.MX
2018-08-07,6.715539932250977,FCFE18.MX
2018-08-08,6.69624137878418,FCFE18.MX
2018-08-09,6.734836101531982,FCFE18.MX
2018-08-13,6.73869514465332,FCFE18.MX
2018-08-14,6.889217376708984,FCFE18.MX
2018-08-15,6.85062313079834,FCFE18.MX
2018-08-16,6.831326484680176,FCFE18.MX
2018-08-17,6.808167934417725,FCFE18.MX
2018-08-20,6.835184574127197,FCFE18.MX
2018-08-21,6.765713214874268,FCFE18.MX
2018-08-22,6.757993221282959,FCFE18.MX
2018-08-24,6.754136562347412,FCFE18.MX
2018-08-27,6.715539932250977,FCFE18.MX
2018-08-28,6.661507606506348,FCFE18.MX
2018-08-29,6.79272985458374,FCFE18.MX
2018-08-30,6.730977535247803,FCFE18.MX
2018-08-31,6.734836101531982,FCFE18.MX
2018-09-03,6.866061687469482,FCFE18.MX
2018-09-04,6.757993221282959,FCFE18.MX
2018-09-05,6.684664726257324,FCFE18.MX
2018-09-06,6.815886497497559,FCFE18.MX
2018-09-07,6.727118968963623,FCFE18.MX
2018-09-10,6.723258018493652,FCFE18.MX
2018-09-11,6.8197479248046875,FCFE18.MX
2018-09-12,6.808167934417725,FCFE18.MX
2018-09-13,6.754136562347412,FCFE18.MX
2018-09-14,6.754136562347412,FCFE18.MX
2018-09-17,6.835184574127197,FCFE18.MX
2018-09-18,6.85062313079834,FCFE18.MX
2018-09-19,6.754136562347412,FCFE18.MX
2018-09-20,6.9857048988342285,FCFE18.MX
2018-09-21,7.055177688598633,FCFE18.MX
2018-09-24,7.105350017547607,FCFE18.MX
2018-09-25,7.197977066040039,FCFE18.MX
2018-09-26,7.184037685394287,FCFE18.MX
2018-09-27,7.208198547363281,FCFE18.MX
2018-09-28,7.208198547363281,FCFE18.MX
2018-10-01,7.208198547363281,FCFE18.MX
2018-10-02,7.3692779541015625,FCFE18.MX
2018-10-03,7.365250110626221,FCFE18.MX
2018-10-04,7.449814319610596,FCFE18.MX
2018-10-05,7.3692779541015625,FCFE18.MX
2018-10-08,7.522296905517578,FCFE18.MX
2018-10-09,7.582704067230225,FCFE18.MX
2018-10-10,7.457868576049805,FCFE18.MX
2018-10-11,7.445786476135254,FCFE18.MX
2018-10-12,7.449814319610596,FCFE18.MX
2018-10-15,7.449814319610596,FCFE18.MX
2018-10-16,7.506188869476318,FCFE18.MX
2018-10-17,7.417600154876709,FCFE18.MX
2018-10-18,7.417600154876709,FCFE18.MX
2018-10-19,7.546460151672363,FCFE18.MX
2018-10-22,7.421626567840576,FCFE18.MX
2018-10-23,7.4337053298950195,FCFE18.MX
2018-10-24,7.333034038543701,FCFE18.MX
2018-10-25,7.236385822296143,FCFE18.MX
2018-10-26,7.063228607177734,FCFE18.MX
2018-10-29,6.845774173736572,FCFE18.MX
2018-10-30,6.805505275726318,FCFE18.MX
2018-10-31,6.712888717651367,FCFE18.MX
2018-11-01,6.861883640289307,FCFE18.MX
2018-11-05,6.56389045715332,FCFE18.MX
2018-11-06,6.439055919647217,FCFE18.MX
2018-11-07,6.543755054473877,FCFE18.MX
2018-11-08,6.346436977386475,FCFE18.MX
2018-11-09,6.286031723022461,FCFE18.MX
2018-11-12,6.245765209197998,FCFE18.MX
2018-11-13,6.237710952758789,FCFE18.MX
2018-11-14,5.919582843780518,FCFE18.MX
2018-11-15,5.822936534881592,FCFE18.MX
2018-11-16,6.088713645935059,FCFE18.MX
2018-11-20,6.048445224761963,FCFE18.MX
2018-11-22,6.01220178604126,FCFE18.MX
2018-11-23,6.004147529602051,FCFE18.MX
2018-11-26,5.774613380432129,FCFE18.MX
2018-11-27,5.80280065536499,FCFE18.MX
2018-11-28,5.963878631591797,FCFE18.MX
2018-11-29,5.754478454589844,FCFE18.MX
2018-11-30,5.778639793395996,FCFE18.MX
2018-12-03,5.718238353729248,FCFE18.MX
2018-12-04,5.722262859344482,FCFE18.MX
2018-12-06,5.806827545166016,FCFE18.MX
2018-12-07,5.81890869140625,FCFE18.MX
2018-12-10,5.8430705070495605,FCFE18.MX
2018-12-11,5.798774719238281,FCFE18.MX
2018-12-14,5.80280065536499,FCFE18.MX
2018-12-17,5.83501672744751,FCFE18.MX
2018-12-18,5.798774719238281,FCFE18.MX
2018-12-19,6.0605244636535645,FCFE18.MX
2018-12-21,6.418920993804932,FCFE18.MX
2018-12-24,6.443082332611084,FCFE18.MX
2018-12-26,6.418920993804932,FCFE18.MX
2018-12-28,6.559864044189453,FCFE18.MX
2018-12-31,6.82161283493042,FCFE18.MX
2019-01-02,7.149726390838623,FCFE18.MX
2019-01-03,7.145522117614746,FCFE18.MX
2019-01-07,6.943647861480713,FCFE18.MX
2019-01-08,6.943647861480713,FCFE18.MX
2019-01-10,7.061408042907715,FCFE18.MX
2019-01-11,6.981497287750244,FCFE18.MX
2019-01-14,6.93523645401001,FCFE18.MX
2019-01-15,6.67868709564209,FCFE18.MX
2019-01-16,6.767007350921631,FCFE18.MX
2019-01-17,6.813269138336182,FCFE18.MX
2019-01-21,6.775417804718018,FCFE18.MX
2019-01-22,6.783827781677246,FCFE18.MX
2019-01-24,6.75438928604126,FCFE18.MX
2019-01-25,6.73756742477417,FCFE18.MX
2019-01-29,6.92682409286499,FCFE18.MX
2019-01-30,6.981497287750244,FCFE18.MX
2019-01-31,7.044583320617676,FCFE18.MX
2019-02-01,7.086641788482666,FCFE18.MX
2019-02-05,7.149726390838623,FCFE18.MX
2019-02-06,7.044583320617676,FCFE18.MX
2019-02-07,7.023556232452393,FCFE18.MX
2019-02-08,7.023556232452393,FCFE18.MX
2019-02-11,6.9857048988342285,FCFE18.MX
2019-02-12,6.943647861480713,FCFE18.MX
2019-02-13,6.939441204071045,FCFE18.MX
2019-02-14,6.817475318908691,FCFE18.MX
2019-02-19,6.813269138336182,FCFE18.MX
2019-02-20,6.813269138336182,FCFE18.MX
2019-02-25,6.8342976570129395,FCFE18.MX
2019-02-26,6.93523645401001,FCFE18.MX
2019-03-04,6.859533309936523,FCFE18.MX
2019-03-06,6.813269138336182,FCFE18.MX
2019-03-08,6.6660685539245605,FCFE18.MX
2019-03-12,7.052995204925537,FCFE18.MX
2019-03-13,7.275900363922119,FCFE18.MX
2019-03-21,7.229635715484619,FCFE18.MX
2019-03-25,7.36001443862915,FCFE18.MX
2019-03-26,7.381042003631592,FCFE18.MX
2019-03-27,7.627152442932129,FCFE18.MX
2019-03-28,7.736109733581543,FCFE18.MX
2019-03-29,7.76662015914917,FCFE18.MX
2019-04-01,7.679452419281006,FCFE18.MX
2019-04-02,7.753543853759766,FCFE18.MX
2019-04-04,7.845071315765381,FCFE18.MX
2019-04-05,7.845071315765381,FCFE18.MX
2019-04-08,8.045553207397461,FCFE18.MX
2019-04-09,8.132720947265625,FCFE18.MX
2019-04-10,8.137079238891602,FCFE18.MX
2019-04-11,8.054269790649414,FCFE18.MX
2019-04-12,8.023762702941895,FCFE18.MX
2019-04-15,8.137079238891602,FCFE18.MX
2019-04-16,8.137079238891602,FCFE18.MX
2019-04-17,8.145797729492188,FCFE18.MX
2019-04-22,8.145797729492188,FCFE18.MX
2019-04-23,8.193739891052246,FCFE18.MX
2019-04-24,8.06734561920166,FCFE18.MX
2019-04-25,8.237323760986328,FCFE18.MX
2019-04-26,8.132720947265625,FCFE18.MX
2019-04-29,8.093497276306152,FCFE18.MX
2019-04-30,8.250398635864258,FCFE18.MX
2019-05-02,8.228607177734375,FCFE18.MX
2019-05-03,8.18938159942627,FCFE18.MX
2019-05-06,8.193739891052246,FCFE18.MX
2019-05-07,8.015046119689941,FCFE18.MX
2019-05-08,8.106571197509766,FCFE18.MX
2019-05-09,8.019404411315918,FCFE18.MX
2019-05-10,8.15015697479248,FCFE18.MX
2019-05-13,8.176304817199707,FCFE18.MX
2019-05-14,8.1806640625,FCFE18.MX
2019-05-15,8.237323760986328,FCFE18.MX
2019-05-16,8.06734561920166,FCFE18.MX
2019-05-17,8.054269790649414,FCFE18.MX
2019-05-20,8.06298828125,FCFE18.MX
2019-05-21,8.054269790649414,FCFE18.MX
2019-05-22,8.115287780761719,FCFE18.MX
2019-05-23,8.076065063476562,FCFE18.MX
2019-05-27,8.054269790649414,FCFE18.MX
2019-05-28,8.058629035949707,FCFE18.MX
2019-05-29,8.06298828125,FCFE18.MX
2019-05-30,8.06298828125,FCFE18.MX
2019-05-31,8.019404411315918,FCFE18.MX
2019-06-03,7.8625030517578125,FCFE18.MX
2019-06-04,8.041196823120117,FCFE18.MX
2019-06-05,8.076065063476562,FCFE18.MX
2019-06-06,7.975820541381836,FCFE18.MX
2019-06-07,7.967106342315674,FCFE18.MX
2019-06-10,7.845071315765381,FCFE18.MX
2019-06-11,8.106571197509766,FCFE18.MX
2019-06-12,8.1588716506958,FCFE18.MX
2019-06-13,8.219887733459473,FCFE18.MX
2019-06-14,8.359358787536621,FCFE18.MX
2019-06-17,8.232962608337402,FCFE18.MX
2019-06-18,8.232962608337402,FCFE18.MX
2019-06-19,8.359358787536621,FCFE18.MX
2019-06-20,8.503183364868164,FCFE18.MX
2019-06-21,8.546770095825195,FCFE18.MX
2019-06-24,8.450883865356445,FCFE18.MX
2019-06-25,8.463957786560059,FCFE18.MX
2019-06-26,8.574892044067383,FCFE18.MX
2019-06-27,8.407905578613281,FCFE18.MX
2019-06-28,8.267999649047852,FCFE18.MX
2019-07-01,8.272513389587402,FCFE18.MX
2019-07-02,8.272513389587402,FCFE18.MX
2019-07-03,8.326669692993164,FCFE18.MX
2019-07-04,8.267999649047852,FCFE18.MX
2019-07-05,8.258974075317383,FCFE18.MX
2019-07-08,8.227381706237793,FCFE18.MX
2019-07-09,8.082963943481445,FCFE18.MX
2019-07-10,8.168708801269531,FCFE18.MX
2019-07-11,8.159686088562012,FCFE18.MX
2019-07-12,8.159686088562012,FCFE18.MX
2019-07-15,8.35826301574707,FCFE18.MX
2019-07-16,8.200305938720703,FCFE18.MX
2019-07-17,8.29507827758789,FCFE18.MX
2019-07-18,8.258974075317383,FCFE18.MX
2019-07-19,8.394366264343262,FCFE18.MX
2019-07-22,8.277027130126953,FCFE18.MX
2019-07-23,8.380828857421875,FCFE18.MX
2019-07-24,8.394366264343262,FCFE18.MX
2019-07-25,8.335695266723633,FCFE18.MX
2019-07-26,8.222869873046875,FCFE18.MX
2019-07-29,8.258974075317383,FCFE18.MX
2019-07-30,8.322160720825195,FCFE18.MX
2019-07-31,8.416932106018066,FCFE18.MX
2019-08-01,8.267999649047852,FCFE18.MX
2019-08-02,8.286052703857422,FCFE18.MX
2019-08-05,8.182250022888184,FCFE18.MX
2019-08-06,8.353748321533203,FCFE18.MX
2019-08-07,8.416932106018066,FCFE18.MX
2019-08-08,8.349236488342285,FCFE18.MX
2019-08-09,8.313130378723145,FCFE18.MX
2019-08-12,8.353748321533203,FCFE18.MX
2019-08-13,8.574892044067383,FCFE18.MX
2019-08-14,8.457550048828125,FCFE18.MX
2019-08-15,8.394366264343262,FCFE18.MX
2019-08-16,8.529759407043457,FCFE18.MX
2019-08-19,8.6561279296875,FCFE18.MX
2019-08-20,8.642587661743164,FCFE18.MX
2019-08-21,8.7283353805542,FCFE18.MX
2019-08-22,8.809571266174316,FCFE18.MX
2019-08-23,8.809571266174316,FCFE18.MX
2019-08-26,8.81408405303955,FCFE18.MX
2019-08-27,9.134516716003418,FCFE18.MX
2019-08-28,9.111949920654297,FCFE18.MX
2019-08-29,9.111949920654297,FCFE18.MX
2019-08-30,9.251856803894043,FCFE18.MX
2019-09-02,9.166106224060059,FCFE18.MX
2019-09-03,9.256369590759277,FCFE18.MX
2019-09-04,9.256369590759277,FCFE18.MX
2019-09-05,9.748294830322266,FCFE18.MX
2019-09-06,9.870149612426758,FCFE18.MX
2019-09-09,10.222169876098633,FCFE18.MX
2019-09-10,10.222169876098633,FCFE18.MX
2019-09-11,10.204120635986328,FCFE18.MX
2019-09-12,10.389156341552734,FCFE18.MX
2019-09-13,10.398183822631836,FCFE18.MX
2019-09-17,10.501986503601074,FCFE18.MX
2019-09-18,10.49747085571289,FCFE18.MX
2019-09-19,10.605785369873047,FCFE18.MX
2019-09-20,10.583220481872559,FCFE18.MX
2019-09-23,10.741178512573242,FCFE18.MX
2019-09-24,10.628353118896484,FCFE18.MX
2019-09-25,10.632864952087402,FCFE18.MX
2019-09-26,10.90931510925293,FCFE18.MX
2019-09-27,11.087158203125,FCFE18.MX
2019-09-30,11.016960144042969,FCFE18.MX
2019-10-01,11.302444458007812,FCFE18.MX
2019-10-02,11.31180477142334,FCFE18.MX
2019-10-03,11.31180477142334,FCFE18.MX
2019-10-04,11.16672420501709,FCFE18.MX
2019-10-07,11.124602317810059,FCFE18.MX
2019-10-08,11.325843811035156,FCFE18.MX
2019-10-09,11.29776382446289,FCFE18.MX
2019-10-10,11.452210426330566,FCFE18.MX
2019-10-11,11.419448852539062,FCFE18.MX
2019-10-14,11.232242584228516,FCFE18.MX
2019-10-15,11.419448852539062,FCFE18.MX
2019-10-16,11.27903938293457,FCFE18.MX
2019-10-17,11.321166038513184,FCFE18.MX
2019-10-18,11.452210426330566,FCFE18.MX
2019-10-21,11.42880916595459,FCFE18.MX
2019-10-22,11.4381685256958,FCFE18.MX
2019-10-23,11.34924602508545,FCFE18.MX
2019-10-24,11.400728225708008,FCFE18.MX
2019-10-25,11.358606338500977,FCFE18.MX
2019-10-28,11.377327919006348,FCFE18.MX
2019-10-29,11.372649192810059,FCFE18.MX
2019-10-30,11.377327919006348,FCFE18.MX
2019-10-31,11.39136791229248,FCFE18.MX
2019-11-01,11.601972579956055,FCFE18.MX
2019-11-04,11.592612266540527,FCFE18.MX
2019-11-05,11.597290992736816,FCFE18.MX
2019-11-06,11.466248512268066,FCFE18.MX
2019-11-07,11.499008178710938,FCFE18.MX
2019-11-08,11.601972579956055,FCFE18.MX
2019-11-11,11.4802885055542,FCFE18.MX
2019-11-12,11.704935073852539,FCFE18.MX
2019-11-13,11.733015060424805,FCFE18.MX
2019-11-14,12.130824089050293,FCFE18.MX
2019-11-15,12.163581848144531,FCFE18.MX
2019-11-19,12.800079345703125,FCFE18.MX
2019-11-20,13.024724960327148,FCFE18.MX
2019-11-21,13.094924926757812,FCFE18.MX
2019-11-22,13.094924926757812,FCFE18.MX
2019-11-25,12.753275871276855,FCFE18.MX
2019-11-26,12.757956504821777,FCFE18.MX
2019-11-27,13.094924926757812,FCFE18.MX
2019-11-28,13.080883026123047,FCFE18.MX
2019-11-29,13.319567680358887,FCFE18.MX
2019-12-02,13.197885513305664,FCFE18.MX
2019-12-03,13.300850868225098,FCFE18.MX
2019-12-04,13.258729934692383,FCFE18.MX
2019-12-05,13.010682106018066,FCFE18.MX
2019-12-06,13.197885513305664,FCFE18.MX
2019-12-09,12.893678665161133,FCFE18.MX
2019-12-10,13.333610534667969,FCFE18.MX
2019-12-11,13.263409614562988,FCFE18.MX
2019-12-13,13.137042999267578,FCFE18.MX
2019-12-16,13.020039558410645,FCFE18.MX
2019-12-17,12.860915184020996,FCFE18.MX
2019-12-18,12.968561172485352,FCFE18.MX
2019-12-19,13.108965873718262,FCFE18.MX
2019-12-20,13.324249267578125,FCFE18.MX
2019-12-23,13.108965873718262,FCFE18.MX
2019-12-24,13.113643646240234,FCFE18.MX
2019-12-26,13.165124893188477,FCFE18.MX
2019-12-27,13.125398635864258,FCFE18.MX
2019-12-30,13.356682777404785,FCFE18.MX
2019-12-31,13.250673294067383,FCFE18.MX
2020-01-02,13.380775451660156,FCFE18.MX
2020-01-03,13.443413734436035,FCFE18.MX
2020-01-06,13.486777305603027,FCFE18.MX
2020-01-07,13.371136665344238,FCFE18.MX
2020-01-08,13.347042083740234,FCFE18.MX
2020-01-09,13.250673294067383,FCFE18.MX
2020-01-10,13.057939529418945,FCFE18.MX
2020-01-13,12.879656791687012,FCFE18.MX
2020-01-14,13.130215644836426,FCFE18.MX
2020-01-15,13.216948509216309,FCFE18.MX
2020-01-16,13.101305961608887,FCFE18.MX
2020-01-17,13.722883224487305,FCFE18.MX
2020-01-20,13.269950866699219,FCFE18.MX
2020-01-21,13.347042083740234,FCFE18.MX
2020-01-22,13.491598129272461,FCFE18.MX
2020-01-23,13.491598129272461,FCFE18.MX
2020-01-24,13.534963607788086,FCFE18.MX
2020-01-27,13.534963607788086,FCFE18.MX
2020-01-28,13.308499336242676,FCFE18.MX
2020-01-29,13.67469596862793,FCFE18.MX
2020-01-30,13.491598129272461,FCFE18.MX
2020-01-31,13.448230743408203,FCFE18.MX
2020-02-04,13.390411376953125,FCFE18.MX
2020-02-05,13.168763160705566,FCFE18.MX
2020-02-06,12.865200996398926,FCFE18.MX
2020-02-07,12.62428092956543,FCFE18.MX
2020-02-10,12.103891372680664,FCFE18.MX
2020-02-11,12.09907341003418,FCFE18.MX
2020-02-12,12.291810035705566,FCFE18.MX
2020-02-13,12.889296531677246,FCFE18.MX
2020-02-14,13.067578315734863,FCFE18.MX
2020-02-17,13.000118255615234,FCFE18.MX
2020-02-18,13.453049659729004,FCFE18.MX
2020-02-19,13.067578315734863,FCFE18.MX
2020-02-20,12.985661506652832,FCFE18.MX
2020-02-21,13.192852020263672,FCFE18.MX
2020-02-24,12.966386795043945,FCFE18.MX
2020-02-25,12.95193099975586,FCFE18.MX
2020-02-26,12.768831253051758,FCFE18.MX
2020-02-27,12.301445007324219,FCFE18.MX
2020-02-28,12.06534481048584,FCFE18.MX
2020-03-02,12.3785400390625,FCFE18.MX
2020-03-03,12.667646408081055,FCFE18.MX
2020-03-04,12.648370742797852,FCFE18.MX
2020-03-05,12.633916854858398,FCFE18.MX
2020-03-06,12.527911186218262,FCFE18.MX
2020-03-09,12.364082336425781,FCFE18.MX
2020-03-10,12.32553768157959,FCFE18.MX
2020-03-11,12.446000099182129,FCFE18.MX
2020-03-12,12.17134952545166,FCFE18.MX
2020-03-13,11.997886657714844,FCFE18.MX
2020-03-17,11.805146217346191,FCFE18.MX
2020-03-18,12.046070098876953,FCFE18.MX
2020-03-19,12.041248321533203,FCFE18.MX
2020-03-20,10.022331237792969,FCFE18.MX
2020-03-23,9.916324615478516,FCFE18.MX
2020-03-24,10.075332641601562,FCFE18.MX
2020-03-25,10.137972831726074,FCFE18.MX
2020-03-26,10.118700981140137,FCFE18.MX
2020-03-27,10.294500350952148,FCFE18.MX
2020-03-30,9.901999473571777,FCFE18.MX
2020-03-31,10.408775329589844,FCFE18.MX
2020-04-01,9.852314949035645,FCFE18.MX
2020-04-02,10.339218139648438,FCFE18.MX
2020-04-03,9.509496688842773,FCFE18.MX
2020-04-06,9.49956226348877,FCFE18.MX
2020-04-07,9.439940452575684,FCFE18.MX
2020-04-08,9.633706092834473,FCFE18.MX
2020-04-13,9.802628517150879,FCFE18.MX
2020-04-14,10.309407234191895,FCFE18.MX
2020-04-15,10.48330307006836,FCFE18.MX
2020-04-16,10.542922019958496,FCFE18.MX
2020-04-17,10.463428497314453,FCFE18.MX
2020-04-20,10.120611190795898,FCFE18.MX
2020-04-21,10.080862998962402,FCFE18.MX
2020-04-22,10.12557601928711,FCFE18.MX
2020-04-23,9.926841735839844,FCFE18.MX
2020-04-24,9.882123947143555,FCFE18.MX
2020-04-27,9.648612022399902,FCFE18.MX
2020-04-28,9.4647798538208,FCFE18.MX
2020-04-29,9.544275283813477,FCFE18.MX
2020-04-30,9.504528045654297,FCFE18.MX
2020-05-04,9.489624977111816,FCFE18.MX
2020-05-05,9.613832473754883,FCFE18.MX
2020-05-06,9.608863830566406,FCFE18.MX
2020-05-07,9.58899211883545,FCFE18.MX
2020-05-08,9.887094497680664,FCFE18.MX
2020-05-11,10.364059448242188,FCFE18.MX
2020-05-12,10.428650856018066,FCFE18.MX
2020-05-13,9.723136901855469,FCFE18.MX
2020-05-14,9.936779022216797,FCFE18.MX
2020-05-15,10.001365661621094,FCFE18.MX
2020-05-18,10.324312210083008,FCFE18.MX
2020-05-19,9.936779022216797,FCFE18.MX
2020-05-20,9.718168258666992,FCFE18.MX
2020-05-21,9.688360214233398,FCFE18.MX
2020-05-22,10.02621078491211,FCFE18.MX
2020-05-25,10.433619499206543,FCFE18.MX
2020-05-26,10.105703353881836,FCFE18.MX
2020-05-27,10.45845890045166,FCFE18.MX
2020-05-28,10.45845890045166,FCFE18.MX
2020-05-29,10.438587188720703,FCFE18.MX
2020-06-01,10.652228355407715,FCFE18.MX
2020-06-02,10.453492164611816,FCFE18.MX
2020-06-03,10.572732925415039,FCFE18.MX
2020-06-04,11.03479290008545,FCFE18.MX
2020-06-05,10.90561580657959,FCFE18.MX
2020-06-08,11.432262420654297,FCFE18.MX
2020-06-09,11.968846321105957,FCFE18.MX
2020-06-10,11.96388053894043,FCFE18.MX
2020-06-11,11.665779113769531,FCFE18.MX
2020-06-12,11.640933990478516,FCFE18.MX
2020-06-15,11.670745849609375,FCFE18.MX
2020-06-16,11.829732894897461,FCFE18.MX
2020-06-17,11.601184844970703,FCFE18.MX
2020-06-18,11.675712585449219,FCFE18.MX
2020-06-19,11.978785514831543,FCFE18.MX
2020-06-22,12.579959869384766,FCFE18.MX
2020-06-23,12.570024490356445,FCFE18.MX
2020-06-24,12.719077110290527,FCFE18.MX
2020-06-25,12.49549674987793,FCFE18.MX
2020-06-26,12.566239356994629,FCFE18.MX
2020-06-29,12.520243644714355,FCFE18.MX
2020-06-30,12.525357246398926,FCFE18.MX
2020-07-01,12.469143867492676,FCFE18.MX
2020-07-02,12.510025024414062,FCFE18.MX
2020-07-03,12.520243644714355,FCFE18.MX
2020-07-06,12.739988327026367,FCFE18.MX
2020-07-07,12.530466079711914,FCFE18.MX
2020-07-08,12.678665161132812,FCFE18.MX
2020-07-09,12.801313400268555,FCFE18.MX
2020-07-10,13.107931137084961,FCFE18.MX
2020-07-13,12.780871391296387,FCFE18.MX
2020-07-14,13.153923034667969,FCFE18.MX
2020-07-15,13.169254302978516,FCFE18.MX
2020-07-16,13.143701553344727,FCFE18.MX
2020-07-17,13.128371238708496,FCFE18.MX
2020-07-20,13.159034729003906,FCFE18.MX
2020-07-21,13.102818489074707,FCFE18.MX
2020-07-22,13.026165008544922,FCFE18.MX
2020-07-23,13.077268600463867,FCFE18.MX
2020-07-24,13.123261451721191,FCFE18.MX
2020-07-27,13.138591766357422,FCFE18.MX
2020-07-28,12.923956871032715,FCFE18.MX
2020-07-29,12.561126708984375,FCFE18.MX
2020-07-30,12.785981178283691,FCFE18.MX
2020-07-31,12.842192649841309,FCFE18.MX
2020-08-03,12.816644668579102,FCFE18.MX
2020-08-04,13.03127384185791,FCFE18.MX
2020-08-05,12.816644668579102,FCFE18.MX
2020-08-06,12.91884994506836,FCFE18.MX
2020-08-07,12.939288139343262,FCFE18.MX
2020-08-10,13.010832786560059,FCFE18.MX
2020-08-11,12.842192649841309,FCFE18.MX
2020-08-12,13.072155952453613,FCFE18.MX
2020-08-13,13.03127384185791,FCFE18.MX
2020-08-14,12.929068565368652,FCFE18.MX
2020-08-17,13.021056175231934,FCFE18.MX
2020-08-18,13.03127384185791,FCFE18.MX
2020-08-19,13.036385536193848,FCFE18.MX
2020-08-20,12.939288139343262,FCFE18.MX
2020-08-21,12.959731101989746,FCFE18.MX
2020-08-24,12.923956871032715,FCFE18.MX
2020-08-25,13.097708702087402,FCFE18.MX
2020-08-26,13.123261451721191,FCFE18.MX
2020-08-27,13.128371238708496,FCFE18.MX
2020-08-28,12.852413177490234,FCFE18.MX
2020-08-31,12.617342948913574,FCFE18.MX
2020-09-01,12.975062370300293,FCFE18.MX
2020-09-02,12.877965927124023,FCFE18.MX
2020-09-03,12.765538215637207,FCFE18.MX
2020-09-04,12.77575969696045,FCFE18.MX
2020-09-07,12.903514862060547,FCFE18.MX
2020-09-08,12.903514862060547,FCFE18.MX
2020-09-09,12.903514862060547,FCFE18.MX
2020-09-10,12.954618453979492,FCFE18.MX
2020-09-11,12.642892837524414,FCFE18.MX
2020-09-14,12.872858047485352,FCFE18.MX
2020-09-15,12.760430335998535,FCFE18.MX
2020-09-17,12.801313400268555,FCFE18.MX
2020-09-18,12.883076667785645,FCFE18.MX
2020-09-21,12.94951057434082,FCFE18.MX
2020-09-22,12.893296241760254,FCFE18.MX
2020-09-23,13.087486267089844,FCFE18.MX
2020-09-24,13.286791801452637,FCFE18.MX
2020-09-25,13.286791801452637,FCFE18.MX
2020-09-28,13.4869966506958,FCFE18.MX
2020-09-29,13.634685516357422,FCFE18.MX
2020-09-30,13.581939697265625,FCFE18.MX
2020-10-01,13.555562019348145,FCFE18.MX
2020-10-02,13.555562019348145,FCFE18.MX
2020-10-05,13.418423652648926,FCFE18.MX
2020-10-06,13.51864242553711,FCFE18.MX
2020-10-07,13.455349922180176,FCFE18.MX
2020-10-08,13.370953559875488,FCFE18.MX
2020-10-09,13.212719917297363,FCFE18.MX
2020-10-12,13.170522689819336,FCFE18.MX
2020-10-13,13.392054557800293,FCFE18.MX
2020-10-14,13.476445198059082,FCFE18.MX
2020-10-15,13.624136924743652,FCFE18.MX
2020-10-16,13.50281810760498,FCFE18.MX
2020-10-19,13.428973197937012,FCFE18.MX
2020-10-20,13.397326469421387,FCFE18.MX
2020-10-21,13.28128719329834,FCFE18.MX
2020-10-22,13.318208694458008,FCFE18.MX
2020-10-26,13.592490196228027,FCFE18.MX
2020-10-27,13.592490196228027,FCFE18.MX
2020-10-28,13.50281810760498,FCFE18.MX
2020-10-29,13.697977066040039,FCFE18.MX
2020-10-30,13.402606010437012,FCFE18.MX
2020-11-03,13.42370319366455,FCFE18.MX
2020-11-04,13.35512638092041,FCFE18.MX
2020-11-05,13.312934875488281,FCFE18.MX
2020-11-06,13.370953559875488,FCFE18.MX
2020-11-09,13.34458065032959,FCFE18.MX
2020-11-10,13.450071334838867,FCFE18.MX
2020-11-11,13.597759246826172,FCFE18.MX
2020-11-12,13.676878929138184,FCFE18.MX
2020-11-13,13.661053657531738,FCFE18.MX
2020-11-17,13.661053657531738,FCFE18.MX
2020-11-18,13.961701393127441,FCFE18.MX
2020-11-19,13.708524703979492,FCFE18.MX
2020-11-20,13.79292106628418,FCFE18.MX
2020-11-23,13.845662117004395,FCFE18.MX
2020-11-24,13.719075202941895,FCFE18.MX
2020-11-25,13.72962474822998,FCFE18.MX
2020-11-26,13.77709674835205,FCFE18.MX
2020-11-27,13.624136924743652,FCFE18.MX
2020-11-30,13.787644386291504,FCFE18.MX
2020-12-01,13.824563980102539,FCFE18.MX
2020-12-02,13.713799476623535,FCFE18.MX
2020-12-03,13.814014434814453,FCFE18.MX
2020-12-04,14.130487442016602,FCFE18.MX
2020-12-07,13.856213569641113,FCFE18.MX
2020-12-08,13.850936889648438,FCFE18.MX
2020-12-09,13.972254753112793,FCFE18.MX
2020-12-10,13.977524757385254,FCFE18.MX
2020-12-11,14.220151901245117,FCFE18.MX
2020-12-14,14.5471773147583,FCFE18.MX
2020-12-15,14.636845588684082,FCFE18.MX
2020-12-16,15.238142967224121,FCFE18.MX
2020-12-17,15.032435417175293,FCFE18.MX
2020-12-18,15.127375602722168,FCFE18.MX
2020-12-21,15.132650375366211,FCFE18.MX
2020-12-22,15.111551284790039,FCFE18.MX
2020-12-23,15.422751426696777,FCFE18.MX
2020-12-24,15.443846702575684,FCFE18.MX
2020-12-28,15.454394340515137,FCFE18.MX
2020-12-29,15.623427391052246,FCFE18.MX
2020-12-30,15.682991981506348,FCFE18.MX
2020-12-31,14.859855651855469,FCFE18.MX
2021-01-04,15.163118362426758,FCFE18.MX
2021-01-05,15.081886291503906,FCFE18.MX
2021-01-07,15.34724235534668,FCFE18.MX
2021-01-08,15.352657318115234,FCFE18.MX
2021-01-11,15.417641639709473,FCFE18.MX
2021-01-12,15.7046537399292,FCFE18.MX
2021-01-13,15.812965393066406,FCFE18.MX
2021-01-14,15.7046537399292,FCFE18.MX
2021-01-15,15.86711597442627,FCFE18.MX
2021-01-18,15.558439254760742,FCFE18.MX
2021-01-19,15.92127513885498,FCFE18.MX
2021-01-20,15.970010757446289,FCFE18.MX
2021-01-21,15.655920028686523,FCFE18.MX
2021-01-22,15.450133323669434,FCFE18.MX
2021-01-25,15.374317169189453,FCFE18.MX
2021-01-26,15.2118558883667,FCFE18.MX
2021-01-27,15.325577735900879,FCFE18.MX
2021-01-28,15.233519554138184,FCFE18.MX
2021-01-29,15.190196990966797,FCFE18.MX
2021-02-02,15.40681266784668,FCFE18.MX
2021-02-03,15.152288436889648,FCFE18.MX
2021-02-04,15.190196990966797,FCFE18.MX
2021-02-05,15.136037826538086,FCFE18.MX
2021-02-08,15.054804801940918,FCFE18.MX
2021-02-09,15.168535232543945,FCFE18.MX
2021-02-10,15.071056365966797,FCFE18.MX
2021-02-11,15.130624771118164,FCFE18.MX
2021-02-12,15.163118362426758,FCFE18.MX
2021-02-15,15.190196990966797,FCFE18.MX
2021-02-16,15.303912162780762,FCFE18.MX
2021-02-17,15.942933082580566,FCFE18.MX
2021-02-18,15.558439254760742,FCFE18.MX
2021-02-19,15.488039016723633,FCFE18.MX
2021-02-22,15.314746856689453,FCFE18.MX
2021-02-23,15.19560718536377,FCFE18.MX
2021-02-24,15.298498153686523,FCFE18.MX
2021-02-25,15.542196273803711,FCFE18.MX
2021-02-26,15.34724235534668,FCFE18.MX
2021-03-01,15.596348762512207,FCFE18.MX
2021-03-02,15.785886764526367,FCFE18.MX
2021-03-03,15.7046537399292,FCFE18.MX
2021-03-04,15.558439254760742,FCFE18.MX
2021-03-05,15.482623100280762,FCFE18.MX
2021-03-08,15.482623100280762,FCFE18.MX
2021-03-09,15.493453979492188,FCFE18.MX
2021-03-10,15.493453979492188,FCFE18.MX
2021-03-11,15.358071327209473,FCFE18.MX
2021-03-12,15.520533561706543,FCFE18.MX
2021-03-16,15.433887481689453,FCFE18.MX
2021-03-17,15.40681266784668,FCFE18.MX
2021-03-18,14.962742805480957,FCFE18.MX
2021-03-19,15.163118362426758,FCFE18.MX
2021-03-22,15.5692720413208,FCFE18.MX
2021-03-23,15.352657318115234,FCFE18.MX
2021-03-24,15.417641639709473,FCFE18.MX
2021-03-25,15.395977973937988,FCFE18.MX
2021-03-26,15.20102310180664,FCFE18.MX
2021-03-29,15.48575210571289,FCFE18.MX
2021-03-30,15.275656700134277,FCFE18.MX
2021-03-31,15.242486000061035,FCFE18.MX
2021-04-05,15.491277694702148,FCFE18.MX
2021-04-06,15.563153266906738,FCFE18.MX
2021-04-07,15.662667274475098,FCFE18.MX
2021-04-08,15.607378959655762,FCFE18.MX
2021-04-09,15.646079063415527,FCFE18.MX
2021-04-12,15.612905502319336,FCFE18.MX
2021-04-13,15.635021209716797,FCFE18.MX
2021-04-14,15.706892967224121,FCFE18.MX
2021-04-15,15.723481178283691,FCFE18.MX
2021-04-16,15.62949275970459,FCFE18.MX
2021-04-19,15.751128196716309,FCFE18.MX
2021-04-20,15.48575210571289,FCFE18.MX
2021-04-21,15.48575210571289,FCFE18.MX
2021-04-22,15.430461883544922,FCFE18.MX
2021-04-23,15.55209732055664,FCFE18.MX
2021-04-26,15.59079360961914,FCFE18.MX
2021-04-27,15.55209732055664,FCFE18.MX
2021-04-28,15.480222702026367,FCFE18.MX
2021-04-29,15.480222702026367,FCFE18.MX
2021-04-30,15.618432998657227,FCFE18.MX
2021-05-03,15.861696243286133,FCFE18.MX
2021-05-04,15.8893404006958,FCFE18.MX
2021-05-05,15.977798461914062,FCFE18.MX
2021-05-06,16.044139862060547,FCFE18.MX
2021-05-07,16.027555465698242,FCFE18.MX
2021-05-10,15.679252624511719,FCFE18.MX
2021-05-11,15.977798461914062,FCFE18.MX
2021-05-12,15.756656646728516,FCFE18.MX
2021-05-13,15.668192863464355,FCFE18.MX
2021-05-14,15.756656646728516,FCFE18.MX
2021-05-17,15.70136547088623,FCFE18.MX
2021-05-18,15.729010581970215,FCFE18.MX
2021-05-19,15.46363639831543,FCFE18.MX
2021-05-20,15.480222702026367,FCFE18.MX
2021-05-21,15.57973575592041,FCFE18.MX
2021-05-24,15.502333641052246,FCFE18.MX
2021-05-25,15.480222702026367,FCFE18.MX
2021-05-26,15.480222702026367,FCFE18.MX
2021-05-27,15.756656646728516,FCFE18.MX
2021-05-28,15.712425231933594,FCFE18.MX
2021-05-31,15.541037559509277,FCFE18.MX
2021-06-01,15.662667274475098,FCFE18.MX
2021-06-02,15.679252624511719,FCFE18.MX
2021-06-03,15.712425231933594,FCFE18.MX
2021-06-04,15.70136547088623,FCFE18.MX
2021-06-07,15.74559497833252,FCFE18.MX
2021-06-08,15.607378959655762,FCFE18.MX
2021-06-09,15.646079063415527,FCFE18.MX
2021-06-10,15.834053039550781,FCFE18.MX
2021-06-11,15.778768539428711,FCFE18.MX
2021-06-14,15.668192863464355,FCFE18.MX
2021-06-15,15.496807098388672,FCFE18.MX
2021-06-16,15.563153266906738,FCFE18.MX
2021-06-17,15.535505294799805,FCFE18.MX
2021-06-18,15.751128196716309,FCFE18.MX
2021-06-21,15.756656646728516,FCFE18.MX
2021-06-22,15.69031047821045,FCFE18.MX
2021-06-23,15.933568954467773,FCFE18.MX
2021-06-24,15.856168746948242,FCFE18.MX
2021-06-25,15.861696243286133,FCFE18.MX
2021-06-28,15.971086502075195,FCFE18.MX
2021-06-29,16.01085662841797,FCFE18.MX
2021-06-30,15.914270401000977,FCFE18.MX
2021-07-01,15.73813533782959,FCFE18.MX
2021-07-02,15.874493598937988,FCFE18.MX
2021-07-05,15.73813533782959,FCFE18.MX
2021-07-06,15.772225379943848,FCFE18.MX
2021-07-07,15.8290433883667,FCFE18.MX
2021-07-08,15.857451438903809,FCFE18.MX
2021-07-09,15.8290433883667,FCFE18.MX
2021-07-12,15.709725379943848,FCFE18.MX
2021-07-13,15.715410232543945,FCFE18.MX
2021-07-14,15.726773262023926,FCFE18.MX
2021-07-15,15.834726333618164,FCFE18.MX
2021-07-16,15.811999320983887,FCFE18.MX
2021-07-19,15.78927230834961,FCFE18.MX
2021-07-20,15.78927230834961,FCFE18.MX
2021-07-21,15.760860443115234,FCFE18.MX
2021-07-22,15.840404510498047,FCFE18.MX
2021-07-23,15.874493598937988,FCFE18.MX
2021-07-26,15.954035758972168,FCFE18.MX
2021-07-27,15.908587455749512,FCFE18.MX
2021-07-28,15.902904510498047,FCFE18.MX
2021-07-29,15.891539573669434,FCFE18.MX
2021-07-30,15.999493598937988,FCFE18.MX
2021-08-02,15.959716796875,FCFE18.MX
2021-08-03,15.993810653686523,FCFE18.MX
2021-08-04,16.255163192749023,FCFE18.MX
2021-08-05,16.24948501586914,FCFE18.MX
2021-08-06,15.925627708435059,FCFE18.MX
2021-08-09,16.186988830566406,FCFE18.MX
2021-08-10,16.186988830566406,FCFE18.MX
2021-08-11,16.24948501586914,FCFE18.MX
2021-08-12,16.13585090637207,FCFE18.MX
2021-08-13,16.82332992553711,FCFE18.MX
2021-08-16,16.567651748657227,FCFE18.MX
2021-08-17,16.419931411743164,FCFE18.MX
2021-08-18,16.346073150634766,FCFE18.MX
2021-08-19,16.40288734436035,FCFE18.MX
2021-08-20,16.374479293823242,FCFE18.MX
2021-08-23,16.311981201171875,FCFE18.MX
2021-08-24,16.10744285583496,FCFE18.MX
2021-08-25,16.056304931640625,FCFE18.MX
2021-08-26,16.164260864257812,FCFE18.MX
2021-08-27,16.27789306640625,FCFE18.MX
2021-08-30,16.27789306640625,FCFE18.MX
2021-08-31,16.192668914794922,FCFE18.MX
2021-09-01,16.186988830566406,FCFE18.MX
2021-09-02,16.192668914794922,FCFE18.MX
2021-09-03,16.221071243286133,FCFE18.MX
2021-09-06,16.24948501586914,FCFE18.MX
2021-09-07,16.192668914794922,FCFE18.MX
2021-09-08,16.073352813720703,FCFE18.MX
2021-09-09,16.198347091674805,FCFE18.MX
2021-09-10,16.266525268554688,FCFE18.MX
2021-09-13,16.329025268554688,FCFE18.MX
2021-09-14,16.340391159057617,FCFE18.MX
2021-09-15,16.46538734436035,FCFE18.MX
2021-09-17,16.476747512817383,FCFE18.MX
2021-09-20,16.391523361206055,FCFE18.MX
2021-09-21,16.459701538085938,FCFE18.MX
2021-09-22,16.52220344543457,FCFE18.MX
2021-09-23,16.635831832885742,FCFE18.MX
2021-09-24,16.732421875,FCFE18.MX
2021-09-27,16.76651382446289,FCFE18.MX
2021-09-28,16.73287582397461,FCFE18.MX
2021-09-29,16.650707244873047,FCFE18.MX
2021-09-30,16.727008819580078,FCFE18.MX
2021-10-01,16.727008819580078,FCFE18.MX
2021-10-04,16.73287582397461,FCFE18.MX
2021-10-05,16.427682876586914,FCFE18.MX
2021-10-06,15.811420440673828,FCFE18.MX
2021-10-07,14.878233909606934,FCFE18.MX
2021-10-08,15.86424446105957,FCFE18.MX
2021-10-11,15.787946701049805,FCFE18.MX
2021-10-12,15.92293930053711,FCFE18.MX
2021-10-13,15.89358901977539,FCFE18.MX
2021-10-14,16.075536727905273,FCFE18.MX
2021-10-15,15.999238967895508,FCFE18.MX
2021-10-18,16.0168399810791,FCFE18.MX
2021-10-19,15.94641399383545,FCFE18.MX
2021-10-20,15.840767860412598,FCFE18.MX
2021-10-21,15.787946701049805,FCFE18.MX
2021-10-22,15.429931640625,FCFE18.MX
2021-10-25,15.793814659118652,FCFE18.MX
2021-10-26,15.83489990234375,FCFE18.MX
2021-10-27,15.840767860412598,FCFE18.MX
2021-10-28,15.770343780517578,FCFE18.MX
2021-10-29,15.787946701049805,FCFE18.MX
2021-11-01,15.846635818481445,FCFE18.MX
2021-11-03,15.805548667907715,FCFE18.MX
2021-11-04,15.670563697814941,FCFE18.MX
2021-11-05,15.494488716125488,FCFE18.MX
2021-11-08,15.435803413391113,FCFE18.MX
2021-11-09,15.435803413391113,FCFE18.MX
2021-11-10,15.83489990234375,FCFE18.MX
2021-11-11,15.846635818481445,FCFE18.MX
2021-11-12,15.817293167114258,FCFE18.MX
2021-11-16,15.787946701049805,FCFE18.MX
2021-11-17,15.78207778930664,FCFE18.MX
2021-11-18,15.752731323242188,FCFE18.MX
2021-11-19,15.553182601928711,FCFE18.MX
2021-11-22,15.629478454589844,FCFE18.MX
2021-11-23,15.70577621459961,FCFE18.MX
2021-11-24,15.600133895874023,FCFE18.MX
2021-11-25,15.582527160644531,FCFE18.MX
2021-11-26,15.517965316772461,FCFE18.MX
2021-11-29,15.494488716125488,FCFE18.MX
2021-11-30,15.488618850708008,FCFE18.MX
2021-12-01,15.500357627868652,FCFE18.MX
2021-12-02,15.594265937805176,FCFE18.MX
2021-12-03,15.676435470581055,FCFE18.MX
2021-12-06,15.559054374694824,FCFE18.MX
2021-12-07,15.095388412475586,FCFE18.MX
2021-12-08,15.735125541687012,FCFE18.MX
2021-12-09,15.670563697814941,FCFE18.MX
2021-12-10,15.559054374694824,FCFE18.MX
2021-12-13,15.459275245666504,FCFE18.MX
2021-12-14,15.482749938964844,FCFE18.MX
2021-12-15,15.494488716125488,FCFE18.MX
2021-12-16,15.547314643859863,FCFE18.MX
2021-12-17,15.494488716125488,FCFE18.MX
2021-12-20,15.271464347839355,FCFE18.MX
2021-12-21,15.324288368225098,FCFE18.MX
2021-12-22,15.429931640625,FCFE18.MX
2021-12-23,15.39471435546875,FCFE18.MX
2021-12-24,15.600133895874023,FCFE18.MX
2021-12-27,15.564921379089355,FCFE18.MX
2021-12-28,15.547314643859863,FCFE18.MX
2021-12-29,15.854785919189453,FCFE18.MX
2021-12-30,15.763838768005371,FCFE18.MX
2021-12-31,15.751713752746582,FCFE18.MX
2022-01-03,15.739584922790527,FCFE18.MX
2022-01-04,15.751713752746582,FCFE18.MX
2022-01-05,15.763838768005371,FCFE18.MX
2022-01-06,15.745648384094238,FCFE18.MX
2022-01-07,15.81234359741211,FCFE18.MX
2022-01-10,15.824470520019531,FCFE18.MX
2022-01-11,15.83659553527832,FCFE18.MX
2022-01-12,15.763838768005371,FCFE18.MX
2022-01-13,15.763838768005371,FCFE18.MX
2022-01-14,15.691081047058105,FCFE18.MX
2022-01-17,15.757773399353027,FCFE18.MX
2022-01-18,15.642578125,FCFE18.MX
2022-01-19,15.666831970214844,FCFE18.MX
2022-01-20,15.691081047058105,FCFE18.MX
2022-01-21,15.666831970214844,FCFE18.MX
2022-01-24,15.56982421875,FCFE18.MX
2022-01-25,15.581949234008789,FCFE18.MX
2022-01-26,15.691081047058105,FCFE18.MX
2022-01-27,15.775965690612793,FCFE18.MX
2022-01-28,15.763838768005371,FCFE18.MX
2022-01-31,15.769904136657715,FCFE18.MX
2022-02-01,15.854785919189453,FCFE18.MX
2022-02-02,15.915412902832031,FCFE18.MX
2022-02-03,16.012422561645508,FCFE18.MX
2022-02-04,15.969977378845215,FCFE18.MX
2022-02-08,15.94572925567627,FCFE18.MX
2022-02-09,15.885099411010742,FCFE18.MX
2022-02-10,15.672894477844238,FCFE18.MX
2022-02-11,15.612264633178711,FCFE18.MX
2022-02-14,15.581949234008789,FCFE18.MX
2022-02-15,15.642578125,FCFE18.MX
2022-02-16,15.581949234008789,FCFE18.MX
2022-02-17,15.527376174926758,FCFE18.MX
2022-02-18,15.491000175476074,FCFE18.MX
2022-02-21,15.424308776855469,FCFE18.MX
2022-02-22,15.260608673095703,FCFE18.MX
2022-02-23,15.230295181274414,FCFE18.MX
2022-02-24,15.157539367675781,FCFE18.MX
2022-02-25,15.37580680847168,FCFE18.MX
2022-02-28,15.296988487243652,FCFE18.MX
2022-03-01,15.27879524230957,FCFE18.MX
2022-03-02,15.424308776855469,FCFE18.MX
2022-03-03,15.387929916381836,FCFE18.MX
2022-03-04,15.27879524230957,FCFE18.MX
2022-03-07,15.40005874633789,FCFE18.MX
2022-03-08,15.460684776306152,FCFE18.MX
2022-03-09,15.472810745239258,FCFE18.MX
2022-03-10,15.436431884765625,FCFE18.MX
2022-03-11,15.448559761047363,FCFE18.MX
2022-03-14,15.575883865356445,FCFE18.MX
2022-03-15,15.60013198852539,FCFE18.MX
2022-03-16,15.672894477844238,FCFE18.MX
2022-03-17,15.763838768005371,FCFE18.MX
2022-03-18,15.885099411010742,FCFE18.MX
2022-03-22,15.885099411010742,FCFE18.MX
2022-03-23,15.763838768005371,FCFE18.MX
2022-03-24,16.030611038208008,FCFE18.MX
2022-03-25,16.261001586914062,FCFE18.MX
2022-03-28,16.242815017700195,FCFE18.MX
2022-03-29,16.17278480529785,FCFE18.MX
2022-03-30,16.24720001220703,FCFE18.MX
2022-03-31,16.1851863861084,FCFE18.MX
2022-04-01,16.166582107543945,FCFE18.MX
2022-04-04,16.16037940979004,FCFE18.MX
2022-04-05,16.191390991210938,FCFE18.MX
2022-04-06,16.203792572021484,FCFE18.MX
2022-04-07,16.154178619384766,FCFE18.MX
2022-04-08,16.203792572021484,FCFE18.MX
2022-04-11,16.222396850585938,FCFE18.MX
2022-04-12,16.14177894592285,FCFE18.MX
2022-04-13,16.278207778930664,FCFE18.MX
2022-04-18,16.396026611328125,FCFE18.MX
2022-04-19,16.30921173095703,FCFE18.MX
2022-04-20,16.147979736328125,FCFE18.MX
2022-04-21,16.334012985229492,FCFE18.MX
2022-04-22,16.340213775634766,FCFE18.MX
2022-04-25,16.3712215423584,FCFE18.MX
2022-04-26,16.24720001220703,FCFE18.MX
2022-04-27,16.12317657470703,FCFE18.MX
2022-04-28,16.12317657470703,FCFE18.MX
2022-04-29,15.968145370483398,FCFE18.MX
2022-05-03,15.961945533752441,FCFE18.MX
2022-05-04,15.95573616027832,FCFE18.MX
2022-05-05,15.87512493133545,FCFE18.MX
2022-05-06,15.65808391571045,FCFE18.MX
2022-05-09,15.63947868347168,FCFE18.MX
2022-05-10,15.627074241638184,FCFE18.MX
2022-05-11,15.186792373657227,FCFE18.MX
2022-05-12,15.130977630615234,FCFE18.MX
2022-05-13,15.44104290008545,FCFE18.MX
2022-05-16,15.49685001373291,FCFE18.MX
2022-05-17,15.503055572509766,FCFE18.MX
2022-05-18,15.50925350189209,FCFE18.MX
2022-05-19,15.558863639831543,FCFE18.MX
2022-05-20,15.503055572509766,FCFE18.MX
2022-05-23,15.565064430236816,FCFE18.MX
2022-05-24,15.577469825744629,FCFE18.MX
2022-05-25,15.608473777770996,FCFE18.MX
2022-05-26,15.589868545532227,FCFE18.MX
2022-05-27,15.565064430236816,FCFE18.MX
2022-05-30,15.503055572509766,FCFE18.MX
2022-05-31,15.627074241638184,FCFE18.MX
2022-06-01,15.61467456817627,FCFE18.MX
2022-06-02,15.589868545532227,FCFE18.MX
2022-06-03,15.61467456817627,FCFE18.MX
2022-06-06,15.831717491149902,FCFE18.MX
2022-06-07,15.4100341796875,FCFE18.MX
2022-06-08,15.78210735321045,FCFE18.MX
2022-06-09,15.806915283203125,FCFE18.MX
2022-06-10,15.751100540161133,FCFE18.MX
2022-06-13,15.769702911376953,FCFE18.MX
2022-06-14,15.757304191589355,FCFE18.MX
2022-06-15,15.6890869140625,FCFE18.MX
2022-06-16,15.6890869140625,FCFE18.MX
2022-06-17,15.87512493133545,FCFE18.MX
2022-06-20,15.813111305236816,FCFE18.MX
2022-06-21,15.968145370483398,FCFE18.MX
2022-06-22,16.129379272460938,FCFE18.MX
2022-06-23,16.296810150146484,FCFE18.MX
2022-06-24,16.30921173095703,FCFE18.MX
2022-06-27,16.458040237426758,FCFE18.MX
2022-06-28,16.148906707763672,FCFE18.MX
2022-06-29,16.206581115722656,FCFE18.MX
2022-06-30,16.155311584472656,FCFE18.MX
2022-07-01,16.520591735839844,FCFE18.MX
2022-07-04,16.50136375427246,FCFE18.MX
2022-07-05,16.315521240234375,FCFE18.MX
2022-07-06,16.35396957397461,FCFE18.MX
2022-07-07,16.405241012573242,FCFE18.MX
2022-07-08,16.148906707763672,FCFE18.MX
2022-07-11,16.341156005859375,FCFE18.MX
2022-07-12,16.309112548828125,FCFE18.MX
2022-07-13,16.180946350097656,FCFE18.MX
2022-07-14,16.315521240234375,FCFE18.MX
2022-07-15,16.052783966064453,FCFE18.MX
2022-07-18,16.366788864135742,FCFE18.MX
2022-07-19,16.437280654907227,FCFE18.MX
2022-07-20,16.405241012573242,FCFE18.MX
2022-07-21,16.00151252746582,FCFE18.MX
2022-07-22,16.174541473388672,FCFE18.MX
2022-07-25,16.174541473388672,FCFE18.MX
2022-07-26,16.193763732910156,FCFE18.MX
2022-07-27,16.200170516967773,FCFE18.MX
2022-07-28,16.341156005859375,FCFE18.MX
2022-07-29,16.341156005859375,FCFE18.MX
2022-08-01,16.35396957397461,FCFE18.MX
2022-08-02,16.424463272094727,FCFE18.MX
2022-08-03,16.37319564819336,FCFE18.MX
2022-08-04,16.03356170654297,FCFE18.MX
2022-08-05,16.23221206665039,FCFE18.MX
2022-08-08,16.25785255432129,FCFE18.MX
2022-08-09,16.27707290649414,FCFE18.MX
2022-08-10,16.328340530395508,FCFE18.MX
2022-08-11,16.405241012573242,FCFE18.MX
2022-08-12,16.437280654907227,FCFE18.MX
2022-08-15,16.70642852783203,FCFE18.MX
2022-08-16,16.988393783569336,FCFE18.MX
2022-08-17,17.14219093322754,FCFE18.MX
2022-08-18,17.187053680419922,FCFE18.MX
2022-08-19,17.180639266967773,FCFE18.MX
2022-08-22,17.295991897583008,FCFE18.MX
2022-08-23,17.430572509765625,FCFE18.MX
2022-08-24,16.95635223388672,FCFE18.MX
2022-08-25,17.302398681640625,FCFE18.MX
2022-08-26,17.558732986450195,FCFE18.MX
2022-08-29,17.62281608581543,FCFE18.MX
2022-08-30,17.558732986450195,FCFE18.MX
2022-08-31,17.565139770507812,FCFE18.MX
2022-09-01,17.565139770507812,FCFE18.MX
2022-09-02,17.577957153320312,FCFE18.MX
2022-09-05,17.783023834228516,FCFE18.MX
2022-09-06,17.89837074279785,FCFE18.MX
2022-09-07,17.85992431640625,FCFE18.MX
2022-09-08,17.302398681640625,FCFE18.MX
2022-09-09,17.302398681640625,FCFE18.MX
2022-09-12,17.16782569885254,FCFE18.MX
2022-09-13,17.16782569885254,FCFE18.MX
2022-09-14,17.276763916015625,FCFE18.MX
2022-09-15,17.187053680419922,FCFE18.MX
2022-09-19,17.033252716064453,FCFE18.MX
2022-09-20,17.039663314819336,FCFE18.MX
2022-09-21,16.981985092163086,FCFE18.MX
2022-09-22,16.687206268310547,FCFE18.MX
2022-09-23,17.23831558227539,FCFE18.MX
2022-09-26,17.302398681640625,FCFE18.MX
2022-09-27,17.430572509765625,FCFE18.MX
2022-09-28,17.281021118164062,FCFE18.MX
2022-09-29,17.37407112121582,FCFE18.MX
2022-09-30,17.247791290283203,FCFE18.MX
2022-10-03,17.27437400817871,FCFE18.MX
2022-10-04,17.347488403320312,FCFE18.MX
2022-10-05,17.281021118164062,FCFE18.MX
2022-10-06,16.942049026489258,FCFE18.MX
2022-10-07,16.755945205688477,FCFE18.MX
2022-10-10,16.80246925354004,FCFE18.MX
2022-10-11,16.616369247436523,FCFE18.MX
2022-10-12,16.629661560058594,FCFE18.MX
2022-10-13,16.60972023010254,FCFE18.MX
2022-10-14,16.5233154296875,FCFE18.MX
2022-10-17,16.60972023010254,FCFE18.MX
2022-10-18,16.589780807495117,FCFE18.MX
2022-10-19,16.815763473510742,FCFE18.MX
2022-10-20,16.815763473510742,FCFE18.MX
2022-10-21,16.875579833984375,FCFE18.MX
2022-10-24,17.148088455200195,FCFE18.MX
2022-10-25,17.015161514282227,FCFE18.MX
2022-10-26,17.015161514282227,FCFE18.MX
2022-10-27,17.015161514282227,FCFE18.MX
2022-10-28,17.015161514282227,FCFE18.MX
2022-10-31,17.015161514282227,FCFE18.MX
2022-11-01,16.948692321777344,FCFE18.MX
2022-11-03,17.001867294311523,FCFE18.MX
2022-11-04,17.008512496948242,FCFE18.MX
2022-11-07,17.008512496948242,FCFE18.MX
2022-11-08,17.008512496948242,FCFE18.MX
2022-11-09,17.008512496948242,FCFE18.MX
2022-11-10,17.015161514282227,FCFE18.MX
2022-11-11,16.88887596130371,FCFE18.MX
2022-11-14,16.935401916503906,FCFE18.MX
2022-11-15,16.815763473510742,FCFE18.MX
2022-11-16,16.88887596130371,FCFE18.MX
2022-11-17,16.815763473510742,FCFE18.MX
2022-11-18,16.91546058654785,FCFE18.MX
2022-11-22,16.88222885131836,FCFE18.MX
2022-11-23,17.168031692504883,FCFE18.MX
2022-11-24,17.174678802490234,FCFE18.MX
2022-11-25,17.001867294311523,FCFE18.MX
2022-11-28,17.008512496948242,FCFE18.MX
2022-11-29,17.015161514282227,FCFE18.MX
2022-11-30,16.948692321777344,FCFE18.MX
2022-12-01,16.942049026489258,FCFE18.MX
2022-12-02,17.035097122192383,FCFE18.MX
2022-12-05,17.114856719970703,FCFE18.MX
2022-12-06,17.041744232177734,FCFE18.MX
2022-12-07,17.187969207763672,FCFE18.MX
2022-12-08,17.1613826751709,FCFE18.MX
2022-12-09,17.294315338134766,FCFE18.MX
2022-12-13,17.37407112121582,FCFE18.MX
2022-12-14,17.513654708862305,FCFE18.MX
2022-12-15,17.61334800720215,FCFE18.MX
2022-12-16,17.59341049194336,FCFE18.MX
2022-12-19,17.75957489013672,FCFE18.MX
2022-12-20,17.752925872802734,FCFE18.MX
2022-12-21,17.859270095825195,FCFE18.MX
2022-12-22,17.57347297668457,FCFE18.MX
2022-12-23,17.61334800720215,FCFE18.MX
2022-12-26,17.972265243530273,FCFE18.MX
2022-12-27,17.879209518432617,FCFE18.MX
2022-12-28,17.773174285888672,FCFE18.MX
2022-12-29,17.855520248413086,FCFE18.MX
2022-12-30,17.951589584350586,FCFE18.MX
2023-01-02,17.910417556762695,FCFE18.MX
2023-01-03,18.054527282714844,FCFE18.MX
2023-01-04,18.102561950683594,FCFE18.MX
2023-01-05,18.191768646240234,FCFE18.MX
2023-01-06,18.267255783081055,FCFE18.MX
2023-01-09,18.383913040161133,FCFE18.MX
2023-01-10,18.356462478637695,FCFE18.MX
2023-01-11,18.363323211669922,FCFE18.MX
2023-01-12,18.66526985168457,FCFE18.MX
2023-01-13,18.66526985168457,FCFE18.MX
2023-01-16,18.66526985168457,FCFE18.MX
2023-01-17,18.55546760559082,FCFE18.MX
2023-01-18,17.979042053222656,FCFE18.MX
2023-01-19,18.191768646240234,FCFE18.MX
2023-01-20,18.24666976928711,FCFE18.MX
2023-01-23,18.411359786987305,FCFE18.MX
2023-01-24,18.528017044067383,FCFE18.MX
2023-01-25,18.73388671875,FCFE18.MX
2023-01-26,18.637813568115234,FCFE18.MX
2023-01-27,18.65154266357422,FCFE18.MX
2023-01-30,18.39077377319336,FCFE18.MX
2023-01-31,18.596641540527344,FCFE18.MX
2023-02-01,18.658403396606445,FCFE18.MX
2023-02-02,18.57605743408203,FCFE18.MX
2023-02-03,18.66526985168457,FCFE18.MX
2023-02-07,18.658403396606445,FCFE18.MX
2023-02-08,18.65154266357422,FCFE18.MX
2023-02-09,18.65154266357422,FCFE18.MX
2023-02-10,18.589778900146484,FCFE18.MX
2023-02-13,18.644676208496094,FCFE18.MX
2023-02-14,18.73388671875,FCFE18.MX
2023-02-15,18.73388671875,FCFE18.MX
2023-02-16,18.836822509765625,FCFE18.MX
2023-02-17,18.692710876464844,FCFE18.MX
2023-02-20,18.871131896972656,FCFE18.MX
2023-02-21,18.802509307861328,FCFE18.MX
2023-02-22,18.479984283447266,FCFE18.MX
2023-02-23,18.541744232177734,FCFE18.MX
2023-02-24,18.768198013305664,FCFE18.MX
2023-02-27,18.781923294067383,FCFE18.MX
2023-02-28,19.076997756958008,FCFE18.MX
2023-03-01,19.21424102783203,FCFE18.MX
2023-03-02,19.145618438720703,FCFE18.MX
2023-03-03,19.145618438720703,FCFE18.MX
2023-03-06,19.145618438720703,FCFE18.MX
2023-03-07,19.145618438720703,FCFE18.MX
2023-03-08,19.076997756958008,FCFE18.MX
2023-03-09,19.138755798339844,FCFE18.MX
2023-03-10,18.775060653686523,FCFE18.MX
2023-03-13,18.7956485748291,FCFE18.MX
2023-03-14,18.7956485748291,FCFE18.MX
2023-03-15,18.761335372924805,FCFE18.MX
2023-03-16,19.04268455505371,FCFE18.MX
2023-03-17,18.932891845703125,FCFE18.MX
2023-03-21,18.871131896972656,FCFE18.MX
2023-03-22,18.93975257873535,FCFE18.MX
2023-03-23,18.871131896972656,FCFE18.MX
2023-03-24,18.97406005859375,FCFE18.MX
2023-03-27,18.864267349243164,FCFE18.MX
2023-03-28,19.076997756958008,FCFE18.MX
2023-03-29,18.94036102294922,FCFE18.MX
2023-03-30,18.912328720092773,FCFE18.MX
2023-03-31,18.814231872558594,FCFE18.MX
2023-04-03,18.863277435302734,FCFE18.MX
2023-04-04,18.877294540405273,FCFE18.MX
2023-04-05,19.12955093383789,FCFE18.MX
2023-04-10,18.919334411621094,FCFE18.MX
2023-04-11,18.772188186645508,FCFE18.MX
2023-04-12,18.632043838500977,FCFE18.MX
2023-04-13,18.884300231933594,FCFE18.MX
2023-04-14,18.779191970825195,FCFE18.MX
2023-04-17,18.8983154296875,FCFE18.MX
2023-04-18,18.863277435302734,FCFE18.MX
2023-04-19,18.779191970825195,FCFE18.MX
2023-04-20,19.115537643432617,FCFE18.MX
2023-04-21,18.863277435302734,FCFE18.MX
2023-04-24,18.919334411621094,FCFE18.MX
2023-04-25,18.856273651123047,FCFE18.MX
2023-04-26,18.919334411621094,FCFE18.MX
2023-04-27,18.912328720092773,FCFE18.MX
2023-04-28,19.094514846801758,FCFE18.MX
2023-05-02,19.094514846801758,FCFE18.MX
2023-05-03,19.059484481811523,FCFE18.MX
2023-05-04,19.094514846801758,FCFE18.MX
2023-05-05,19.12955093383789,FCFE18.MX
2023-05-08,19.12955093383789,FCFE18.MX
2023-05-09,18.667081832885742,FCFE18.MX
2023-05-10,19.12254524230957,FCFE18.MX
2023-05-11,19.06648826599121,FCFE18.MX
2023-05-12,19.059484481811523,FCFE18.MX
2023-05-15,19.479909896850586,FCFE18.MX
2023-05-16,19.44487190246582,FCFE18.MX
2023-05-17,19.54998016357422,FCFE18.MX
2023-05-18,19.56399917602539,FCFE18.MX
2023-05-19,19.54998016357422,FCFE18.MX
2023-05-22,19.6130428314209,FCFE18.MX
2023-05-23,19.60603904724121,FCFE18.MX
2023-05-24,19.599027633666992,FCFE18.MX
2023-05-25,19.6130428314209,FCFE18.MX
2023-05-26,19.304731369018555,FCFE18.MX
2023-05-29,19.578012466430664,FCFE18.MX
2023-05-30,19.528961181640625,FCFE18.MX
2023-05-31,19.585018157958984,FCFE18.MX
2023-06-01,19.6130428314209,FCFE18.MX
2023-06-02,19.60603904724121,FCFE18.MX
2023-06-05,19.521953582763672,FCFE18.MX
2023-06-06,19.690122604370117,FCFE18.MX
2023-06-07,19.760194778442383,FCFE18.MX
2023-06-08,19.760194778442383,FCFE18.MX
2023-06-09,19.704139709472656,FCFE18.MX
2023-06-12,19.655088424682617,FCFE18.MX
2023-06-13,19.760194778442383,FCFE18.MX
2023-06-14,19.718154907226562,FCFE18.MX
2023-06-15,19.837270736694336,FCFE18.MX
2023-06-16,19.718154907226562,FCFE18.MX
2023-06-19,19.781213760375977,FCFE18.MX
2023-06-20,19.711143493652344,FCFE18.MX
2023-06-21,19.760194778442383,FCFE18.MX
2023-06-22,19.690122604370117,FCFE18.MX
2023-06-23,19.725160598754883,FCFE18.MX
2023-06-26,19.75318717956543,FCFE18.MX
2023-06-27,19.690122604370117,FCFE18.MX
2023-06-28,19.73780632019043,FCFE18.MX
2023-06-29,19.665977478027344,FCFE18.MX
2023-06-30,19.57260513305664,FCFE18.MX
2023-07-03,19.967647552490234,FCFE18.MX
2023-07-04,19.752172470092773,FCFE18.MX
2023-07-05,19.773717880249023,FCFE18.MX
2023-07-06,19.608516693115234,FCFE18.MX
2023-07-07,19.759349822998047,FCFE18.MX
2023-07-10,19.39303970336914,FCFE18.MX
2023-07-11,19.400224685668945,FCFE18.MX
2023-07-12,19.579788208007812,FCFE18.MX
2023-07-13,19.500776290893555,FCFE18.MX
2023-07-14,19.421772003173828,FCFE18.MX
2023-07-17,19.3858585357666,FCFE18.MX
2023-07-18,19.3858585357666,FCFE18.MX
2023-07-19,19.29966926574707,FCFE18.MX
2023-07-20,19.400224685668945,FCFE18.MX
2023-07-21,19.378673553466797,FCFE18.MX
2023-07-24,19.407405853271484,FCFE18.MX
2023-07-25,19.39303970336914,FCFE18.MX
2023-07-26,19.242206573486328,FCFE18.MX
2023-07-27,19.2493896484375,FCFE18.MX
2023-07-28,19.39303970336914,FCFE18.MX
2023-07-31,19.2493896484375,FCFE18.MX
2023-08-01,19.39303970336914,FCFE18.MX
2023-08-02,19.421772003173828,FCFE18.MX
2023-08-03,19.3858585357666,FCFE18.MX
2023-08-04,19.328397750854492,FCFE18.MX
2023-08-07,19.32121467590332,FCFE18.MX
2023-08-08,19.2493896484375,FCFE18.MX
2023-08-09,19.213472366333008,FCFE18.MX
2023-08-10,19.191926956176758,FCFE18.MX
2023-08-11,19.213472366333008,FCFE18.MX
2023-08-14,19.08418846130371,FCFE18.MX
2023-08-15,19.105731964111328,FCFE18.MX
2023-08-16,19.206289291381836,FCFE18.MX
2023-08-17,19.156015396118164,FCFE18.MX
2023-08-18,19.105731964111328,FCFE18.MX
2023-08-21,19.062639236450195,FCFE18.MX
2023-08-22,19.033906936645508,FCFE18.MX
2023-08-23,18.997995376586914,FCFE18.MX
2023-08-24,19.069820404052734,FCFE18.MX
2023-08-25,18.997995376586914,FCFE18.MX
2023-08-28,18.962081909179688,FCFE18.MX
2023-08-29,19.069820404052734,FCFE18.MX
2023-08-30,19.04827308654785,FCFE18.MX
2023-08-31,19.17037582397461,FCFE18.MX
2023-09-01,19.39303970336914,FCFE18.MX
2023-09-04,19.39303970336914,FCFE18.MX
2023-09-05,19.39303970336914,FCFE18.MX
2023-09-06,19.39303970336914,FCFE18.MX
2023-09-07,19.357128143310547,FCFE18.MX
2023-09-08,19.220659255981445,FCFE18.MX
2023-09-11,19.371492385864258,FCFE18.MX
2023-09-12,19.48641014099121,FCFE18.MX
2023-09-13,19.39303970336914,FCFE18.MX
2023-09-14,19.54387664794922,FCFE18.MX
2023-09-15,19.54387664794922,FCFE18.MX
2023-09-18,19.39303970336914,FCFE18.MX
2023-09-19,19.32121467590332,FCFE18.MX
2023-09-20,19.68034553527832,FCFE18.MX
2023-09-21,19.967647552490234,FCFE18.MX
2023-09-22,20.032291412353516,FCFE18.MX
2023-09-25,19.94610023498535,FCFE18.MX
2023-09-26,19.94610023498535,FCFE18.MX
2023-09-27,19.988235473632812,FCFE18.MX
2023-09-28,19.89139175415039,FCFE18.MX
2023-09-29,19.742389678955078,FCFE18.MX
2023-10-02,19.764739990234375,FCFE18.MX
2023-10-03,19.727487564086914,FCFE18.MX
2023-10-04,19.92119026184082,FCFE18.MX
2023-10-05,19.80198860168457,FCFE18.MX
2023-10-06,19.80198860168457,FCFE18.MX
2023-10-09,19.74983787536621,FCFE18.MX
2023-10-10,19.8168888092041,FCFE18.MX
2023-10-11,19.876489639282227,FCFE18.MX
2023-10-12,19.742389678955078,FCFE18.MX
2023-10-13,19.75728988647461,FCFE18.MX
2023-10-16,19.89139175415039,FCFE18.MX
2023-10-17,19.8168888092041,FCFE18.MX
2023-10-18,19.787086486816406,FCFE18.MX
2023-10-19,19.794536590576172,FCFE18.MX
2023-10-20,19.92119026184082,FCFE18.MX
2023-10-23,19.8168888092041,FCFE18.MX
2023-10-24,19.742389678955078,FCFE18.MX
2023-10-25,19.8168888092041,FCFE18.MX
2023-10-26,19.682788848876953,FCFE18.MX
2023-10-27,19.94353675842285,FCFE18.MX
2023-10-30,19.80198860168457,FCFE18.MX
2023-10-31,19.742389678955078,FCFE18.MX
2023-11-01,19.854137420654297,FCFE18.MX
2023-11-03,19.89139175415039,FCFE18.MX
2023-11-06,20.070188522338867,FCFE18.MX
2023-11-07,20.085086822509766,FCFE18.MX
2023-11-08,20.167036056518555,FCFE18.MX
2023-11-09,20.107437133789062,FCFE18.MX
2023-11-10,20.07763671875,FCFE18.MX
2023-11-13,20.04038429260254,FCFE18.MX
2023-11-14,20.107437133789062,FCFE18.MX
2023-11-15,20.144685745239258,FCFE18.MX
2023-11-16,20.159587860107422,FCFE18.MX
2023-11-17,20.12978744506836,FCFE18.MX
2023-11-21,20.11488914489746,FCFE18.MX
2023-11-22,20.107437133789062,FCFE18.MX
2023-11-23,20.263887405395508,FCFE18.MX
2023-11-24,20.256439208984375,FCFE18.MX
2023-11-27,20.576784133911133,FCFE18.MX
2023-11-28,20.11488914489746,FCFE18.MX
2023-11-29,20.524633407592773,FCFE18.MX
2023-11-30,20.606582641601562,FCFE18.MX
2023-12-01,20.591686248779297,FCFE18.MX
2023-12-04,20.345834732055664,FCFE18.MX
2023-12-05,20.345834732055664,FCFE18.MX
2023-12-06,20.412883758544922,FCFE18.MX
2023-12-07,20.479936599731445,FCFE18.MX
2023-12-08,20.621484756469727,FCFE18.MX
2023-12-11,20.733232498168945,FCFE18.MX
2023-12-13,20.59913444519043,FCFE18.MX
2023-12-14,20.48738670349121,FCFE18.MX
2023-12-15,20.51718521118164,FCFE18.MX
2023-12-18,20.47248077392578,FCFE18.MX
2023-12-19,20.412883758544922,FCFE18.MX
2023-12-20,20.45013427734375,FCFE18.MX
2023-12-21,20.11488914489746,FCFE18.MX
2023-12-22,20.07763671875,FCFE18.MX
2023-12-26,20.204288482666016,FCFE18.MX
2023-12-27,20.383989334106445,FCFE18.MX
2023-12-28,20.345672607421875,FCFE18.MX
2023-12-29,20.307357788085938,FCFE18.MX
2024-01-02,20.39931297302246,FCFE18.MX
2024-01-03,20.292030334472656,FCFE18.MX
2024-01-04,20.261381149291992,FCFE18.MX
2024-01-05,20.28437042236328,FCFE18.MX
2024-01-08,20.29969596862793,FCFE18.MX
2024-01-09,20.29969596862793,FCFE18.MX
2024-01-10,20.307357788085938,FCFE18.MX
2024-01-11,20.41463851928711,FCFE18.MX
2024-01-12,20.368663787841797,FCFE18.MX
2024-01-15,20.452959060668945,FCFE18.MX
2024-01-16,20.468284606933594,FCFE18.MX
2024-01-17,20.47594451904297,FCFE18.MX
2024-01-18,20.468284606933594,FCFE18.MX
2024-01-19,20.468284606933594,FCFE18.MX
2024-01-22,20.529590606689453,FCFE18.MX
2024-01-23,20.383989334106445,FCFE18.MX
2024-01-24,20.25371742248535,FCFE18.MX
2024-01-25,20.437631607055664,FCFE18.MX
2024-01-26,20.498939514160156,FCFE18.MX
2024-01-29,20.46062469482422,FCFE18.MX
2024-01-30,20.58323097229004,FCFE18.MX
2024-01-31,20.437631607055664,FCFE18.MX
2024-02-01,20.529590606689453,FCFE18.MX
2024-02-02,20.56790542602539,FCFE18.MX
2024-02-06,20.5449161529541,FCFE18.MX
2024-02-07,20.61388397216797,FCFE18.MX
2024-02-08,20.659860610961914,FCFE18.MX
2024-02-09,20.62921142578125,FCFE18.MX
2024-02-12,20.560239791870117,FCFE18.MX
2024-02-13,20.50659942626953,FCFE18.MX
2024-02-14,20.61388397216797,FCFE18.MX
2024-02-15,20.68285369873047,FCFE18.MX
2024-02-16,20.68285369873047,FCFE18.MX
2024-02-19,20.606220245361328,FCFE18.MX
2024-02-20,20.61388397216797,FCFE18.MX
2024-02-21,20.498939514160156,FCFE18.MX
2024-02-22,20.445297241210938,FCFE18.MX
2024-02-23,20.376325607299805,FCFE18.MX
2024-02-26,20.498939514160156,FCFE18.MX
2024-02-27,20.53725242614746,FCFE18.MX
2024-02-28,20.69051742553711,FCFE18.MX
2024-02-29,20.843778610229492,FCFE18.MX
2024-03-01,20.989376068115234,FCFE18.MX
2024-03-04,20.843778610229492,FCFE18.MX
2024-03-05,20.905086517333984,FCFE18.MX
2024-03-06,20.966388702392578,FCFE18.MX
2024-03-07,20.997041702270508,FCFE18.MX
2024-03-08,21.020030975341797,FCFE18.MX
2024-03-11,20.943397521972656,FCFE18.MX
2024-03-12,20.943397521972656,FCFE18.MX
2024-03-13,20.866769790649414,FCFE18.MX
2024-03-14,20.805463790893555,FCFE18.MX
2024-03-15,20.805463790893555,FCFE18.MX
2024-03-19,20.652198791503906,FCFE18.MX
2024-03-20,20.62154769897461,FCFE18.MX
2024-03-21,20.521928787231445,FCFE18.MX
2024-03-22,20.728830337524414,FCFE18.MX
2024-03-25,20.75623321533203,FCFE18.MX
2024-03-26,20.928485870361328,FCFE18.MX
2024-03-27,20.983293533325195,FCFE18.MX
2024-04-01,20.95197296142578,FCFE18.MX
2024-04-02,20.77972412109375,FCFE18.MX
2024-04-03,20.66227912902832,FCFE18.MX
2024-04-04,20.748403549194336,FCFE18.MX
2024-04-05,20.66227912902832,FCFE18.MX
2024-04-08,20.670108795166016,FCFE18.MX
2024-04-09,20.795381546020508,FCFE18.MX
2024-04-10,20.740575790405273,FCFE18.MX
2024-04-11,20.591815948486328,FCFE18.MX
2024-04-12,20.630962371826172,FCFE18.MX
2024-04-15,20.591815948486328,FCFE18.MX
2024-04-16,20.54483413696289,FCFE18.MX
2024-04-17,20.497859954833984,FCFE18.MX
2024-04-18,20.3647518157959,FCFE18.MX
2024-04-19,20.529176712036133,FCFE18.MX
2024-04-22,20.176847457885742,FCFE18.MX
2024-04-23,20.184675216674805,FCFE18.MX
2024-04-24,20.349098205566406,FCFE18.MX
2024-04-25,20.474369049072266,FCFE18.MX
2024-04-26,20.474369049072266,FCFE18.MX
2024-04-29,20.513517379760742,FCFE18.MX
2024-04-30,20.435222625732422,FCFE18.MX
2024-05-03,20.482202529907227,FCFE18.MX
2024-05-06,20.435222625732422,FCFE18.MX
2024-05-07,20.46653938293457,FCFE18.MX
2024-05-08,20.458707809448242,FCFE18.MX
2024-05-09,20.46653938293457,FCFE18.MX
2024-05-10,20.46653938293457,FCFE18.MX
2024-05-13,20.3569278717041,FCFE18.MX
2024-05-14,20.341266632080078,FCFE18.MX
2024-05-15,20.341266632080078,FCFE18.MX
2024-05-16,20.333436965942383,FCFE18.MX
2024-05-17,20.349098205566406,FCFE18.MX
2024-05-20,20.32560920715332,FCFE18.MX
2024-05-21,20.349098205566406,FCFE18.MX
2024-05-22,20.380414962768555,FCFE18.MX
2024-05-23,20.388246536254883,FCFE18.MX
2024-05-24,20.20033073425293,FCFE18.MX
2024-05-27,20.231651306152344,FCFE18.MX
2024-05-28,20.0828914642334,FCFE18.MX
2024-05-29,20.11421012878418,FCFE18.MX
2024-05-30,20.04374122619629,FCFE18.MX
2024-05-31,20.04374122619629,FCFE18.MX
2024-06-03,20.262968063354492,FCFE18.MX
2024-06-04,20.27079963684082,FCFE18.MX
2024-06-05,20.278627395629883,FCFE18.MX
2024-06-06,20.012422561645508,FCFE18.MX
2024-06-07,20.317779541015625,FCFE18.MX
2024-06-10,20.278627395629883,FCFE18.MX
2024-06-11,20.247310638427734,FCFE18.MX
2024-06-12,20.04374122619629,FCFE18.MX
2024-06-13,19.957616806030273,FCFE18.MX
2024-06-14,20.03591537475586,FCFE18.MX
2024-06-17,20.15335464477539,FCFE18.MX
2024-06-18,20.15335464477539,FCFE18.MX
2024-06-19,20.20033073425293,FCFE18.MX
2024-06-20,20.20033073425293,FCFE18.MX
2024-06-21,20.122039794921875,FCFE18.MX
2024-06-24,19.941957473754883,FCFE18.MX
2024-06-25,19.926300048828125,FCFE18.MX
2024-06-26,19.96544647216797,FCFE18.MX
2024-06-27,20.158428192138672,FCFE18.MX
2024-06-28,20.206632614135742,FCFE18.MX
2024-07-01,20.19859504699707,FCFE18.MX
2024-07-02,20.23876953125,FCFE18.MX
2024-07-03,20.206632614135742,FCFE18.MX
2024-07-04,20.166461944580078,FCFE18.MX
2024-07-05,20.158428192138672,FCFE18.MX
2024-07-08,20.04594612121582,FCFE18.MX
2024-07-09,19.99773597717285,FCFE18.MX
2024-07-10,20.02184295654297,FCFE18.MX
2024-07-11,19.94952964782715,FCFE18.MX
2024-07-12,20.062015533447266,FCFE18.MX
2024-07-15,20.062015533447266,FCFE18.MX
2024-07-16,20.062015533447266,FCFE18.MX
2024-07-17,20.062015533447266,FCFE18.MX
2024-07-18,20.078081130981445,FCFE18.MX
2024-07-19,20.070045471191406,FCFE18.MX
2024-07-22,20.929733276367188,FCFE18.MX
2024-07-23,20.495874404907227,FCFE18.MX
2024-07-24,20.319116592407227,FCFE18.MX
2024-07-25,20.327150344848633,FCFE18.MX
2024-07-26,20.278942108154297,FCFE18.MX
2024-07-29,20.206632614135742,FCFE18.MX
2024-07-30,20.086116790771484,FCFE18.MX
2024-07-31,20.12628936767578,FCFE18.MX
2024-08-01,20.166461944580078,FCFE18.MX
2024-08-02,20.206632614135742,FCFE18.MX
2024-08-05,20.00577163696289,FCFE18.MX
2024-08-06,20.078081130981445,FCFE18.MX
2024-08-07,20.04594612121582,FCFE18.MX
2024-08-08,20.23876953125,FCFE18.MX
2024-08-09,20.23876953125,FCFE18.MX
2024-08-12,20.28697967529297,FCFE18.MX
2024-08-13,20.30304527282715,FCFE18.MX
2024-08-14,20.44766616821289,FCFE18.MX
2024-08-15,20.423564910888672,FCFE18.MX
2024-08-16,20.463733673095703,FCFE18.MX
2024-08-19,20.423564910888672,FCFE18.MX
2024-08-20,20.36732292175293,FCFE18.MX
2024-08-21,20.36732292175293,FCFE18.MX
2024-08-22,20.158428192138672,FCFE18.MX
2024-08-23,20.36732292175293,FCFE18.MX
2024-08-26,20.36732292175293,FCFE18.MX
2024-08-27,20.26287269592285,FCFE18.MX
2024-08-28,20.801183700561523,FCFE18.MX
2024-08-29,20.48784065246582,FCFE18.MX
2024-08-30,20.40749168395996,FCFE18.MX
2024-09-02,20.335182189941406,FCFE18.MX
2024-09-03,20.270906448364258,FCFE18.MX
2024-09-04,20.22270393371582,FCFE18.MX
2024-09-05,20.22270393371582,FCFE18.MX
2024-09-06,20.24680519104004,FCFE18.MX
2024-09-09,20.24680519104004,FCFE18.MX
2024-09-10,20.182531356811523,FCFE18.MX
2024-09-11,20.142358779907227,FCFE18.MX
2024-09-12,20.206632614135742,FCFE18.MX
2024-09-13,20.24680519104004,FCFE18.MX
2024-09-17,20.278942108154297,FCFE18.MX
2024-09-18,20.295013427734375,FCFE18.MX
2024-09-19,20.495874404907227,FCFE18.MX
2024-09-20,20.881528854370117,FCFE18.MX
2024-09-23,20.65656280517578,FCFE18.MX
2024-09-24,20.801183700561523,FCFE18.MX
2024-09-25,20.648529052734375,FCFE18.MX
2024-09-26,20.736907958984375,FCFE18.MX
2024-09-27,20.7999324798584,FCFE18.MX
2024-09-30,20.683637619018555,FCFE18.MX
2024-10-02,20.725173950195312,FCFE18.MX
2024-10-03,20.63380241394043,FCFE18.MX
2024-10-04,20.89130401611328,FCFE18.MX
2024-10-07,20.924530029296875,FCFE18.MX
2024-10-08,20.949451446533203,FCFE18.MX
2024-10-09,20.766706466674805,FCFE18.MX
2024-10-10,20.775012969970703,FCFE18.MX
2024-10-11,21.024211883544922,FCFE18.MX
2024-10-14,21.007600784301758,FCFE18.MX
2024-10-15,20.966064453125,FCFE18.MX
2024-10-16,20.97437286376953,FCFE18.MX
2024-10-17,20.966064453125,FCFE18.MX
2024-10-18,20.93284034729004,FCFE18.MX
2024-10-21,21.015907287597656,FCFE18.MX
2024-10-22,20.84977149963379,FCFE18.MX
2024-10-23,20.84977149963379,FCFE18.MX
2024-10-24,20.924530029296875,FCFE18.MX
2024-10-25,20.88299560546875,FCFE18.MX
2024-10-28,20.88299560546875,FCFE18.MX
2024-10-29,20.966064453125,FCFE18.MX
2024-10-30,20.941144943237305,FCFE18.MX
2024-10-31,20.93284034729004,FCFE18.MX
2024-11-01,20.95775604248047,FCFE18.MX
2024-11-04,20.99929428100586,FCFE18.MX
2024-11-05,20.85807991027832,FCFE18.MX
2024-11-06,20.700252532958984,FCFE18.MX
2024-11-07,20.67533302307129,FCFE18.MX
2024-11-08,20.89130401611328,FCFE18.MX
2024-11-11,20.775012969970703,FCFE18.MX
2024-11-12,20.7999324798584,FCFE18.MX
2024-11-13,20.758398056030273,FCFE18.MX
2024-11-14,20.758398056030273,FCFE18.MX
2024-11-15,20.74178695678711,FCFE18.MX
2024-11-19,20.658720016479492,FCFE18.MX
2024-11-20,20.750089645385742,FCFE18.MX
2024-11-21,20.67533302307129,FCFE18.MX
2024-11-22,20.66702651977539,FCFE18.MX
2024-11-25,20.725173950195312,FCFE18.MX
2024-11-26,20.691946029663086,FCFE18.MX
2024-11-27,20.716867446899414,FCFE18.MX
2024-11-28,20.766706466674805,FCFE18.MX
2024-11-29,20.766706466674805,FCFE18.MX
2024-12-02,20.766706466674805,FCFE18.MX
2024-12-03,20.808238983154297,FCFE18.MX
2024-12-04,20.766706466674805,FCFE18.MX
2024-12-05,20.683637619018555,FCFE18.MX
2024-12-06,20.824851989746094,FCFE18.MX
2024-12-09,21.132198333740234,FCFE18.MX
2024-12-10,20.93284034729004,FCFE18.MX
2024-12-11,20.93284034729004,FCFE18.MX
2024-12-13,21.015907287597656,FCFE18.MX
2024-12-16,20.98267936706543,FCFE18.MX
2024-12-17,20.941144943237305,FCFE18.MX
2024-12-18,21.098970413208008,FCFE18.MX
2024-12-19,21.173730850219727,FCFE18.MX
2024-12-20,21.007600784301758,FCFE18.MX
2024-12-23,21.024211883544922,FCFE18.MX
2024-12-24,20.89961051940918,FCFE18.MX
2024-12-26,21.015907287597656,FCFE18.MX
2024-12-27,21.157119750976562,FCFE18.MX
2024-12-30,21.260547637939453,FCFE18.MX
2024-12-31,21.24339485168457,FCFE18.MX
2025-01-02,21.17478370666504,FCFE18.MX
2025-01-03,21.226242065429688,FCFE18.MX
2025-01-06,21.1490535736084,FCFE18.MX
2025-01-07,21.01183319091797,FCFE18.MX
2025-01-08,21.0804443359375,FCFE18.MX
2025-01-09,21.097597122192383,FCFE18.MX
2025-01-10,21.097597122192383,FCFE18.MX
2025-01-13,21.3463077545166,FCFE18.MX
2025-01-14,21.269123077392578,FCFE18.MX
2025-01-15,21.17478370666504,FCFE18.MX
2025-01-16,21.097597122192383,FCFE18.MX
2025-01-17,21.1490535736084,FCFE18.MX
2025-01-20,20.80600357055664,FCFE18.MX
2025-01-21,20.926069259643555,FCFE18.MX
2025-01-22,21.20908546447754,FCFE18.MX
2025-01-23,21.14047622680664,FCFE18.MX
2025-01-24,21.089021682739258,FCFE18.MX
2025-01-27,20.866039276123047,FCFE18.MX
2025-01-28,20.95180320739746,FCFE18.MX
2025-01-29,20.840309143066406,FCFE18.MX
2025-01-30,20.926069259643555,FCFE18.MX
2025-01-31,20.840309143066406,FCFE18.MX
2025-02-04,20.926069259643555,FCFE18.MX
2025-02-05,20.96037483215332,FCFE18.MX
2025-02-06,20.840309143066406,FCFE18.MX
2025-02-07,20.83173370361328,FCFE18.MX
2025-02-10,20.840309143066406,FCFE18.MX
2025-02-11,20.908918380737305,FCFE18.MX
2025-02-12,20.917495727539062,FCFE18.MX
2025-02-13,20.874614715576172,FCFE18.MX
2025-02-14,20.874614715576172,FCFE18.MX
2025-02-17,20.926069259643555,FCFE18.MX
2025-02-18,20.79743194580078,FCFE18.MX
2025-02-19,20.754547119140625,FCFE18.MX
2025-02-20,20.754547119140625,FCFE18.MX
2025-02-21,20.96895408630371,FCFE18.MX
2025-02-24,21.12332534790039,FCFE18.MX
2025-02-25,21.097597122192383,FCFE18.MX
2025-02-26,21.312002182006836,FCFE18.MX
2025-02-27,21.20051383972168,FCFE18.MX
2025-02-28,21.269123077392578,FCFE18.MX
2025-03-03,21.286273956298828,FCFE18.MX
2025-03-04,21.432069778442383,FCFE18.MX
2025-03-05,21.44064712524414,FCFE18.MX
2025-03-06,21.517831802368164,FCFE18.MX
2025-03-07,21.57786750793457,FCFE18.MX
2025-03-10,21.61217498779297,FCFE18.MX
2025-03-11,21.723665237426758,FCFE18.MX
2025-03-12,21.715085983276367,FCFE18.MX
2025-03-13,21.603593826293945,FCFE18.MX
2025-03-14,21.586444854736328,FCFE18.MX
2025-03-18,21.663631439208984,FCFE18.MX
2025-03-19,21.689361572265625,FCFE18.MX
2025-03-20,21.689361572265625,FCFE18.MX
2025-03-21,21.62074851989746,FCFE18.MX
2025-03-24,21.251970291137695,FCFE18.MX
2025-03-25,21.3463077545166,FCFE18.MX
2025-03-26,21.294849395751953,FCFE18.MX
2025-03-27,21.432069778442383,FCFE18.MX
2025-03-28,21.427736282348633,FCFE18.MX
2025-03-31,21.279478073120117,FCFE18.MX
2025-04-01,21.820188522338867,FCFE18.MX
2025-04-02,21.72425651550293,FCFE18.MX
2025-04-03,22.020774841308594,FCFE18.MX
2025-04-04,21.227153778076172,FCFE18.MX
2025-04-07,21.541112899780273,FCFE18.MX
2025-04-08,21.19226837158203,FCFE18.MX
2025-04-09,21.183547973632812,FCFE18.MX
2025-04-10,21.32308578491211,FCFE18.MX
2025-04-11,21.837631225585938,FCFE18.MX
2025-04-14,21.427736282348633,FCFE18.MX
2025-04-15,21.366689682006836,FCFE18.MX
2025-04-16,21.410295486450195,FCFE18.MX
2025-04-21,21.2707576751709,FCFE18.MX
2025-04-22,21.366689682006836,FCFE18.MX
2025-04-23,21.366689682006836,FCFE18.MX
2025-04-24,21.157384872436523,FCFE18.MX
2025-04-25,21.314363479614258,FCFE18.MX
2025-04-28,21.279478073120117,FCFE18.MX
2025-04-29,21.235876083374023,FCFE18.MX
2025-04-30,21.26203727722168,FCFE18.MX
2025-05-02,21.19226837158203,FCFE18.MX
2025-05-05,21.235876083374023,FCFE18.MX
2025-05-06,21.061450958251953,FCFE18.MX
2025-05-07,20.791099548339844,FCFE18.MX
2025-05-08,20.520742416381836,FCFE18.MX
2025-05-09,20.669002532958984,FCFE18.MX
2025-05-12,20.206783294677734,FCFE18.MX
2025-05-13,19.962594985961914,FCFE18.MX
2025-05-14,19.962594985961914,FCFE18.MX
2025-05-15,19.901546478271484,FCFE18.MX
2025-05-16,19.945152282714844,FCFE18.MX
2025-05-19,20.05852508544922,FCFE18.MX
2025-05-20,20.0498046875,FCFE18.MX
2025-05-21,20.014923095703125,FCFE18.MX
2025-05-22,19.971315383911133,FCFE18.MX
2025-05-23,19.814334869384766,FCFE18.MX
2025-05-26,19.936431884765625,FCFE18.MX
2025-05-27,20.05852508544922,FCFE18.MX
2025-05-28,20.198060989379883,FCFE18.MX
2025-05-29,20.232948303222656,FCFE18.MX
2025-05-30,20.433534622192383,FCFE18.MX
2025-06-02,20.642841339111328,FCFE18.MX
2025-06-03,20.381206512451172,FCFE18.MX
2025-06-04,20.241668701171875,FCFE18.MX
2025-06-05,20.372486114501953,FCFE18.MX
2025-06-06,20.206783294677734,FCFE18.MX
2025-06-09,20.189342498779297,FCFE18.MX
2025-06-10,20.05852508544922,FCFE18.MX
2025-06-11,20.014923095703125,FCFE18.MX
2025-06-12,19.98875617980957,FCFE18.MX
2025-06-13,19.927709579467773,FCFE18.MX
2025-06-16,19.840496063232422,FCFE18.MX
2025-06-17,19.796894073486328,FCFE18.MX
2025-06-18,19.857942581176758,FCFE18.MX
2025-06-19,19.831777572631836,FCFE18.MX
2025-06-20,19.962594985961914,FCFE18.MX
2025-06-23,20.05852508544922,FCFE18.MX
2025-06-24,20.05852508544922,FCFE18.MX
2025-06-25,20.145736694335938,FCFE18.MX
2025-06-26,20.0498046875,FCFE18.MX
2025-06-27,20.549779891967773,FCFE18.MX
2025-06-30,20.495723724365234,FCFE18.MX
2025-07-01,20.504735946655273,FCFE18.MX
2025-07-02,20.504735946655273,FCFE18.MX
2025-07-03,20.504735946655273,FCFE18.MX
2025-07-04,20.441673278808594,FCFE18.MX
2025-07-07,20.39662742614746,FCFE18.MX
2025-07-08,20.540769577026367,FCFE18.MX
2025-07-09,20.4056339263916,FCFE18.MX
2025-07-10,20.51374626159668,FCFE18.MX
2025-07-11,20.55879020690918,FCFE18.MX
2025-07-14,20.621854782104492,FCFE18.MX
2025-07-15,20.540769577026367,FCFE18.MX
2025-07-16,20.630863189697266,FCFE18.MX
2025-07-17,20.991230010986328,FCFE18.MX
2025-07-18,20.711944580078125,FCFE18.MX
2025-07-21,20.612842559814453,FCFE18.MX
2025-07-22,20.67591094970703,FCFE18.MX
2025-07-23,20.70293426513672,FCFE18.MX
2025-07-24,20.630863189697266,FCFE18.MX
2025-07-25,20.621854782104492,FCFE18.MX
2025-07-28,20.612842559814453,FCFE18.MX
2025-07-29,20.56779670715332,FCFE18.MX
2025-07-30,20.315542221069336,FCFE18.MX
2025-07-31,20.414644241333008,FCFE18.MX
2025-08-01,20.37860870361328,FCFE18.MX
2025-08-04,20.360591888427734,FCFE18.MX
2025-08-05,20.270496368408203,FCFE18.MX
2025-08-06,20.315542221069336,FCFE18.MX
2025-08-07,20.333560943603516,FCFE18.MX
2025-08-08,20.414644241333008,FCFE18.MX
2025-08-11,20.39662742614746,FCFE18.MX
2025-08-12,20.360591888427734,FCFE18.MX
2025-08-13,20.360591888427734,FCFE18.MX
2025-08-14,20.270496368408203,FCFE18.MX
2025-08-15,20.270496368408203,FCFE18.MX
2025-08-18,20.270496368408203,FCFE18.MX
2025-08-19,20.351581573486328,FCFE18.MX
2025-08-20,20.351581573486328,FCFE18.MX
2025-08-21,20.360591888427734,FCFE18.MX
2025-08-22,20.39662742614746,FCFE18.MX
2025-08-25,20.4056339263916,FCFE18.MX
2025-08-26,20.360591888427734,FCFE18.MX
2025-08-27,20.360591888427734,FCFE18.MX
2025-08-28,20.360591888427734,FCFE18.MX
2025-08-29,20.360591888427734,FCFE18.MX
2025-09-01,20.360591888427734,FCFE18.MX
2025-09-02,20.360591888427734,FCFE18.MX
2025-09-03,20.360591888427734,FCFE18.MX
2025-09-04,20.360591888427734,FCFE18.MX
2025-09-05,20.360591888427734,FCFE18.MX
2025-09-08,20.333560943603516,FCFE18.MX
2025-09-09,20.324554443359375,FCFE18.MX
2025-09-10,20.360591888427734,FCFE18.MX
2025-09-11,20.360591888427734,FCFE18.MX
2025-09-12,20.360591888427734,FCFE18.MX
2025-09-15,20.342571258544922,FCFE18.MX
2025-09-17,20.333560943603516,FCFE18.MX
2025-09-18,20.234460830688477,FCFE18.MX
2025-09-19,20.180404663085938,FCFE18.MX
2025-09-22,20.306535720825195,FCFE18.MX
2025-09-23,20.351581573486328,FCFE18.MX
2025-09-24,20.333560943603516,FCFE18.MX
2025-09-25,20.351581573486328,FCFE18.MX
2025-09-26,20.43266487121582,FCFE18.MX
2025-09-29,20.90097427368164,FCFE18.MX
2025-09-30,20.957185745239258,FCFE18.MX
2025-10-01,20.938446044921875,FCFE18.MX
2025-10-02,20.882238388061523,FCFE18.MX
2025-10-03,20.891603469848633,FCFE18.MX
2025-10-06,20.94781494140625,FCFE18.MX
2025-10-07,20.966550827026367,FCFE18.MX
2025-10-08,20.985288619995117,FCFE18.MX
2025-10-09,20.957185745239258,FCFE18.MX
2025-10-10,20.90097427368164,FCFE18.MX
2025-10-13,20.891603469848633,FCFE18.MX
2025-10-14,20.910341262817383,FCFE18.MX
2025-10-15,20.929079055786133,FCFE18.MX
2025-10-16,20.985288619995117,FCFE18.MX
2025-10-17,20.957185745239258,FCFE18.MX
2025-10-20,20.966550827026367,FCFE18.MX
2025-10-21,20.957185745239258,FCFE18.MX
2025-10-22,20.966550827026367,FCFE18.MX
2025-10-23,20.975919723510742,FCFE18.MX
2025-10-24,20.610551834106445,FCFE18.MX
2025-10-27,20.582443237304688,FCFE18.MX
2025-10-28,20.797922134399414,FCFE18.MX
2025-10-29,20.74170684814453,FCFE18.MX
2025-10-30,20.573076248168945,FCFE18.MX
2025-10-31,20.591815948486328,FCFE18.MX
2025-11-03,20.591815948486328,FCFE18.MX
2025-11-04,20.554340362548828,FCFE18.MX
2025-11-05,20.554340362548828,FCFE18.MX
2025-11-06,20.544973373413086,FCFE18.MX
2025-11-07,20.610551834106445,FCFE18.MX
2025-11-10,20.60118293762207,FCFE18.MX
2025-11-11,20.432552337646484,FCFE18.MX
2025-11-12,20.563711166381836,FCFE18.MX
2025-11-13,20.610551834106445,FCFE18.MX
2025-11-14,20.797922134399414,FCFE18.MX
2025-11-18,20.807287216186523,FCFE18.MX
2025-11-19,20.53560447692871,FCFE18.MX
2025-11-20,20.51686668395996,FCFE18.MX
2025-11-21,20.563711166381836,FCFE18.MX
2025-11-24,20.582443237304688,FCFE18.MX
2025-11-25,20.50749969482422,FCFE18.MX
2025-11-26,20.42318344116211,FCFE18.MX
2025-11-27,20.413814544677734,FCFE18.MX
2025-11-28,20.376338958740234,FCFE18.MX
2025-12-01,20.42318344116211,FCFE18.MX
2025-12-02,20.329498291015625,FCFE18.MX
2025-12-03,20.376338958740234,FCFE18.MX
2025-12-04,20.42318344116211,FCFE18.MX
2025-12-05,20.610551834106445,FCFE18.MX
2025-12-08,20.90097427368164,FCFE18.MX
2025-12-09,21.041500091552734,FCFE18.MX
2025-12-10,21.256973266601562,FCFE18.MX
2025-12-11,21.416236877441406,FCFE18.MX
2025-12-15,21.547395706176758,FCFE18.MX
2025-12-16,21.538026809692383,FCFE18.MX
2025-12-17,21.678550720214844,FCFE18.MX
2025-12-18,21.875289916992188,FCFE18.MX
2025-12-19,21.94087028503418,FCFE18.MX
2025-12-22,22.01581573486328,FCFE18.MX
2025-12-23,22.10013198852539,FCFE18.MX
2025-12-24,22.20318603515625,FCFE18.MX
2025-12-26,22.465499877929688,FCFE18.MX
2025-12-29,22.94329071044922,FCFE18.MX
2025-12-30,22.291717529296875,FCFE18.MX
2025-12-31,22.024866104125977,FCFE18.MX
2026-01-02,22.12969970703125,FCFE18.MX
2026-01-05,22.31077766418457,FCFE18.MX
2026-01-06,22.39655303955078,FCFE18.MX
2026-01-07,22.587162017822266,FCFE18.MX
2026-01-08,22.549041748046875,FCFE18.MX
2026-01-09,22.558570861816406,FCFE18.MX
2026-01-12,22.60622215270996,FCFE18.MX
2026-01-13,22.701526641845703,FCFE18.MX
2026-01-14,22.701526641845703,FCFE18.MX
2026-01-15,22.672937393188477,FCFE18.MX
2026-01-16,22.558570861816406,FCFE18.MX
2026-01-19,22.53951072692871,FCFE18.MX
2026-01-20,22.253597259521484,FCFE18.MX
2026-01-21,22.730119705200195,FCFE18.MX
2026-01-22,22.472795486450195,FCFE18.MX
2026-01-23,22.472795486450195,FCFE18.MX
2026-01-26,22.472795486450195,FCFE18.MX
2026-01-27,22.463266372680664,FCFE18.MX
2026-01-28,22.348901748657227,FCFE18.MX
2026-01-29,22.30124855041504,FCFE18.MX
2026-01-30,22.205944061279297,FCFE18.MX
2026-02-03,22.196413040161133,FCFE18.MX
2026-02-04,22.167823791503906,FCFE18.MX
2026-02-05,21.97721290588379,FCFE18.MX
2026-02-06,21.92003059387207,FCFE18.MX
2026-02-09,22.205944061279297,FCFE18.MX
2026-02-10,22.015335083007812,FCFE18.MX
2026-02-11,22.110641479492188,FCFE18.MX
2026-02-12,22.110641479492188,FCFE18.MX
2026-02-13,22.21547508239746,FCFE18.MX
2026-02-16,22.701526641845703,FCFE18.MX
2026-02-17,22.74917984008789,FCFE18.MX
2026-02-18,22.796831130981445,FCFE18.MX
2026-02-19,22.796831130981445,FCFE18.MX
2026-02-20,22.825424194335938,FCFE18.MX
2026-02-23,22.815893173217773,FCFE18.MX
2026-02-24,22.77777099609375,FCFE18.MX
2026-02-25,22.77777099609375,FCFE18.MX
2026-02-26,22.796831130981445,FCFE18.MX
2026-02-27,22.854013442993164,FCFE18.MX
2026-03-02,22.863544464111328,FCFE18.MX
2026-03-03,22.701526641845703,FCFE18.MX
2026-03-04,22.796831130981445,FCFE18.MX
2026-03-05,22.69199562072754,FCFE18.MX
2026-03-06,22.77777099609375,FCFE18.MX
2026-03-09,22.768239974975586,FCFE18.MX
2026-03-10,22.730119705200195,FCFE18.MX
2026-03-11,22.77777099609375,FCFE18.MX
2026-03-12,22.78925895690918,FCFE18.MX
2026-03-13,22.884611129760742,FCFE18.MX
2026-03-17,22.884611129760742,FCFE18.MX
2026-03-18,22.884611129760742,FCFE18.MX
2026-03-19,22.884611129760742,FCFE18.MX
2026-03-20,22.884611129760742,FCFE18.MX
2026-03-23,22.884611129760742,FCFE18.MX
2026-03-24,22.827402114868164,FCFE18.MX
2026-03-25,22.836936950683594,FCFE18.MX
2026-03-26,22.836936950683594,FCFE18.MX
2026-03-27,22.884611129760742,FCFE18.MX
2026-03-30,23.288894653320312,FCFE18.MX
2026-03-31,23.18161964416504,FCFE18.MX
2026-04-01,23.21087646484375,FCFE18.MX
2026-04-06,23.347412109375,FCFE18.MX
2026-04-07,23.376667022705078,FCFE18.MX
2026-04-08,23.35716438293457,FCFE18.MX
2026-04-09,23.347412109375,FCFE18.MX
2026-04-10,23.308401107788086,FCFE18.MX
2026-04-13,23.269392013549805,FCFE18.MX
2026-04-14,23.21087646484375,FCFE18.MX
2026-04-15,23.18161964416504,FCFE18.MX
2026-04-16,23.24988555908203,FCFE18.MX
2026-04-17,23.308401107788086,FCFE18.MX
2026-04-20,23.39617347717285,FCFE18.MX
2026-04-21,23.21087646484375,FCFE18.MX
2026-04-22,23.288894653320312,FCFE18.MX
2026-04-23,23.21087646484375,FCFE18.MX
2026-04-24,23.21087646484375,FCFE18.MX
2026-04-27,23.21087646484375,FCFE18.MX
2026-04-28,23.19137191772461,FCFE18.MX
2026-04-29,23.24988555908203,FCFE18.MX
2026-04-30,23.259639739990234,FCFE18.MX
2026-05-04,23.288894653320312,FCFE18.MX
2026-05-05,22.976816177368164,FCFE18.MX
2026-05-06,23.35716438293457,FCFE18.MX
2026-05-07,23.308401107788086,FCFE18.MX
2026-05-08,23.279144287109375,FCFE18.MX
2026-05-11,23.288894653320312,FCFE18.MX
2026-05-12,23.24988555908203,FCFE18.MX
2026-05-13,23.21087646484375,FCFE18.MX
2026-05-14,23.24988555908203,FCFE18.MX
2026-05-15,23.39617347717285,FCFE18.MX
2026-05-18,23.38642120361328,FCFE18.MX
2026-05-19,23.52295684814453,FCFE18.MX
2026-05-20,23.649738311767578,FCFE18.MX
2026-05-21,23.366914749145508,FCFE18.MX
2026-05-22,23.474193572998047,FCFE18.MX
2026-05-25,23.922807693481445,FCFE18.MX
2026-05-26,23.952062606811523,FCFE18.MX
2026-05-27,23.991073608398438,FCFE18.MX
2026-05-28,23.71800422668457,FCFE18.MX
2026-05-29,23.766767501831055,FCFE18.MX
2026-06-01,24.02033042907715,FCFE18.MX
2026-06-02,23.8935489654541,FCFE18.MX
2026-06-03,23.88379669189453,FCFE18.MX
2026-06-04,23.766767501831055,FCFE18.MX
2026-06-05,23.65949058532715,FCFE18.MX
2026-06-08,24.049589157104492,FCFE18.MX
2026-06-09,24.03008270263672,FCFE18.MX
2026-06-10,23.981321334838867,FCFE18.MX
2026-06-11,24.059341430664062,FCFE18.MX
2026-06-12,24.078845977783203,FCFE18.MX
2026-06-15,24.1568660736084,FCFE18.MX
2026-06-16,23.922807693481445,FCFE18.MX
2026-06-17,23.8935489654541,FCFE18.MX
2026-06-18,24.147113800048828,FCFE18.MX
2026-06-19,24.254390716552734,FCFE18.MX
2026-06-22,24.283647537231445,FCFE18.MX
2026-06-23,24.31290626525879,FCFE18.MX
2026-06-24,24.38117218017578,FCFE18.MX
2026-06-25,24.37141990661621,FCFE18.MX
2026-06-26,24.38117218017578,FCFE18.MX
2026-06-29,24.950000762939453,FCFE18.MX
2026-06-30,24.709999084472656,FCFE18.MX
2026-07-01,24.84000015258789,FCFE18.MX
2026-07-02,24.780000686645508,FCFE18.MX
2026-07-03,24.780000686645508,FCFE18.MX
2026-07-06,24.799999237060547,FCFE18.MX
2026-07-07,24.850000381469727,FCFE18.MX
2026-07-08,24.530000686645508,FCFE18.MX
2026-07-09,24.690000534057617,FCFE18.MX
2026-07-10,24.790000915527344,FCFE18.MX
2026-07-13,24.780000686645508,FCFE18.MX
2026-07-14,24.780000686645508,FCFE18.MX
2026-07-15,24.799999237060547,FCFE18.MX
2026-07-16,24.790000915527344,FCFE18.MX
2026-07-17,24.799999237060547,FCFE18.MX
2026-07-20,24.760000228881836,FCFE18.MX
2026-07-21,24.59000015258789,FCFE18.MX
2026-07-22,24.610000610351562,FCFE18.MX
2026-07-23,24.5,FCFE18.MX
2026-07-24,24.770000457763672,FCFE18.MX
2026-07-27,24.770000457763672,FCFE18.MX
2026-07-28,24.790000915527344,FCFE18.MX
2026-07-29,24.790000915527344,FCFE18.MX
2026-07-30,24.850000381469727,FCFE18.MX
2026-07-31,24.8799991607666,FCFE18.MX
2026-08-03,24.799999237060547,FCFE18.MX
2026-08-04,24.799999237060547,FCFE18.MX
2026-08-05,24.790000915527344,FCFE18.MX
2026-08-06,24.799999237060547,FCFE18.MX
2026-08-07,24.799999237060547,FCFE18.MX
2026-08-10,24.790000915527344,FCFE18.MX
2026-08-11,24.790000915527344,FCFE18.MX
2026-08-12,24.799999237060547,FCFE18.MX
2026-08-13,24.75,FCFE18.MX
2026-08-14,24.790000915527344,FCFE18.MX
2026-08-17,24.729999542236328,FCFE18.MX
2026-08-18,24.75,FCFE18.MX
2026-08-19,24.760000228881836,FCFE18.MX
2026-08-20,24.729999542236328,FCFE18.MX
2026-08-21,24.799999237060547,FCFE18.MX
2026-08-24,25.0,FCFE18.MX
2026-08-25,24.90999984741211,FCFE18.MX
2026-08-26,24.940000534057617,FCFE18.MX
2026-08-27,24.8799991607666,FCFE18.MX
2026-08-28,24.950000762939453,FCFE18.MX
2026-08-31,24.940000534057617,FCFE18.MX
2026-09-01,24.950000762939453,FCFE18.MX
2026-09-02,24.950000762939453,FCFE18.MX
2026-09-03,24.950000762939453,FCFE18.MX
2026-09-04,24.950000762939453,FCFE18.MX
2026-09-07,24.950000762939453,FCFE18.MX
2026-09-08,24.950000762939453,FCFE18.MX
2026-09-09,24.940000534057617,FCFE18.MX
2026-09-10,24.950000762939453,FCFE18.MX
2026-09-11,24.90999984741211,FCFE18.MX
2026-09-14,24.90999984741211,FCFE18.MX
2026-09-15,24.940000534057617,FCFE18.MX
2026-09-17,24.950000762939453,FCFE18.MX
2026-09-18,24.920000076293945,FCFE18.MX
2026-09-21,24.979999542236328,FCFE18.MX
2026-09-22,24.940000534057617,FCFE18.MX
2026-09-23,24.989999771118164,FCFE18.MX
2026-09-24,25.0,FCFE18.MX
2026-09-25,25.0,FCFE18.MX
2026-09-28,25.0,FCFE18.MX
2013-10-11,10.62898063659668,DANHOS13.MX
2013-10-14,10.572032928466797,DANHOS13.MX
2013-10-15,10.478479385375977,DANHOS13.MX
2013-10-16,10.482542991638184,DANHOS13.MX
2013-10-17,10.445938110351562,DANHOS13.MX
2013-10-18,10.474411010742188,DANHOS13.MX
2013-10-21,10.437801361083984,DANHOS13.MX
2013-10-22,10.494743347167969,DANHOS13.MX
2013-10-23,10.40526294708252,DANHOS13.MX
2013-10-24,10.222208976745605,DANHOS13.MX
2013-10-25,10.177464485168457,DANHOS13.MX
2013-10-28,10.189669609069824,DANHOS13.MX
2013-10-29,10.035096168518066,DANHOS13.MX
2013-10-30,9.7828950881958,DANHOS13.MX
2013-10-31,9.786958694458008,DANHOS13.MX
2013-11-01,9.94560432434082,DANHOS13.MX
2013-11-04,9.937470436096191,DANHOS13.MX
2013-11-05,9.884588241577148,DANHOS13.MX
2013-11-06,9.94560432434082,DANHOS13.MX
2013-11-07,9.990350723266602,DANHOS13.MX
2013-11-08,9.990350723266602,DANHOS13.MX
2013-11-11,10.169329643249512,DANHOS13.MX
2013-11-12,10.112382888793945,DANHOS13.MX
2013-11-13,10.165261268615723,DANHOS13.MX
2013-11-14,10.238483428955078,DANHOS13.MX
2013-11-15,10.112382888793945,DANHOS13.MX
2013-11-19,10.193737983703613,DANHOS13.MX
2013-11-20,10.185606002807617,DANHOS13.MX
2013-11-21,10.185606002807617,DANHOS13.MX
2013-11-22,10.165261268615723,DANHOS13.MX
2013-11-25,10.21000862121582,DANHOS13.MX
2013-11-26,10.291363716125488,DANHOS13.MX
2013-11-27,10.136785507202148,DANHOS13.MX
2013-11-28,10.112382888793945,DANHOS13.MX
2013-11-29,10.319838523864746,DANHOS13.MX
2013-12-02,10.35237979888916,DANHOS13.MX
2013-12-03,10.35237979888916,DANHOS13.MX
2013-12-04,10.336105346679688,DANHOS13.MX
2013-12-05,10.262885093688965,DANHOS13.MX
2013-12-06,10.157123565673828,DANHOS13.MX
2013-12-09,10.104246139526367,DANHOS13.MX
2013-12-10,10.075774192810059,DANHOS13.MX
2013-12-11,10.096107482910156,DANHOS13.MX
2013-12-13,10.031026840209961,DANHOS13.MX
2013-12-16,10.3117036819458,DANHOS13.MX
2013-12-17,10.108312606811523,DANHOS13.MX
2013-12-18,10.372718811035156,DANHOS13.MX
2013-12-19,10.128652572631836,DANHOS13.MX
2013-12-20,10.193737983703613,DANHOS13.MX
2013-12-23,10.169329643249512,DANHOS13.MX
2013-12-26,10.21000862121582,DANHOS13.MX
2013-12-27,10.348312377929688,DANHOS13.MX
2013-12-30,10.291363716125488,DANHOS13.MX
2014-01-02,10.258820533752441,DANHOS13.MX
2014-01-03,10.250686645507812,DANHOS13.MX
2014-01-06,10.218143463134766,DANHOS13.MX
2014-01-07,10.26695442199707,DANHOS13.MX
2014-01-08,10.169329643249512,DANHOS13.MX
2014-01-09,10.116446495056152,DANHOS13.MX
2014-01-10,10.230345726013184,DANHOS13.MX
2014-01-13,10.230345726013184,DANHOS13.MX
2014-01-14,10.169329643249512,DANHOS13.MX
2014-01-15,10.06764030456543,DANHOS13.MX
2014-01-16,10.169329643249512,DANHOS13.MX
2014-01-17,9.978148460388184,DANHOS13.MX
2014-01-20,10.16119384765625,DANHOS13.MX
2014-01-21,10.144925117492676,DANHOS13.MX
2014-01-22,10.144925117492676,DANHOS13.MX
2014-01-23,10.026959419250488,DANHOS13.MX
2014-01-24,10.014756202697754,DANHOS13.MX
2014-01-27,10.08797836303711,DANHOS13.MX
2014-01-28,10.169329643249512,DANHOS13.MX
2014-01-29,10.075774192810059,DANHOS13.MX
2014-01-30,10.279159545898438,DANHOS13.MX
2014-01-31,10.279159545898438,DANHOS13.MX
2014-02-04,10.35237979888916,DANHOS13.MX
2014-02-05,10.21000862121582,DANHOS13.MX
2014-02-06,10.295429229736328,DANHOS13.MX
2014-02-07,10.388986587524414,DANHOS13.MX
2014-02-10,10.226279258728027,DANHOS13.MX
2014-02-11,10.169329643249512,DANHOS13.MX
2014-02-12,10.226279258728027,DANHOS13.MX
2014-02-13,10.287294387817383,DANHOS13.MX
2014-02-14,10.364582061767578,DANHOS13.MX
2014-02-17,10.372718811035156,DANHOS13.MX
2014-02-18,10.368650436401367,DANHOS13.MX
2014-02-19,10.364582061767578,DANHOS13.MX
2014-02-20,10.3117036819458,DANHOS13.MX
2014-02-21,10.368650436401367,DANHOS13.MX
2014-02-24,10.364582061767578,DANHOS13.MX
2014-02-25,10.201876640319824,DANHOS13.MX
2014-02-26,10.38492202758789,DANHOS13.MX
2014-02-27,10.607810020446777,DANHOS13.MX
2014-02-28,10.649084091186523,DANHOS13.MX
2014-03-03,10.731633186340332,DANHOS13.MX
2014-03-04,10.702742576599121,DANHOS13.MX
2014-03-05,10.52525806427002,DANHOS13.MX
2014-03-06,10.545892715454102,DANHOS13.MX
2014-03-07,10.731633186340332,DANHOS13.MX
2014-03-10,10.752269744873047,DANHOS13.MX
2014-03-11,10.739892959594727,DANHOS13.MX
2014-03-12,10.669721603393555,DANHOS13.MX
2014-03-13,10.764656066894531,DANHOS13.MX
2014-03-14,10.595422744750977,DANHOS13.MX
2014-03-18,10.772911071777344,DANHOS13.MX
2014-03-19,10.772911071777344,DANHOS13.MX
2014-03-20,10.723379135131836,DANHOS13.MX
2014-03-21,10.772911071777344,DANHOS13.MX
2014-03-24,10.727505683898926,DANHOS13.MX
2014-03-25,10.834823608398438,DANHOS13.MX
2014-03-26,10.867842674255371,DANHOS13.MX
2014-03-27,10.913246154785156,DANHOS13.MX
2014-03-28,10.979289054870605,DANHOS13.MX
2014-03-31,10.975156784057617,DANHOS13.MX
2014-04-01,10.81005573272705,DANHOS13.MX
2014-04-02,10.764656066894531,DANHOS13.MX
2014-04-03,10.958648681640625,DANHOS13.MX
2014-04-04,11.049450874328613,DANHOS13.MX
2014-04-07,11.012310981750488,DANHOS13.MX
2014-04-08,10.88022518157959,DANHOS13.MX
2014-04-09,10.896738052368164,DANHOS13.MX
2014-04-10,10.896738052368164,DANHOS13.MX
2014-04-11,10.900862693786621,DANHOS13.MX
2014-04-14,11.057711601257324,DANHOS13.MX
2014-04-15,11.09073257446289,DANHOS13.MX
2014-04-16,11.247576713562012,DANHOS13.MX
2014-04-21,11.247576713562012,DANHOS13.MX
2014-04-22,11.226944923400879,DANHOS13.MX
2014-04-23,11.226944923400879,DANHOS13.MX
2014-04-24,11.144391059875488,DANHOS13.MX
2014-04-25,11.103116035461426,DANHOS13.MX
2014-04-28,10.958648681640625,DANHOS13.MX
2014-04-29,11.144391059875488,DANHOS13.MX
2014-04-30,11.065967559814453,DANHOS13.MX
2014-05-02,11.144391059875488,DANHOS13.MX
2014-05-05,11.247576713562012,DANHOS13.MX
2014-05-06,11.318897247314453,DANHOS13.MX
2014-05-07,11.369244575500488,DANHOS13.MX
2014-05-08,11.746818542480469,DANHOS13.MX
2014-05-09,11.746818542480469,DANHOS13.MX
2014-05-12,11.667108535766602,DANHOS13.MX
2014-05-13,11.956583023071289,DANHOS13.MX
2014-05-14,11.872679710388184,DANHOS13.MX
2014-05-15,11.730042457580566,DANHOS13.MX
2014-05-16,11.788769721984863,DANHOS13.MX
2014-05-19,11.914628028869629,DANHOS13.MX
2014-05-20,11.746818542480469,DANHOS13.MX
2014-05-21,11.851698875427246,DANHOS13.MX
2014-05-22,11.751012802124023,DANHOS13.MX
2014-05-23,11.956583023071289,DANHOS13.MX
2014-05-26,11.952390670776367,DANHOS13.MX
2014-05-27,12.036293029785156,DANHOS13.MX
2014-05-28,12.166346549987793,DANHOS13.MX
2014-05-29,12.430646896362305,DANHOS13.MX
2014-05-30,12.598459243774414,DANHOS13.MX
2014-06-02,12.581683158874512,DANHOS13.MX
2014-06-03,13.00540828704834,DANHOS13.MX
2014-06-04,13.39137077331543,DANHOS13.MX
2014-06-05,13.617918968200684,DANHOS13.MX
2014-06-06,13.202579498291016,DANHOS13.MX
2014-06-09,13.458498001098633,DANHOS13.MX
2014-06-10,13.42073917388916,DANHOS13.MX
2014-06-11,13.34103012084961,DANHOS13.MX
2014-06-12,13.416547775268555,DANHOS13.MX
2014-06-13,13.294881820678711,DANHOS13.MX
2014-06-16,13.479475975036621,DANHOS13.MX
2014-06-17,13.609527587890625,DANHOS13.MX
2014-06-18,13.282293319702148,DANHOS13.MX
2014-06-19,13.36620044708252,DANHOS13.MX
2014-06-20,13.82348918914795,DANHOS13.MX
2014-06-23,13.840266227722168,DANHOS13.MX
2014-06-24,13.69343376159668,DANHOS13.MX
2014-06-25,13.844465255737305,DANHOS13.MX
2014-06-26,13.928373336791992,DANHOS13.MX
2014-06-27,14.133938789367676,DANHOS13.MX
2014-06-30,14.666742324829102,DANHOS13.MX
2014-07-01,14.914263725280762,DANHOS13.MX
2014-07-02,14.826162338256836,DANHOS13.MX
2014-07-03,14.800994873046875,DANHOS13.MX
2014-07-04,14.796799659729004,DANHOS13.MX
2014-07-07,14.851334571838379,DANHOS13.MX
2014-07-08,14.805184364318848,DANHOS13.MX
2014-07-09,14.767433166503906,DANHOS13.MX
2014-07-10,14.847136497497559,DANHOS13.MX
2014-07-11,14.792598724365234,DANHOS13.MX
2014-07-14,14.767433166503906,DANHOS13.MX
2014-07-15,14.683521270751953,DANHOS13.MX
2014-07-16,14.683521270751953,DANHOS13.MX
2014-07-17,14.683521270751953,DANHOS13.MX
2014-07-18,14.645767211914062,DANHOS13.MX
2014-07-21,14.633182525634766,DANHOS13.MX
2014-07-22,14.662549018859863,DANHOS13.MX
2014-07-23,14.641570091247559,DANHOS13.MX
2014-07-24,14.687718391418457,DANHOS13.MX
2014-07-25,14.687718391418457,DANHOS13.MX
2014-07-28,14.687718391418457,DANHOS13.MX
2014-07-29,14.62059211730957,DANHOS13.MX
2014-07-30,14.683521270751953,DANHOS13.MX
2014-07-31,15.145009994506836,DANHOS13.MX
2014-08-01,14.893291473388672,DANHOS13.MX
2014-08-04,15.653668403625488,DANHOS13.MX
2014-08-05,15.292598724365234,DANHOS13.MX
2014-08-06,15.318085670471191,DANHOS13.MX
2014-08-07,15.25436782836914,DANHOS13.MX
2014-08-08,15.084443092346191,DANHOS13.MX
2014-08-11,14.93576717376709,DANHOS13.MX
2014-08-12,14.952760696411133,DANHOS13.MX
2014-08-13,14.944267272949219,DANHOS13.MX
2014-08-14,14.931513786315918,DANHOS13.MX
2014-08-15,14.867801666259766,DANHOS13.MX
2014-08-18,14.867801666259766,DANHOS13.MX
2014-08-19,14.83806324005127,DANHOS13.MX
2014-08-20,14.863553047180176,DANHOS13.MX
2014-08-21,14.867801666259766,DANHOS13.MX
2014-08-22,14.804078102111816,DANHOS13.MX
2014-08-25,14.863553047180176,DANHOS13.MX
2014-08-26,14.867801666259766,DANHOS13.MX
2014-08-27,14.897533416748047,DANHOS13.MX
2014-08-28,14.93576717376709,DANHOS13.MX
2014-08-29,14.969752311706543,DANHOS13.MX
2014-09-01,15.080199241638184,DANHOS13.MX
2014-09-02,14.944267272949219,DANHOS13.MX
2014-09-03,14.948508262634277,DANHOS13.MX
2014-09-04,14.927271842956543,DANHOS13.MX
2014-09-05,14.867801666259766,DANHOS13.MX
2014-09-08,15.07595443725586,DANHOS13.MX
2014-09-09,15.029220581054688,DANHOS13.MX
2014-09-10,15.02497386932373,DANHOS13.MX
2014-09-11,15.182147979736328,DANHOS13.MX
2014-09-12,15.19489574432373,DANHOS13.MX
2014-09-15,15.063206672668457,DANHOS13.MX
2014-09-17,14.969752311706543,DANHOS13.MX
2014-09-18,15.071701049804688,DANHOS13.MX
2014-09-19,15.279850006103516,DANHOS13.MX
2014-09-22,15.403039932250977,DANHOS13.MX
2014-09-23,15.4072904586792,DANHOS13.MX
2014-09-24,15.339320182800293,DANHOS13.MX
2014-09-25,15.555967330932617,DANHOS13.MX
2014-09-26,15.309588432312012,DANHOS13.MX
2014-09-29,15.12692642211914,DANHOS13.MX
2014-09-30,15.377554893493652,DANHOS13.MX
2014-10-01,15.148167610168457,DANHOS13.MX
2014-10-02,15.122673034667969,DANHOS13.MX
2014-10-03,15.092938423156738,DANHOS13.MX
2014-10-06,15.148167610168457,DANHOS13.MX
2014-10-07,15.267107009887695,DANHOS13.MX
2014-10-08,15.25436782836914,DANHOS13.MX
2014-10-09,15.041970252990723,DANHOS13.MX
2014-10-10,14.872041702270508,DANHOS13.MX
2014-10-13,14.867801666259766,DANHOS13.MX
2014-10-14,14.940011024475098,DANHOS13.MX
2014-10-15,14.668144226074219,DANHOS13.MX
2014-10-16,14.655403137207031,DANHOS13.MX
2014-10-17,14.72337532043457,DANHOS13.MX
2014-10-20,14.655403137207031,DANHOS13.MX
2014-10-21,14.570444107055664,DANHOS13.MX
2014-10-22,14.540709495544434,DANHOS13.MX
2014-10-23,14.273086547851562,DANHOS13.MX
2014-10-24,14.294332504272461,DANHOS13.MX
2014-10-27,14.375044822692871,DANHOS13.MX
2014-10-28,14.36229419708252,DANHOS13.MX
2014-10-29,14.307072639465332,DANHOS13.MX
2014-10-30,14.341058731079102,DANHOS13.MX
2014-10-31,14.502474784851074,DANHOS13.MX
2014-11-03,14.685140609741211,DANHOS13.MX
2014-11-04,15.063885688781738,DANHOS13.MX
2014-11-05,15.175792694091797,DANHOS13.MX
2014-11-06,15.261869430541992,DANHOS13.MX
2014-11-07,15.2489652633667,DANHOS13.MX
2014-11-10,15.046671867370605,DANHOS13.MX
2014-11-11,15.016544342041016,DANHOS13.MX
2014-11-12,15.046671867370605,DANHOS13.MX
2014-11-13,15.055279731750488,DANHOS13.MX
2014-11-14,15.098323822021484,DANHOS13.MX
2014-11-18,15.184398651123047,DANHOS13.MX
2014-11-19,15.19300365447998,DANHOS13.MX
2014-11-20,15.274785995483398,DANHOS13.MX
2014-11-21,15.26617431640625,DANHOS13.MX
2014-11-24,15.149968147277832,DANHOS13.MX
2014-11-25,15.102620124816895,DANHOS13.MX
2014-11-26,14.964900016784668,DANHOS13.MX
2014-11-27,15.167184829711914,DANHOS13.MX
2014-11-28,15.520112037658691,DANHOS13.MX
2014-12-01,15.403902053833008,DANHOS13.MX
2014-12-02,15.438333511352539,DANHOS13.MX
2014-12-03,15.584668159484863,DANHOS13.MX
2014-12-04,15.554543495178223,DANHOS13.MX
2014-12-05,15.485681533813477,DANHOS13.MX
2014-12-08,15.619093894958496,DANHOS13.MX
2014-12-09,15.610490798950195,DANHOS13.MX
2014-12-10,15.464157104492188,DANHOS13.MX
2014-12-11,15.502896308898926,DANHOS13.MX
2014-12-15,15.236044883728027,DANHOS13.MX
2014-12-16,15.038061141967773,DANHOS13.MX
2014-12-17,15.498588562011719,DANHOS13.MX
2014-12-18,15.42972469329834,DANHOS13.MX
2014-12-19,15.434026718139648,DANHOS13.MX
2014-12-22,15.459857940673828,DANHOS13.MX
2014-12-23,15.038061141967773,DANHOS13.MX
2014-12-24,15.300606727600098,DANHOS13.MX
2014-12-26,15.236044883728027,DANHOS13.MX
2014-12-29,15.231741905212402,DANHOS13.MX
2014-12-30,15.330731391906738,DANHOS13.MX
2014-12-31,15.636317253112793,DANHOS13.MX
2015-01-02,15.924678802490234,DANHOS13.MX
2015-01-05,15.072498321533203,DANHOS13.MX
2015-01-06,14.964900016784668,DANHOS13.MX
2015-01-07,15.063885688781738,DANHOS13.MX
2015-01-08,15.063885688781738,DANHOS13.MX
2015-01-09,15.063885688781738,DANHOS13.MX
2015-01-12,15.063885688781738,DANHOS13.MX
2015-01-13,14.80565071105957,DANHOS13.MX
2015-01-14,14.758312225341797,DANHOS13.MX
2015-01-15,15.012239456176758,DANHOS13.MX
2015-01-16,15.05097770690918,DANHOS13.MX
2015-01-19,15.059582710266113,DANHOS13.MX
2015-01-20,14.83147144317627,DANHOS13.MX
2015-01-21,14.848689079284668,DANHOS13.MX
2015-01-22,14.822867393493652,DANHOS13.MX
2015-01-23,14.848689079284668,DANHOS13.MX
2015-01-26,14.848689079284668,DANHOS13.MX
2015-01-27,14.83147144317627,DANHOS13.MX
2015-01-28,14.723872184753418,DANHOS13.MX
2015-01-29,14.792737007141113,DANHOS13.MX
2015-01-30,15.313515663146973,DANHOS13.MX
2015-02-03,15.834305763244629,DANHOS13.MX
2015-02-04,15.580364227294922,DANHOS13.MX
2015-02-05,15.799867630004883,DANHOS13.MX
2015-02-06,15.756829261779785,DANHOS13.MX
2015-02-09,15.545931816101074,DANHOS13.MX
2015-02-10,15.791254997253418,DANHOS13.MX
2015-02-11,15.834305763244629,DANHOS13.MX
2015-02-12,15.778348922729492,DANHOS13.MX
2015-02-13,15.731003761291504,DANHOS13.MX
2015-02-16,15.82138442993164,DANHOS13.MX
2015-02-17,15.705179214477539,DANHOS13.MX
2015-02-18,15.675049781799316,DANHOS13.MX
2015-02-19,15.726694107055664,DANHOS13.MX
2015-02-20,15.726694107055664,DANHOS13.MX
2015-02-23,15.520112037658691,DANHOS13.MX
2015-02-24,15.279088973999023,DANHOS13.MX
2015-02-25,15.5158052444458,DANHOS13.MX
2015-02-26,15.188701629638672,DANHOS13.MX
2015-02-27,15.68796157836914,DANHOS13.MX
2015-03-02,15.580364227294922,DANHOS13.MX
2015-03-03,15.756829261779785,DANHOS13.MX
2015-03-04,15.86012077331543,DANHOS13.MX
2015-03-05,15.986475944519043,DANHOS13.MX
2015-03-06,15.969051361083984,DANHOS13.MX
2015-03-09,15.947261810302734,DANHOS13.MX
2015-03-10,15.298046112060547,DANHOS13.MX
2015-03-11,15.459261894226074,DANHOS13.MX
2015-03-12,15.345974922180176,DANHOS13.MX
2015-03-13,15.298046112060547,DANHOS13.MX
2015-03-17,15.245760917663574,DANHOS13.MX
2015-03-18,15.162978172302246,DANHOS13.MX
2015-03-19,15.21961784362793,DANHOS13.MX
2015-03-20,15.463616371154785,DANHOS13.MX
2015-03-23,15.764265060424805,DANHOS13.MX
2015-03-24,15.768621444702148,DANHOS13.MX
2015-03-25,15.838340759277344,DANHOS13.MX
2015-03-26,15.816550254821777,DANHOS13.MX
2015-03-27,15.88191032409668,DANHOS13.MX
2015-03-30,15.87755012512207,DANHOS13.MX
2015-03-31,15.894984245300293,DANHOS13.MX
2015-04-01,15.807828903198242,DANHOS13.MX
2015-04-06,15.864480018615723,DANHOS13.MX
2015-04-07,15.855764389038086,DANHOS13.MX
2015-04-08,15.899337768554688,DANHOS13.MX
2015-04-09,15.90369987487793,DANHOS13.MX
2015-04-10,15.799120903015137,DANHOS13.MX
2015-04-13,15.816550254821777,DANHOS13.MX
2015-04-14,15.781692504882812,DANHOS13.MX
2015-04-15,15.90369987487793,DANHOS13.MX
2015-04-16,16.134624481201172,DANHOS13.MX
2015-04-17,16.121543884277344,DANHOS13.MX
2015-04-20,16.01262092590332,DANHOS13.MX
2015-04-21,15.833980560302734,DANHOS13.MX
2015-04-22,15.855764389038086,DANHOS13.MX
2015-04-23,15.982123374938965,DANHOS13.MX
2015-04-24,16.134624481201172,DANHOS13.MX
2015-04-27,16.247913360595703,DANHOS13.MX
2015-04-28,16.522415161132812,DANHOS13.MX
2015-04-29,16.557268142700195,DANHOS13.MX
2015-04-30,16.561622619628906,DANHOS13.MX
2015-05-04,16.88405990600586,DANHOS13.MX
2015-05-05,16.74026870727539,DANHOS13.MX
2015-05-06,16.483196258544922,DANHOS13.MX
2015-05-07,16.417842864990234,DANHOS13.MX
2015-05-08,16.26337432861328,DANHOS13.MX
2015-05-11,16.37371063232422,DANHOS13.MX
2015-05-12,16.281030654907227,DANHOS13.MX
2015-05-13,16.241308212280273,DANHOS13.MX
2015-05-14,16.30309295654297,DANHOS13.MX
2015-05-15,16.241308212280273,DANHOS13.MX
2015-05-18,16.285436630249023,DANHOS13.MX
2015-05-19,16.395776748657227,DANHOS13.MX
2015-05-20,16.49286460876465,DANHOS13.MX
2015-05-21,16.320741653442383,DANHOS13.MX
2015-05-22,16.329565048217773,DANHOS13.MX
2015-05-25,16.298677444458008,DANHOS13.MX
2015-05-26,16.74001121520996,DANHOS13.MX
2015-05-27,16.82387351989746,DANHOS13.MX
2015-05-28,16.74884605407715,DANHOS13.MX
2015-05-29,16.68705177307129,DANHOS13.MX
2015-06-01,16.567895889282227,DANHOS13.MX
2015-06-02,16.431081771850586,DANHOS13.MX
2015-06-03,16.700298309326172,DANHOS13.MX
2015-06-04,16.770910263061523,DANHOS13.MX
2015-06-05,16.695880889892578,DANHOS13.MX
2015-06-08,16.744426727294922,DANHOS13.MX
2015-06-09,16.62085723876953,DANHOS13.MX
2015-06-10,16.62085723876953,DANHOS13.MX
2015-06-11,16.37371063232422,DANHOS13.MX
2015-06-12,16.501691818237305,DANHOS13.MX
2015-06-15,16.59878921508789,DANHOS13.MX
2015-06-16,16.356054306030273,DANHOS13.MX
2015-06-17,16.51493263244629,DANHOS13.MX
2015-06-18,16.501691818237305,DANHOS13.MX
2015-06-19,16.65175437927246,DANHOS13.MX
2015-06-22,16.47962188720703,DANHOS13.MX
2015-06-23,16.54582977294922,DANHOS13.MX
2015-06-24,16.532594680786133,DANHOS13.MX
2015-06-25,16.567895889282227,DANHOS13.MX
2015-06-26,16.5634822845459,DANHOS13.MX
2015-06-29,16.589967727661133,DANHOS13.MX
2015-06-30,16.33839988708496,DANHOS13.MX
2015-07-01,16.060354232788086,DANHOS13.MX
2015-07-02,15.963261604309082,DANHOS13.MX
2015-07-03,15.963261604309082,DANHOS13.MX
2015-07-06,15.910299301147461,DANHOS13.MX
2015-07-07,15.905882835388184,DANHOS13.MX
2015-07-08,15.835272789001465,DANHOS13.MX
2015-07-09,15.88823127746582,DANHOS13.MX
2015-07-10,15.813201904296875,DANHOS13.MX
2015-07-13,15.857340812683105,DANHOS13.MX
2015-07-14,15.826443672180176,DANHOS13.MX
2015-07-15,15.733759880065918,DANHOS13.MX
2015-07-16,15.822031021118164,DANHOS13.MX
2015-07-17,15.799964904785156,DANHOS13.MX
2015-07-20,15.799964904785156,DANHOS13.MX
2015-07-21,15.77348804473877,DANHOS13.MX
2015-07-22,15.733759880065918,DANHOS13.MX
2015-07-23,15.68521785736084,DANHOS13.MX
2015-07-24,15.658735275268555,DANHOS13.MX
2015-07-27,15.62784481048584,DANHOS13.MX
2015-07-28,15.663148880004883,DANHOS13.MX
2015-07-29,15.799964904785156,DANHOS13.MX
2015-07-30,15.680809020996094,DANHOS13.MX
2015-07-31,15.663148880004883,DANHOS13.MX
2015-08-03,15.55722713470459,DANHOS13.MX
2015-08-04,15.654321670532227,DANHOS13.MX
2015-08-05,15.517509460449219,DANHOS13.MX
2015-08-06,15.491019248962402,DANHOS13.MX
2015-08-07,15.705873489379883,DANHOS13.MX
2015-08-10,15.808815002441406,DANHOS13.MX
2015-08-11,15.737197875976562,DANHOS13.MX
2015-08-12,15.665583610534668,DANHOS13.MX
2015-08-13,15.571590423583984,DANHOS13.MX
2015-08-14,15.383605003356934,DANHOS13.MX
2015-08-17,15.629780769348145,DANHOS13.MX
2015-08-18,15.602926254272461,DANHOS13.MX
2015-08-19,15.46417236328125,DANHOS13.MX
2015-08-20,15.473118782043457,DANHOS13.MX
2015-08-21,15.401512145996094,DANHOS13.MX
2015-08-24,15.003153800964355,DANHOS13.MX
2015-08-25,14.86440372467041,DANHOS13.MX
2015-08-26,14.756978988647461,DANHOS13.MX
2015-08-27,14.761456489562988,DANHOS13.MX
2015-08-28,15.106101036071777,DANHOS13.MX
2015-08-31,15.115055084228516,DANHOS13.MX
2015-09-01,14.8599271774292,DANHOS13.MX
2015-09-02,14.8599271774292,DANHOS13.MX
2015-09-03,15.177717208862305,DANHOS13.MX
2015-09-04,15.159811973571777,DANHOS13.MX
2015-09-07,15.155332565307617,DANHOS13.MX
2015-09-08,15.285137176513672,DANHOS13.MX
2015-09-09,15.428364753723145,DANHOS13.MX
2015-09-10,15.661107063293457,DANHOS13.MX
2015-09-11,15.620830535888672,DANHOS13.MX
2015-09-14,16.023658752441406,DANHOS13.MX
2015-09-15,16.453344345092773,DANHOS13.MX
2015-09-17,16.551807403564453,DANHOS13.MX
2015-09-18,16.02813148498535,DANHOS13.MX
2015-09-21,16.202693939208984,DANHOS13.MX
2015-09-22,15.996805191040039,DANHOS13.MX
2015-09-23,15.889382362365723,DANHOS13.MX
2015-09-24,15.804336547851562,DANHOS13.MX
2015-09-25,16.229543685913086,DANHOS13.MX
2015-09-28,16.23402214050293,DANHOS13.MX
2015-09-29,16.113174438476562,DANHOS13.MX
2015-09-30,15.987852096557617,DANHOS13.MX
2015-10-01,15.947564125061035,DANHOS13.MX
2015-10-02,15.920706748962402,DANHOS13.MX
2015-10-05,15.875956535339355,DANHOS13.MX
2015-10-06,15.880433082580566,DANHOS13.MX
2015-10-07,16.104225158691406,DANHOS13.MX
2015-10-08,16.140029907226562,DANHOS13.MX
2015-10-09,16.31458854675293,DANHOS13.MX
2015-10-12,16.323545455932617,DANHOS13.MX
2015-10-13,16.37277603149414,DANHOS13.MX
2015-10-14,16.57419204711914,DANHOS13.MX
2015-10-15,16.556289672851562,DANHOS13.MX
2015-10-16,16.806934356689453,DANHOS13.MX
2015-10-19,16.874067306518555,DANHOS13.MX
2015-10-20,17.263473510742188,DANHOS13.MX
2015-10-21,17.73792266845703,DANHOS13.MX
2015-10-22,17.608118057250977,DANHOS13.MX
2015-10-23,17.232147216796875,DANHOS13.MX
2015-10-26,17.071014404296875,DANHOS13.MX
2015-10-27,16.932260513305664,DANHOS13.MX
2015-10-28,16.990447998046875,DANHOS13.MX
2015-10-29,17.23662567138672,DANHOS13.MX
2015-10-30,17.308229446411133,DANHOS13.MX
2015-11-03,17.34404182434082,DANHOS13.MX
2015-11-04,17.106821060180664,DANHOS13.MX
2015-11-05,16.865123748779297,DANHOS13.MX
2015-11-06,16.88780403137207,DANHOS13.MX
2015-11-09,16.719968795776367,DANHOS13.MX
2015-11-10,16.49770164489746,DANHOS13.MX
2015-11-11,16.488630294799805,DANHOS13.MX
2015-11-12,16.63831901550293,DANHOS13.MX
2015-11-13,16.63831901550293,DANHOS13.MX
2015-11-17,16.611106872558594,DANHOS13.MX
2015-11-18,16.561203002929688,DANHOS13.MX
2015-11-19,16.597496032714844,DANHOS13.MX
2015-11-20,16.597496032714844,DANHOS13.MX
2015-11-23,16.579349517822266,DANHOS13.MX
2015-11-24,16.348012924194336,DANHOS13.MX
2015-11-25,16.461406707763672,DANHOS13.MX
2015-11-26,16.406978607177734,DANHOS13.MX
2015-11-27,16.588422775268555,DANHOS13.MX
2015-11-30,16.592958450317383,DANHOS13.MX
2015-12-01,16.25728988647461,DANHOS13.MX
2015-12-02,16.10306739807129,DANHOS13.MX
2015-12-03,16.0667724609375,DANHOS13.MX
2015-12-04,16.14842414855957,DANHOS13.MX
2015-12-07,16.284509658813477,DANHOS13.MX
2015-12-08,16.279964447021484,DANHOS13.MX
2015-12-09,16.23914909362793,DANHOS13.MX
2015-12-10,16.32079315185547,DANHOS13.MX
2015-12-11,15.898934364318848,DANHOS13.MX
2015-12-14,16.32533073425293,DANHOS13.MX
2015-12-15,16.329866409301758,DANHOS13.MX
2015-12-16,16.461406707763672,DANHOS13.MX
2015-12-17,16.33439826965332,DANHOS13.MX
2015-12-18,16.157495498657227,DANHOS13.MX
2015-12-21,16.14842414855957,DANHOS13.MX
2015-12-22,16.162031173706055,DANHOS13.MX
2015-12-23,16.121212005615234,DANHOS13.MX
2015-12-24,16.207393646240234,DANHOS13.MX
2015-12-28,16.089452743530273,DANHOS13.MX
2015-12-29,16.089452743530273,DANHOS13.MX
2015-12-30,16.098526000976562,DANHOS13.MX
2015-12-31,16.14842414855957,DANHOS13.MX
2016-01-04,16.18471336364746,DANHOS13.MX
2016-01-05,16.10759925842285,DANHOS13.MX
2016-01-06,16.10759925842285,DANHOS13.MX
2016-01-07,15.921612739562988,DANHOS13.MX
2016-01-08,16.04409408569336,DANHOS13.MX
2016-01-11,15.908007621765137,DANHOS13.MX
2016-01-12,15.844507217407227,DANHOS13.MX
2016-01-13,15.853577613830566,DANHOS13.MX
2016-01-14,15.753785133361816,DANHOS13.MX
2016-01-15,15.649455070495605,DANHOS13.MX
2016-01-18,15.499760627746582,DANHOS13.MX
2016-01-19,15.581417083740234,DANHOS13.MX
2016-01-20,15.413580894470215,DANHOS13.MX
2016-01-21,15.409043312072754,DANHOS13.MX
2016-01-22,15.409043312072754,DANHOS13.MX
2016-01-25,15.409043312072754,DANHOS13.MX
2016-01-26,15.2548189163208,DANHOS13.MX
2016-01-27,15.164093017578125,DANHOS13.MX
2016-01-28,15.481623649597168,DANHOS13.MX
2016-01-29,15.29110336303711,DANHOS13.MX
2016-02-02,15.046154975891113,DANHOS13.MX
2016-02-03,15.263887405395508,DANHOS13.MX
2016-02-04,15.418120384216309,DANHOS13.MX
2016-02-05,15.282027244567871,DANHOS13.MX
2016-02-08,15.282027244567871,DANHOS13.MX
2016-02-09,15.173166275024414,DANHOS13.MX
2016-02-10,15.21399211883545,DANHOS13.MX
2016-02-11,15.164093017578125,DANHOS13.MX
2016-02-12,15.136876106262207,DANHOS13.MX
2016-02-15,15.16862964630127,DANHOS13.MX
2016-02-16,14.978113174438477,DANHOS13.MX
2016-02-17,15.082443237304688,DANHOS13.MX
2016-02-18,15.0869779586792,DANHOS13.MX
2016-02-19,14.905536651611328,DANHOS13.MX
2016-02-22,14.832965850830078,DANHOS13.MX
2016-02-23,14.901002883911133,DANHOS13.MX
2016-02-24,15.014403343200684,DANHOS13.MX
2016-02-25,15.263887405395508,DANHOS13.MX
2016-02-26,15.499760627746582,DANHOS13.MX
2016-02-29,15.79007339477539,DANHOS13.MX
2016-03-01,15.649455070495605,DANHOS13.MX
2016-03-02,15.708422660827637,DANHOS13.MX
2016-03-03,15.595022201538086,DANHOS13.MX
2016-03-04,15.788405418395996,DANHOS13.MX
2016-03-07,15.447681427001953,DANHOS13.MX
2016-03-08,15.493725776672363,DANHOS13.MX
2016-03-09,15.424665451049805,DANHOS13.MX
2016-03-10,15.383217811584473,DANHOS13.MX
2016-03-11,15.406243324279785,DANHOS13.MX
2016-03-14,15.5121431350708,DANHOS13.MX
2016-03-15,15.903518676757812,DANHOS13.MX
2016-03-16,16.221216201782227,DANHOS13.MX
2016-03-17,16.363954544067383,DANHOS13.MX
2016-03-18,16.437620162963867,DANHOS13.MX
2016-03-22,16.161357879638672,DANHOS13.MX
2016-03-23,16.023231506347656,DANHOS13.MX
2016-03-28,16.156757354736328,DANHOS13.MX
2016-03-29,16.281076431274414,DANHOS13.MX
2016-03-30,16.497480392456055,DANHOS13.MX
2016-03-31,16.55733299255371,DANHOS13.MX
2016-04-01,16.90266990661621,DANHOS13.MX
2016-04-04,17.096040725708008,DANHOS13.MX
2016-04-05,16.94870948791504,DANHOS13.MX
2016-04-06,16.967126846313477,DANHOS13.MX
2016-04-07,16.99935531616211,DANHOS13.MX
2016-04-08,17.330869674682617,DANHOS13.MX
2016-04-11,17.105260848999023,DANHOS13.MX
2016-04-12,17.091445922851562,DANHOS13.MX
2016-04-13,16.8796443939209,DANHOS13.MX
2016-04-14,17.096040725708008,DANHOS13.MX
2016-04-15,17.013168334960938,DANHOS13.MX
2016-04-18,16.865827560424805,DANHOS13.MX
2016-04-19,17.363100051879883,DANHOS13.MX
2016-04-20,17.4874210357666,DANHOS13.MX
2016-04-21,17.35849952697754,DANHOS13.MX
2016-04-22,17.883398056030273,DANHOS13.MX
2016-04-25,17.52886199951172,DANHOS13.MX
2016-04-26,17.524255752563477,DANHOS13.MX
2016-04-27,17.61634063720703,DANHOS13.MX
2016-04-28,17.561094284057617,DANHOS13.MX
2016-04-29,17.754474639892578,DANHOS13.MX
2016-05-02,17.768287658691406,DANHOS13.MX
2016-05-03,17.588720321655273,DANHOS13.MX
2016-05-04,17.335479736328125,DANHOS13.MX
2016-05-05,17.404539108276367,DANHOS13.MX
2016-05-06,17.26180648803711,DANHOS13.MX
2016-05-09,17.159080505371094,DANHOS13.MX
2016-05-10,16.925628662109375,DANHOS13.MX
2016-05-11,16.790220260620117,DANHOS13.MX
2016-05-12,16.68283462524414,DANHOS13.MX
2016-05-13,16.659486770629883,DANHOS13.MX
2016-05-16,16.7808837890625,DANHOS13.MX
2016-05-17,16.327980041503906,DANHOS13.MX
2016-05-18,16.164560317993164,DANHOS13.MX
2016-05-19,15.991796493530273,DANHOS13.MX
2016-05-20,16.103862762451172,DANHOS13.MX
2016-05-23,16.127206802368164,DANHOS13.MX
2016-05-24,15.833054542541504,DANHOS13.MX
2016-05-25,15.767683982849121,DANHOS13.MX
2016-05-26,15.749000549316406,DANHOS13.MX
2016-05-27,15.594922065734863,DANHOS13.MX
2016-05-30,15.791025161743164,DANHOS13.MX
2016-05-31,15.89374828338623,DANHOS13.MX
2016-06-01,15.660292625427246,DANHOS13.MX
2016-06-02,15.62293815612793,DANHOS13.MX
2016-06-03,15.632277488708496,DANHOS13.MX
2016-06-06,15.833054542541504,DANHOS13.MX
2016-06-07,15.875069618225098,DANHOS13.MX
2016-06-08,15.781694412231445,DANHOS13.MX
2016-06-09,15.772351264953613,DANHOS13.MX
2016-06-10,15.865735054016113,DANHOS13.MX
2016-06-13,15.767683982849121,DANHOS13.MX
2016-06-14,15.865735054016113,DANHOS13.MX
2016-06-15,15.870407104492188,DANHOS13.MX
2016-06-16,15.875069618225098,DANHOS13.MX
2016-06-17,15.809703826904297,DANHOS13.MX
2016-06-20,15.987128257751465,DANHOS13.MX
2016-06-21,15.819045066833496,DANHOS13.MX
2016-06-22,15.753674507141113,DANHOS13.MX
2016-06-23,15.89374828338623,DANHOS13.MX
2016-06-24,15.85639762878418,DANHOS13.MX
2016-06-27,15.655619621276855,DANHOS13.MX
2016-06-28,15.319445610046387,DANHOS13.MX
2016-06-29,15.468854904174805,DANHOS13.MX
2016-06-30,15.529558181762695,DANHOS13.MX
2016-07-01,15.64161205291748,DANHOS13.MX
2016-07-04,15.496874809265137,DANHOS13.MX
2016-07-05,15.646281242370605,DANHOS13.MX
2016-07-06,15.64161205291748,DANHOS13.MX
2016-07-07,15.646281242370605,DANHOS13.MX
2016-07-08,15.68830680847168,DANHOS13.MX
2016-07-11,15.889081001281738,DANHOS13.MX
2016-07-12,15.889081001281738,DANHOS13.MX
2016-07-13,15.977790832519531,DANHOS13.MX
2016-07-14,16.075843811035156,DANHOS13.MX
2016-07-15,16.290626525878906,DANHOS13.MX
2016-07-18,16.06184196472168,DANHOS13.MX
2016-07-19,15.945112228393555,DANHOS13.MX
2016-07-20,16.06184196472168,DANHOS13.MX
2016-07-21,16.057170867919922,DANHOS13.MX
2016-07-22,16.295291900634766,DANHOS13.MX
2016-07-25,16.06184196472168,DANHOS13.MX
2016-07-26,15.847058296203613,DANHOS13.MX
2016-07-27,16.06184196472168,DANHOS13.MX
2016-07-28,15.945112228393555,DANHOS13.MX
2016-07-29,15.879738807678223,DANHOS13.MX
2016-08-01,15.98245906829834,DANHOS13.MX
2016-08-02,16.117870330810547,DANHOS13.MX
2016-08-03,15.931100845336914,DANHOS13.MX
2016-08-04,16.085182189941406,DANHOS13.MX
2016-08-05,16.094518661499023,DANHOS13.MX
2016-08-08,16.45491600036621,DANHOS13.MX
2016-08-09,16.791603088378906,DANHOS13.MX
2016-08-10,17.29426383972168,DANHOS13.MX
2016-08-11,17.014480590820312,DANHOS13.MX
2016-08-12,16.8769588470459,DANHOS13.MX
2016-08-15,16.777372360229492,DANHOS13.MX
2016-08-16,16.592439651489258,DANHOS13.MX
2016-08-17,16.554502487182617,DANHOS13.MX
2016-08-18,16.49285125732422,DANHOS13.MX
2016-08-19,16.5687313079834,DANHOS13.MX
2016-08-22,16.606660842895508,DANHOS13.MX
2016-08-23,16.43120765686035,DANHOS13.MX
2016-08-24,16.32687759399414,DANHOS13.MX
2016-08-25,16.02813148498535,DANHOS13.MX
2016-08-26,16.047096252441406,DANHOS13.MX
2016-08-29,15.890612602233887,DANHOS13.MX
2016-08-30,16.32687759399414,DANHOS13.MX
2016-08-31,16.388530731201172,DANHOS13.MX
2016-09-01,16.416982650756836,DANHOS13.MX
2016-09-02,16.45491600036621,DANHOS13.MX
2016-09-05,16.364816665649414,DANHOS13.MX
2016-09-06,16.26523780822754,DANHOS13.MX
2016-09-07,16.260488510131836,DANHOS13.MX
2016-09-08,16.165651321411133,DANHOS13.MX
2016-09-09,16.12297821044922,DANHOS13.MX
2016-09-12,16.11349105834961,DANHOS13.MX
2016-09-13,16.336366653442383,DANHOS13.MX
2016-09-14,16.402751922607422,DANHOS13.MX
2016-09-15,16.67778778076172,DANHOS13.MX
2016-09-19,16.307912826538086,DANHOS13.MX
2016-09-20,16.549762725830078,DANHOS13.MX
2016-09-21,16.379047393798828,DANHOS13.MX
2016-09-22,16.58769416809082,DANHOS13.MX
2016-09-23,16.772632598876953,DANHOS13.MX
2016-09-26,16.59717559814453,DANHOS13.MX
2016-09-27,16.801088333129883,DANHOS13.MX
2016-09-28,16.948095321655273,DANHOS13.MX
2016-09-29,16.141942977905273,DANHOS13.MX
2016-09-30,16.70624542236328,DANHOS13.MX
2016-10-03,16.606660842895508,DANHOS13.MX
2016-10-04,16.23678207397461,DANHOS13.MX
2016-10-05,16.559240341186523,DANHOS13.MX
2016-10-06,16.39801025390625,DANHOS13.MX
2016-10-07,16.146686553955078,DANHOS13.MX
2016-10-10,16.47862434387207,DANHOS13.MX
2016-10-11,16.47862434387207,DANHOS13.MX
2016-10-12,16.279455184936523,DANHOS13.MX
2016-10-13,16.469141006469727,DANHOS13.MX
2016-10-14,16.12297821044922,DANHOS13.MX
2016-10-17,16.6019229888916,DANHOS13.MX
2016-10-18,16.554502487182617,DANHOS13.MX
2016-10-19,16.483369827270508,DANHOS13.MX
2016-10-20,16.521303176879883,DANHOS13.MX
2016-10-21,16.549762725830078,DANHOS13.MX
2016-10-24,16.4738826751709,DANHOS13.MX
2016-10-25,16.39801025390625,DANHOS13.MX
2016-10-26,16.12297821044922,DANHOS13.MX
2016-10-27,16.4738826751709,DANHOS13.MX
2016-10-28,16.573469161987305,DANHOS13.MX
2016-10-31,16.412240982055664,DANHOS13.MX
2016-11-01,16.246267318725586,DANHOS13.MX
2016-11-03,16.284198760986328,DANHOS13.MX
2016-11-04,16.260488510131836,DANHOS13.MX
2016-11-07,16.45491600036621,DANHOS13.MX
2016-11-08,16.40192985534668,DANHOS13.MX
2016-11-09,16.281503677368164,DANHOS13.MX
2016-11-10,15.891329765319824,DANHOS13.MX
2016-11-11,14.484761238098145,DANHOS13.MX
2016-11-14,15.135055541992188,DANHOS13.MX
2016-11-15,15.39517593383789,DANHOS13.MX
2016-11-16,15.592668533325195,DANHOS13.MX
2016-11-17,15.298835754394531,DANHOS13.MX
2016-11-18,15.655294418334961,DANHOS13.MX
2016-11-22,15.5541353225708,DANHOS13.MX
2016-11-23,15.703462600708008,DANHOS13.MX
2016-11-24,15.703462600708008,DANHOS13.MX
2016-11-25,15.766083717346191,DANHOS13.MX
2016-11-28,15.74681568145752,DANHOS13.MX
2016-11-29,15.486699104309082,DANHOS13.MX
2016-11-30,15.443341255187988,DANHOS13.MX
2016-12-01,15.269932746887207,DANHOS13.MX
2016-12-02,15.1254243850708,DANHOS13.MX
2016-12-05,15.32773208618164,DANHOS13.MX
2016-12-06,15.809436798095703,DANHOS13.MX
2016-12-07,15.549318313598633,DANHOS13.MX
2016-12-08,15.35181713104248,DANHOS13.MX
2016-12-09,15.22657585144043,DANHOS13.MX
2016-12-13,15.31810188293457,DANHOS13.MX
2016-12-14,15.168776512145996,DANHOS13.MX
2016-12-15,15.1784086227417,DANHOS13.MX
2016-12-16,15.260296821594238,DANHOS13.MX
2016-12-19,15.000176429748535,DANHOS13.MX
2016-12-20,15.024264335632324,DANHOS13.MX
2016-12-21,15.029083251953125,DANHOS13.MX
2016-12-22,15.053169250488281,DANHOS13.MX
2016-12-23,14.523295402526855,DANHOS13.MX
2016-12-26,14.508846282958984,DANHOS13.MX
2016-12-27,14.402867317199707,DANHOS13.MX
2016-12-28,14.494391441345215,DANHOS13.MX
2016-12-29,14.72560977935791,DANHOS13.MX
2016-12-30,15.120606422424316,DANHOS13.MX
2017-01-02,15.120606422424316,DANHOS13.MX
2017-01-03,14.855669975280762,DANHOS13.MX
2017-01-04,14.682257652282715,DANHOS13.MX
2017-01-05,14.677438735961914,DANHOS13.MX
2017-01-06,14.292078018188477,DANHOS13.MX
2017-01-09,14.609999656677246,DANHOS13.MX
2017-01-10,14.557010650634766,DANHOS13.MX
2017-01-11,14.826765060424805,DANHOS13.MX
2017-01-12,14.720792770385742,DANHOS13.MX
2017-01-13,14.691888809204102,DANHOS13.MX
2017-01-16,14.672623634338379,DANHOS13.MX
2017-01-17,14.894203186035156,DANHOS13.MX
2017-01-18,14.874934196472168,DANHOS13.MX
2017-01-19,14.788228988647461,DANHOS13.MX
2017-01-20,14.764147758483887,DANHOS13.MX
2017-01-23,14.860486030578613,DANHOS13.MX
2017-01-24,14.97127914428711,DANHOS13.MX
2017-01-25,15.197674751281738,DANHOS13.MX
2017-01-26,14.976089477539062,DANHOS13.MX
2017-01-27,15.1880464553833,DANHOS13.MX
2017-01-30,15.077253341674805,DANHOS13.MX
2017-01-31,15.086884498596191,DANHOS13.MX
2017-02-01,14.985729217529297,DANHOS13.MX
2017-02-02,14.976089477539062,DANHOS13.MX
2017-02-03,14.96164321899414,DANHOS13.MX
2017-02-07,15.221761703491211,DANHOS13.MX
2017-02-08,15.000176429748535,DANHOS13.MX
2017-02-09,14.956820487976074,DANHOS13.MX
2017-02-10,15.0579833984375,DANHOS13.MX
2017-02-13,14.985729217529297,DANHOS13.MX
2017-02-14,14.995361328125,DANHOS13.MX
2017-02-15,15.004997253417969,DANHOS13.MX
2017-02-16,14.932737350463867,DANHOS13.MX
2017-02-17,14.96645736694336,DANHOS13.MX
2017-02-20,14.720792770385742,DANHOS13.MX
2017-02-21,14.932737350463867,DANHOS13.MX
2017-02-22,14.956820487976074,DANHOS13.MX
2017-02-23,15.04353141784668,DANHOS13.MX
2017-02-24,14.990547180175781,DANHOS13.MX
2017-02-27,14.903841018676758,DANHOS13.MX
2017-02-28,15.019444465637207,DANHOS13.MX
2017-03-01,14.952011108398438,DANHOS13.MX
2017-03-02,14.947192192077637,DANHOS13.MX
2017-03-03,14.97127914428711,DANHOS13.MX
2017-03-06,14.93756103515625,DANHOS13.MX
2017-03-07,15.212092399597168,DANHOS13.MX
2017-03-08,15.197383880615234,DANHOS13.MX
2017-03-09,15.167969703674316,DANHOS13.MX
2017-03-10,15.202286720275879,DANHOS13.MX
2017-03-13,15.202286720275879,DANHOS13.MX
2017-03-14,15.202286720275879,DANHOS13.MX
2017-03-15,15.18267822265625,DANHOS13.MX
2017-03-16,15.148365020751953,DANHOS13.MX
2017-03-17,15.216996192932129,DANHOS13.MX
2017-03-21,15.221895217895508,DANHOS13.MX
2017-03-22,15.167969703674316,DANHOS13.MX
2017-03-23,15.128754615783691,DANHOS13.MX
2017-03-24,15.084630012512207,DANHOS13.MX
2017-03-27,15.025802612304688,DANHOS13.MX
2017-03-28,15.011093139648438,DANHOS13.MX
2017-03-29,15.074828147888184,DANHOS13.MX
2017-03-30,15.476816177368164,DANHOS13.MX
2017-03-31,15.197383880615234,DANHOS13.MX
2017-04-03,15.3199462890625,DANHOS13.MX
2017-04-04,15.383673667907715,DANHOS13.MX
2017-04-05,15.501334190368652,DANHOS13.MX
2017-04-06,15.275824546813965,DANHOS13.MX
2017-04-07,15.579771041870117,DANHOS13.MX
2017-04-10,15.520940780639648,DANHOS13.MX
2017-04-11,15.550357818603516,DANHOS13.MX
2017-04-12,15.584670066833496,DANHOS13.MX
2017-04-17,15.687623023986816,DANHOS13.MX
2017-04-18,16.07981300354004,DANHOS13.MX
2017-04-19,16.10922622680664,DANHOS13.MX
2017-04-20,16.006282806396484,DANHOS13.MX
2017-04-21,16.06020736694336,DANHOS13.MX
2017-04-24,16.334735870361328,DANHOS13.MX
2017-04-25,16.324932098388672,DANHOS13.MX
2017-04-26,16.320032119750977,DANHOS13.MX
2017-04-27,16.158248901367188,DANHOS13.MX
2017-04-28,15.92293643951416,DANHOS13.MX
2017-05-02,16.065105438232422,DANHOS13.MX
2017-05-03,16.12883949279785,DANHOS13.MX
2017-05-04,16.163158416748047,DANHOS13.MX
2017-05-05,16.207275390625,DANHOS13.MX
2017-05-08,16.354345321655273,DANHOS13.MX
2017-05-09,16.439865112304688,DANHOS13.MX
2017-05-10,16.474510192871094,DANHOS13.MX
2017-05-11,16.479455947875977,DANHOS13.MX
2017-05-12,16.469558715820312,DANHOS13.MX
2017-05-15,16.479455947875977,DANHOS13.MX
2017-05-16,16.479455947875977,DANHOS13.MX
2017-05-17,16.49430274963379,DANHOS13.MX
2017-05-18,16.316146850585938,DANHOS13.MX
2017-05-19,16.469558715820312,DANHOS13.MX
2017-05-22,16.519044876098633,DANHOS13.MX
2017-05-23,16.49430274963379,DANHOS13.MX
2017-05-24,16.33594512939453,DANHOS13.MX
2017-05-25,16.454710006713867,DANHOS13.MX
2017-05-26,16.474510192871094,DANHOS13.MX
2017-05-29,16.469558715820312,DANHOS13.MX
2017-05-30,16.43491554260254,DANHOS13.MX
2017-05-31,16.157787322998047,DANHOS13.MX
2017-06-01,16.0241641998291,DANHOS13.MX
2017-06-02,16.390378952026367,DANHOS13.MX
2017-06-05,16.375532150268555,DANHOS13.MX
2017-06-06,16.1528377532959,DANHOS13.MX
2017-06-07,16.108295440673828,DANHOS13.MX
2017-06-08,16.13798713684082,DANHOS13.MX
2017-06-09,16.08355140686035,DANHOS13.MX
2017-06-12,15.954882621765137,DANHOS13.MX
2017-06-13,15.82126522064209,DANHOS13.MX
2017-06-14,15.638163566589355,DANHOS13.MX
2017-06-15,15.643107414245605,DANHOS13.MX
2017-06-16,16.558635711669922,DANHOS13.MX
2017-06-19,16.108295440673828,DANHOS13.MX
2017-06-20,16.03406524658203,DANHOS13.MX
2017-06-21,15.910346031188965,DANHOS13.MX
2017-06-22,16.558635711669922,DANHOS13.MX
2017-06-23,16.06870460510254,DANHOS13.MX
2017-06-26,16.09345054626465,DANHOS13.MX
2017-06-27,16.058809280395508,DANHOS13.MX
2017-06-28,16.029117584228516,DANHOS13.MX
2017-06-29,16.0885009765625,DANHOS13.MX
2017-06-30,16.167680740356445,DANHOS13.MX
2017-07-03,16.108295440673828,DANHOS13.MX
2017-07-04,16.217164993286133,DANHOS13.MX
2017-07-05,16.26170539855957,DANHOS13.MX
2017-07-06,15.949935913085938,DANHOS13.MX
2017-07-07,15.974681854248047,DANHOS13.MX
2017-07-10,15.935088157653809,DANHOS13.MX
2017-07-11,15.969732284545898,DANHOS13.MX
2017-07-12,15.895498275756836,DANHOS13.MX
2017-07-13,15.979632377624512,DANHOS13.MX
2017-07-14,16.058809280395508,DANHOS13.MX
2017-07-17,16.078601837158203,DANHOS13.MX
2017-07-18,16.00932502746582,DANHOS13.MX
2017-07-19,15.969732284545898,DANHOS13.MX
2017-07-20,15.836111068725586,DANHOS13.MX
2017-07-21,15.786622047424316,DANHOS13.MX
2017-07-24,15.712392807006836,DANHOS13.MX
2017-07-25,15.692594528198242,DANHOS13.MX
2017-07-26,16.053855895996094,DANHOS13.MX
2017-07-27,15.816314697265625,DANHOS13.MX
2017-07-28,15.82126522064209,DANHOS13.MX
2017-07-31,15.702495574951172,DANHOS13.MX
2017-08-01,15.653011322021484,DANHOS13.MX
2017-08-02,15.836111068725586,DANHOS13.MX
2017-08-03,15.826213836669922,DANHOS13.MX
2017-08-04,15.72006607055664,DANHOS13.MX
2017-08-07,15.725049018859863,DANHOS13.MX
2017-08-08,15.725049018859863,DANHOS13.MX
2017-08-09,15.5806884765625,DANHOS13.MX
2017-08-10,15.51597785949707,DANHOS13.MX
2017-08-11,15.486108779907227,DANHOS13.MX
2017-08-14,15.481133460998535,DANHOS13.MX
2017-08-15,15.416417121887207,DANHOS13.MX
2017-08-16,15.197396278381348,DANHOS13.MX
2017-08-17,15.35668659210205,DANHOS13.MX
2017-08-18,15.361662864685059,DANHOS13.MX
2017-08-21,15.426373481750488,DANHOS13.MX
2017-08-22,15.51597785949707,DANHOS13.MX
2017-08-23,15.331791877746582,DANHOS13.MX
2017-08-24,15.321840286254883,DANHOS13.MX
2017-08-25,15.331791877746582,DANHOS13.MX
2017-08-28,15.351710319519043,DANHOS13.MX
2017-08-29,15.645401000976562,DANHOS13.MX
2017-08-30,15.202369689941406,DANHOS13.MX
2017-08-31,15.535888671875,DANHOS13.MX
2017-09-01,15.321840286254883,DANHOS13.MX
2017-09-04,15.212328910827637,DANHOS13.MX
2017-09-05,15.192413330078125,DANHOS13.MX
2017-09-06,15.212328910827637,DANHOS13.MX
2017-09-07,15.212328910827637,DANHOS13.MX
2017-09-08,15.112768173217773,DANHOS13.MX
2017-09-11,15.127702713012695,DANHOS13.MX
2017-09-12,15.431354522705078,DANHOS13.MX
2017-09-13,15.560778617858887,DANHOS13.MX
2017-09-14,15.501039505004883,DANHOS13.MX
2017-09-15,15.829581260681152,DANHOS13.MX
2017-09-18,15.60558032989502,DANHOS13.MX
2017-09-19,15.610556602478027,DANHOS13.MX
2017-09-20,15.506016731262207,DANHOS13.MX
2017-09-21,15.506016731262207,DANHOS13.MX
2017-09-22,15.535888671875,DANHOS13.MX
2017-09-25,15.869403839111328,DANHOS13.MX
2017-09-26,15.441306114196777,DANHOS13.MX
2017-09-27,15.436332702636719,DANHOS13.MX
2017-09-28,15.784782409667969,DANHOS13.MX
2017-09-29,15.525935173034668,DANHOS13.MX
2017-10-02,15.670284271240234,DANHOS13.MX
2017-10-03,15.60558032989502,DANHOS13.MX
2017-10-04,15.929136276245117,DANHOS13.MX
2017-10-05,15.944069862365723,DANHOS13.MX
2017-10-06,15.710108757019043,DANHOS13.MX
2017-10-09,15.784782409667969,DANHOS13.MX
2017-10-10,15.4014892578125,DANHOS13.MX
2017-10-11,15.1426362991333,DANHOS13.MX
2017-10-12,15.07294750213623,DANHOS13.MX
2017-10-13,15.082900047302246,DANHOS13.MX
2017-10-16,15.491086959838867,DANHOS13.MX
2017-10-17,15.376595497131348,DANHOS13.MX
2017-10-18,15.137654304504395,DANHOS13.MX
2017-10-19,15.501039505004883,DANHOS13.MX
2017-10-20,15.675268173217773,DANHOS13.MX
2017-10-23,15.466196060180664,DANHOS13.MX
2017-10-24,15.73997688293457,DANHOS13.MX
2017-10-25,15.331791877746582,DANHOS13.MX
2017-10-26,15.346732139587402,DANHOS13.MX
2017-10-27,15.351710319519043,DANHOS13.MX
2017-10-30,15.28201961517334,DANHOS13.MX
2017-10-31,16.16806983947754,DANHOS13.MX
2017-11-01,15.660334587097168,DANHOS13.MX
2017-11-03,15.665308952331543,DANHOS13.MX
2017-11-06,16.060747146606445,DANHOS13.MX
2017-11-07,16.040468215942383,DANHOS13.MX
2017-11-08,16.065820693969727,DANHOS13.MX
2017-11-09,16.40548324584961,DANHOS13.MX
2017-11-10,16.111446380615234,DANHOS13.MX
2017-11-13,16.05060577392578,DANHOS13.MX
2017-11-14,15.852888107299805,DANHOS13.MX
2017-11-15,16.21790885925293,DANHOS13.MX
2017-11-16,16.10130500793457,DANHOS13.MX
2017-11-17,16.385204315185547,DANHOS13.MX
2017-11-21,16.11651611328125,DANHOS13.MX
2017-11-22,16.086095809936523,DANHOS13.MX
2017-11-23,16.258468627929688,DANHOS13.MX
2017-11-24,16.319299697875977,DANHOS13.MX
2017-11-27,16.2736759185791,DANHOS13.MX
2017-11-28,16.157072067260742,DANHOS13.MX
2017-11-29,16.141862869262695,DANHOS13.MX
2017-11-30,16.07088851928711,DANHOS13.MX
2017-12-01,16.075958251953125,DANHOS13.MX
2017-12-04,15.888375282287598,DANHOS13.MX
2017-12-05,15.614614486694336,DANHOS13.MX
2017-12-06,15.538572311401367,DANHOS13.MX
2017-12-07,15.863024711608887,DANHOS13.MX
2017-12-08,15.802196502685547,DANHOS13.MX
2017-12-11,15.645036697387695,DANHOS13.MX
2017-12-13,15.624755859375,DANHOS13.MX
2017-12-14,15.716010093688965,DANHOS13.MX
2017-12-15,16.07088851928711,DANHOS13.MX
2017-12-18,16.075958251953125,DANHOS13.MX
2017-12-19,15.716010093688965,DANHOS13.MX
2017-12-20,15.817400932312012,DANHOS13.MX
2017-12-21,15.44731616973877,DANHOS13.MX
2017-12-22,15.224249839782715,DANHOS13.MX
2017-12-26,15.259735107421875,DANHOS13.MX
2017-12-27,15.350993156433105,DANHOS13.MX
2017-12-28,15.386476516723633,DANHOS13.MX
2017-12-29,15.518293380737305,DANHOS13.MX
2018-01-02,15.903587341308594,DANHOS13.MX
2018-01-03,15.690661430358887,DANHOS13.MX
2018-01-04,15.913723945617676,DANHOS13.MX
2018-01-05,16.197628021240234,DANHOS13.MX
2018-01-08,16.21790885925293,DANHOS13.MX
2018-01-09,16.222978591918945,DANHOS13.MX
2018-01-10,15.868095397949219,DANHOS13.MX
2018-01-11,15.908656120300293,DANHOS13.MX
2018-01-12,15.923864364624023,DANHOS13.MX
2018-01-15,15.797122955322266,DANHOS13.MX
2018-01-16,15.822469711303711,DANHOS13.MX
2018-01-17,15.802196502685547,DANHOS13.MX
2018-01-18,15.650101661682129,DANHOS13.MX
2018-01-19,15.498011589050293,DANHOS13.MX
2018-01-22,15.513221740722656,DANHOS13.MX
2018-01-23,15.716010093688965,DANHOS13.MX
2018-01-24,16.060747146606445,DANHOS13.MX
2018-01-25,16.10637664794922,DANHOS13.MX
2018-01-26,15.944143295288086,DANHOS13.MX
2018-01-29,15.695730209350586,DANHOS13.MX
2018-01-30,15.716010093688965,DANHOS13.MX
2018-01-31,15.665308952331543,DANHOS13.MX
2018-02-01,15.513221740722656,DANHOS13.MX
2018-02-02,15.462522506713867,DANHOS13.MX
2018-02-06,15.153276443481445,DANHOS13.MX
2018-02-07,14.975835800170898,DANHOS13.MX
2018-02-08,15.209039688110352,DANHOS13.MX
2018-02-09,14.991043090820312,DANHOS13.MX
2018-02-12,15.143135070800781,DANHOS13.MX
2018-02-13,15.320572853088379,DANHOS13.MX
2018-02-14,15.710936546325684,DANHOS13.MX
2018-02-15,15.710936546325684,DANHOS13.MX
2018-02-16,15.315505981445312,DANHOS13.MX
2018-02-19,15.209039688110352,DANHOS13.MX
2018-02-20,15.716010093688965,DANHOS13.MX
2018-02-21,15.067090034484863,DANHOS13.MX
2018-02-22,15.14820384979248,DANHOS13.MX
2018-02-23,15.41689395904541,DANHOS13.MX
2018-02-26,15.589265823364258,DANHOS13.MX
2018-02-27,15.452384948730469,DANHOS13.MX
2018-02-28,15.437174797058105,DANHOS13.MX
2018-03-01,15.188765525817871,DANHOS13.MX
2018-03-02,15.295228958129883,DANHOS13.MX
2018-03-05,15.107648849487305,DANHOS13.MX
2018-03-06,15.193833351135254,DANHOS13.MX
2018-03-07,15.244527816772461,DANHOS13.MX
2018-03-08,15.249600410461426,DANHOS13.MX
2018-03-09,15.757071495056152,DANHOS13.MX
2018-03-12,15.556705474853516,DANHOS13.MX
2018-03-13,15.45909309387207,DANHOS13.MX
2018-03-14,15.592666625976562,DANHOS13.MX
2018-03-15,15.741659164428711,DANHOS13.MX
2018-03-16,15.746798515319824,DANHOS13.MX
2018-03-20,15.371749877929688,DANHOS13.MX
2018-03-21,15.808446884155273,DANHOS13.MX
2018-03-22,15.60293960571289,DANHOS13.MX
2018-03-23,15.551568984985352,DANHOS13.MX
2018-03-26,15.453958511352539,DANHOS13.MX
2018-03-27,15.50019645690918,DANHOS13.MX
2018-03-28,15.520744323730469,DANHOS13.MX
2018-04-02,15.371749877929688,DANHOS13.MX
2018-04-03,15.423128128051758,DANHOS13.MX
2018-04-04,15.551568984985352,DANHOS13.MX
2018-04-05,15.587529182434082,DANHOS13.MX
2018-04-06,15.669733047485352,DANHOS13.MX
2018-04-09,15.53101634979248,DANHOS13.MX
2018-04-10,15.65945816040039,DANHOS13.MX
2018-04-11,15.49505615234375,DANHOS13.MX
2018-04-12,15.864961624145508,DANHOS13.MX
2018-04-13,15.818723678588867,DANHOS13.MX
2018-04-16,16.255420684814453,DANHOS13.MX
2018-04-17,16.075603485107422,DANHOS13.MX
2018-04-18,16.193771362304688,DANHOS13.MX
2018-04-19,16.31707763671875,DANHOS13.MX
2018-04-20,16.3530330657959,DANHOS13.MX
2018-04-23,16.728084564208984,DANHOS13.MX
2018-04-24,16.68697738647461,DANHOS13.MX
2018-04-25,16.692119598388672,DANHOS13.MX
2018-04-26,16.681846618652344,DANHOS13.MX
2018-04-27,16.568819046020508,DANHOS13.MX
2018-04-30,17.08771514892578,DANHOS13.MX
2018-05-02,16.512298583984375,DANHOS13.MX
2018-05-03,16.37872314453125,DANHOS13.MX
2018-05-04,16.409549713134766,DANHOS13.MX
2018-05-07,15.880372047424316,DANHOS13.MX
2018-05-08,16.02936363220215,DANHOS13.MX
2018-05-09,15.79817008972168,DANHOS13.MX
2018-05-10,15.947162628173828,DANHOS13.MX
2018-05-11,15.669733047485352,DANHOS13.MX
2018-05-14,15.70055866241455,DANHOS13.MX
2018-05-15,15.669733047485352,DANHOS13.MX
2018-05-16,15.726247787475586,DANHOS13.MX
2018-05-17,15.746798515319824,DANHOS13.MX
2018-05-18,15.710835456848145,DANHOS13.MX
2018-05-21,15.829002380371094,DANHOS13.MX
2018-05-22,15.644044876098633,DANHOS13.MX
2018-05-23,15.829002380371094,DANHOS13.MX
2018-05-24,15.731390953063965,DANHOS13.MX
2018-05-25,15.669733047485352,DANHOS13.MX
2018-05-28,15.664596557617188,DANHOS13.MX
2018-05-29,15.572121620178223,DANHOS13.MX
2018-05-30,15.669733047485352,DANHOS13.MX
2018-05-31,15.644044876098633,DANHOS13.MX
2018-06-01,15.65945816040039,DANHOS13.MX
2018-06-04,15.654319763183594,DANHOS13.MX
2018-06-05,15.469366073608398,DANHOS13.MX
2018-06-06,15.4385404586792,DANHOS13.MX
2018-06-07,15.505327224731445,DANHOS13.MX
2018-06-08,15.346064567565918,DANHOS13.MX
2018-06-11,15.397439956665039,DANHOS13.MX
2018-06-12,15.294686317443848,DANHOS13.MX
2018-06-13,15.361474990844727,DANHOS13.MX
2018-06-14,15.325509071350098,DANHOS13.MX
2018-06-15,15.484780311584473,DANHOS13.MX
2018-06-18,15.407716751098633,DANHOS13.MX
2018-06-19,15.176519393920898,DANHOS13.MX
2018-06-20,15.310100555419922,DANHOS13.MX
2018-06-21,15.371749877929688,DANHOS13.MX
2018-06-22,15.335789680480957,DANHOS13.MX
2018-06-25,15.397439956665039,DANHOS13.MX
2018-06-26,15.356340408325195,DANHOS13.MX
2018-06-27,15.397439956665039,DANHOS13.MX
2018-06-28,15.2587251663208,DANHOS13.MX
2018-06-29,15.161109924316406,DANHOS13.MX
2018-07-02,15.155972480773926,DANHOS13.MX
2018-07-03,15.320372581481934,DANHOS13.MX
2018-07-04,15.412853240966797,DANHOS13.MX
2018-07-05,15.407716751098633,DANHOS13.MX
2018-07-06,15.35119915008545,DANHOS13.MX
2018-07-09,15.402578353881836,DANHOS13.MX
2018-07-10,15.2587251663208,DANHOS13.MX
2018-07-11,15.402578353881836,DANHOS13.MX
2018-07-12,15.397439956665039,DANHOS13.MX
2018-07-13,15.356340408325195,DANHOS13.MX
2018-07-16,15.212485313415527,DANHOS13.MX
2018-07-17,15.171382904052734,DANHOS13.MX
2018-07-18,15.469366073608398,DANHOS13.MX
2018-07-19,15.387166023254395,DANHOS13.MX
2018-07-20,15.489916801452637,DANHOS13.MX
2018-07-23,15.56184196472168,DANHOS13.MX
2018-07-24,15.618359565734863,DANHOS13.MX
2018-07-25,15.664596557617188,DANHOS13.MX
2018-07-26,15.618359565734863,DANHOS13.MX
2018-07-27,15.736522674560547,DANHOS13.MX
2018-07-30,15.85982608795166,DANHOS13.MX
2018-07-31,15.746798515319824,DANHOS13.MX
2018-08-01,16.224594116210938,DANHOS13.MX
2018-08-02,15.823864936828613,DANHOS13.MX
2018-08-03,15.98311996459961,DANHOS13.MX
2018-08-06,15.936885833740234,DANHOS13.MX
2018-08-07,16.72797203063965,DANHOS13.MX
2018-08-08,16.528892517089844,DANHOS13.MX
2018-08-09,16.387439727783203,DANHOS13.MX
2018-08-10,16.298368453979492,DANHOS13.MX
2018-08-13,16.204072952270508,DANHOS13.MX
2018-08-14,16.24074935913086,DANHOS13.MX
2018-08-15,16.256465911865234,DANHOS13.MX
2018-08-16,16.329809188842773,DANHOS13.MX
2018-08-17,16.644147872924805,DANHOS13.MX
2018-08-20,16.4450626373291,DANHOS13.MX
2018-08-21,16.633670806884766,DANHOS13.MX
2018-08-22,16.79607582092285,DANHOS13.MX
2018-08-23,16.712251663208008,DANHOS13.MX
2018-08-24,16.62843132019043,DANHOS13.MX
2018-08-27,16.712251663208008,DANHOS13.MX
2018-08-28,16.60747718811035,DANHOS13.MX
2018-08-29,16.654624938964844,DANHOS13.MX
2018-08-30,16.68605613708496,DANHOS13.MX
2018-08-31,16.555086135864258,DANHOS13.MX
2018-09-03,16.675579071044922,DANHOS13.MX
2018-09-04,16.513174057006836,DANHOS13.MX
2018-09-05,16.41363525390625,DANHOS13.MX
2018-09-06,16.4450626373291,DANHOS13.MX
2018-09-07,16.528892517089844,DANHOS13.MX
2018-09-10,16.48173713684082,DANHOS13.MX
2018-09-11,16.403156280517578,DANHOS13.MX
2018-09-12,16.460784912109375,DANHOS13.MX
2018-09-13,16.4450626373291,DANHOS13.MX
2018-09-14,16.282657623291016,DANHOS13.MX
2018-09-17,16.24074935913086,DANHOS13.MX
2018-09-18,16.214553833007812,DANHOS13.MX
2018-09-19,16.324569702148438,DANHOS13.MX
2018-09-20,16.340286254882812,DANHOS13.MX
2018-09-21,15.507295608520508,DANHOS13.MX
2018-09-24,15.79543685913086,DANHOS13.MX
2018-09-25,15.894974708557129,DANHOS13.MX
2018-09-26,16.02071189880371,DANHOS13.MX
2018-09-27,16.204072952270508,DANHOS13.MX
2018-09-28,15.884496688842773,DANHOS13.MX
2018-10-01,15.868780136108398,DANHOS13.MX
2018-10-02,15.926413536071777,DANHOS13.MX
2018-10-03,15.832109451293945,DANHOS13.MX
2018-10-04,15.706376075744629,DANHOS13.MX
2018-10-05,15.706376075744629,DANHOS13.MX
2018-10-08,15.606836318969727,DANHOS13.MX
2018-10-09,15.52301025390625,DANHOS13.MX
2018-10-10,15.454906463623047,DANHOS13.MX
2018-10-11,15.538728713989258,DANHOS13.MX
2018-10-12,15.392040252685547,DANHOS13.MX
2018-10-15,15.454906463623047,DANHOS13.MX
2018-10-16,15.449665069580078,DANHOS13.MX
2018-10-17,15.323930740356445,DANHOS13.MX
2018-10-18,15.13532829284668,DANHOS13.MX
2018-10-19,15.161524772644043,DANHOS13.MX
2018-10-22,14.925773620605469,DANHOS13.MX
2018-10-23,15.114378929138184,DANHOS13.MX
2018-10-24,15.192954063415527,DANHOS13.MX
2018-10-25,14.962442398071289,DANHOS13.MX
2018-10-26,14.962442398071289,DANHOS13.MX
2018-10-29,14.616669654846191,DANHOS13.MX
2018-10-30,14.511893272399902,DANHOS13.MX
2018-10-31,14.014192581176758,DANHOS13.MX
2018-11-01,14.307575225830078,DANHOS13.MX
2018-11-05,14.391399383544922,DANHOS13.MX
2018-11-06,14.428901672363281,DANHOS13.MX
2018-11-07,14.562851905822754,DANHOS13.MX
2018-11-08,14.391399383544922,DANHOS13.MX
2018-11-09,13.753807067871094,DANHOS13.MX
2018-11-12,13.919902801513672,DANHOS13.MX
2018-11-13,13.662721633911133,DANHOS13.MX
2018-11-14,13.405540466308594,DANHOS13.MX
2018-11-15,13.523416519165039,DANHOS13.MX
2018-11-16,13.571632385253906,DANHOS13.MX
2018-11-20,13.180505752563477,DANHOS13.MX
2018-11-21,12.725080490112305,DANHOS13.MX
2018-11-22,12.746512413024902,DANHOS13.MX
2018-11-23,12.564345359802246,DANHOS13.MX
2018-11-26,12.725080490112305,DANHOS13.MX
2018-11-27,12.29644775390625,DANHOS13.MX
2018-11-28,12.762588500976562,DANHOS13.MX
2018-11-29,12.923323631286621,DANHOS13.MX
2018-11-30,12.869743347167969,DANHOS13.MX
2018-12-03,12.639351844787598,DANHOS13.MX
2018-12-04,12.62328052520752,DANHOS13.MX
2018-12-05,12.794734001159668,DANHOS13.MX
2018-12-06,12.730439186096191,DANHOS13.MX
2018-12-07,12.650073051452637,DANHOS13.MX
2018-12-10,12.532194137573242,DANHOS13.MX
2018-12-11,12.57506275177002,DANHOS13.MX
2018-12-13,12.569704055786133,DANHOS13.MX
2018-12-14,12.81616497039795,DANHOS13.MX
2018-12-17,12.69293212890625,DANHOS13.MX
2018-12-18,12.660785675048828,DANHOS13.MX
2018-12-19,12.425040245056152,DANHOS13.MX
2018-12-20,12.773303985595703,DANHOS13.MX
2018-12-21,12.896533012390137,DANHOS13.MX
2018-12-24,12.612560272216797,DANHOS13.MX
2018-12-26,12.585774421691895,DANHOS13.MX
2018-12-27,12.403602600097656,DANHOS13.MX
2018-12-28,12.30716609954834,DANHOS13.MX
2018-12-31,12.446468353271484,DANHOS13.MX
2019-01-02,12.746512413024902,DANHOS13.MX
2019-01-03,12.773303985595703,DANHOS13.MX
2019-01-04,12.7679443359375,DANHOS13.MX
2019-01-07,12.853675842285156,DANHOS13.MX
2019-01-08,13.105496406555176,DANHOS13.MX
2019-01-09,13.180505752563477,DANHOS13.MX
2019-01-10,13.201937675476074,DANHOS13.MX
2019-01-11,13.250160217285156,DANHOS13.MX
2019-01-14,13.469834327697754,DANHOS13.MX
2019-01-15,13.641288757324219,DANHOS13.MX
2019-01-16,13.47519302368164,DANHOS13.MX
2019-01-17,13.32517147064209,DANHOS13.MX
2019-01-18,13.491265296936035,DANHOS13.MX
2019-01-21,13.60914134979248,DANHOS13.MX
2019-01-22,13.705578804016113,DANHOS13.MX
2019-01-23,13.587711334228516,DANHOS13.MX
2019-01-24,13.834172248840332,DANHOS13.MX
2019-01-25,13.93061637878418,DANHOS13.MX
2019-01-28,14.032415390014648,DANHOS13.MX
2019-01-29,14.552135467529297,DANHOS13.MX
2019-01-30,14.675368309020996,DANHOS13.MX
2019-01-31,14.643218994140625,DANHOS13.MX
2019-02-01,14.477126121520996,DANHOS13.MX
2019-02-05,14.937906265258789,DANHOS13.MX
2019-02-06,15.130790710449219,DANHOS13.MX
2019-02-07,15.018278121948242,DANHOS13.MX
2019-02-08,14.932552337646484,DANHOS13.MX
2019-02-11,14.219942092895508,DANHOS13.MX
2019-02-12,14.627147674560547,DANHOS13.MX
2019-02-13,14.209228515625,DANHOS13.MX
2019-02-14,14.091349601745605,DANHOS13.MX
2019-02-15,14.466407775878906,DANHOS13.MX
2019-02-18,14.28424072265625,DANHOS13.MX
2019-02-19,14.471768379211426,DANHOS13.MX
2019-02-20,14.696800231933594,DANHOS13.MX
2019-02-21,14.766456604003906,DANHOS13.MX
2019-02-22,14.562851905822754,DANHOS13.MX
2019-02-25,14.771808624267578,DANHOS13.MX
2019-02-26,14.857532501220703,DANHOS13.MX
2019-02-27,14.728950500488281,DANHOS13.MX
2019-02-28,14.73430347442627,DANHOS13.MX
2019-03-01,14.696800231933594,DANHOS13.MX
2019-03-04,14.573568344116211,DANHOS13.MX
2019-03-05,14.557494163513184,DANHOS13.MX
2019-03-06,14.519988059997559,DANHOS13.MX
2019-03-07,14.79405403137207,DANHOS13.MX
2019-03-08,14.837904930114746,DANHOS13.MX
2019-03-11,15.095524787902832,DANHOS13.MX
2019-03-12,15.309295654296875,DANHOS13.MX
2019-03-13,15.249002456665039,DANHOS13.MX
2019-03-14,15.177746772766113,DANHOS13.MX
2019-03-15,15.259964942932129,DANHOS13.MX
2019-03-19,15.28188705444336,DANHOS13.MX
2019-03-20,15.276411056518555,DANHOS13.MX
2019-03-21,15.265447616577148,DANHOS13.MX
2019-03-22,15.249002456665039,DANHOS13.MX
2019-03-25,15.221598625183105,DANHOS13.MX
2019-03-26,15.205153465270996,DANHOS13.MX
2019-03-27,15.227079391479492,DANHOS13.MX
2019-03-28,15.287374496459961,DANHOS13.MX
2019-03-29,15.183229446411133,DANHOS13.MX
2019-04-01,15.238040924072266,DANHOS13.MX
2019-04-02,15.28188705444336,DANHOS13.MX
2019-04-03,15.238040924072266,DANHOS13.MX
2019-04-04,15.259964942932129,DANHOS13.MX
2019-04-05,15.183229446411133,DANHOS13.MX
2019-04-08,15.287374496459961,DANHOS13.MX
2019-04-09,15.221598625183105,DANHOS13.MX
2019-04-10,15.342184066772461,DANHOS13.MX
2019-04-11,15.216117858886719,DANHOS13.MX
2019-04-12,15.172262191772461,DANHOS13.MX
2019-04-15,15.287374496459961,DANHOS13.MX
2019-04-16,15.342184066772461,DANHOS13.MX
2019-04-17,15.194186210632324,DANHOS13.MX
2019-04-22,15.040714263916016,DANHOS13.MX
2019-04-23,14.996861457824707,DANHOS13.MX
2019-04-24,14.837904930114746,DANHOS13.MX
2019-04-25,15.238040924072266,DANHOS13.MX
2019-04-26,15.183229446411133,DANHOS13.MX
2019-04-29,15.068119049072266,DANHOS13.MX
2019-04-30,15.199670791625977,DANHOS13.MX
2019-05-02,14.837904930114746,DANHOS13.MX
2019-05-03,14.909162521362305,DANHOS13.MX
2019-05-06,14.832423210144043,DANHOS13.MX
2019-05-07,14.799532890319824,DANHOS13.MX
2019-05-08,14.732236862182617,DANHOS13.MX
2019-05-09,14.597644805908203,DANHOS13.MX
2019-05-10,14.861222267150879,DANHOS13.MX
2019-05-13,14.894869804382324,DANHOS13.MX
2019-05-14,14.77149486541748,DANHOS13.MX
2019-05-15,14.524740219116211,DANHOS13.MX
2019-05-16,14.507915496826172,DANHOS13.MX
2019-05-17,13.919075965881348,DANHOS13.MX
2019-05-20,14.171436309814453,DANHOS13.MX
2019-05-21,14.059280395507812,DANHOS13.MX
2019-05-22,14.906089782714844,DANHOS13.MX
2019-05-23,13.907858848571777,DANHOS13.MX
2019-05-24,13.739620208740234,DANHOS13.MX
2019-05-27,13.694756507873535,DANHOS13.MX
2019-05-28,14.04245662689209,DANHOS13.MX
2019-05-29,13.75644588470459,DANHOS13.MX
2019-05-30,14.048057556152344,DANHOS13.MX
2019-05-31,13.453615188598633,DANHOS13.MX
2019-06-03,13.711577415466309,DANHOS13.MX
2019-06-04,13.79008960723877,DANHOS13.MX
2019-06-05,13.902252197265625,DANHOS13.MX
2019-06-06,13.975154876708984,DANHOS13.MX
2019-06-07,13.941511154174805,DANHOS13.MX
2019-06-10,14.020018577575684,DANHOS13.MX
2019-06-11,14.020018577575684,DANHOS13.MX
2019-06-12,13.958331108093262,DANHOS13.MX
2019-06-13,13.818133354187012,DANHOS13.MX
2019-06-14,13.773266792297363,DANHOS13.MX
2019-06-17,13.947118759155273,DANHOS13.MX
2019-06-18,14.025629043579102,DANHOS13.MX
2019-06-19,13.823739051818848,DANHOS13.MX
2019-06-20,13.85738754272461,DANHOS13.MX
2019-06-21,14.350899696350098,DANHOS13.MX
2019-06-24,13.975154876708984,DANHOS13.MX
2019-06-25,13.464827537536621,DANHOS13.MX
2019-06-26,13.801305770874023,DANHOS13.MX
2019-06-27,14.2555570602417,DANHOS13.MX
2019-06-28,14.249951362609863,DANHOS13.MX
2019-07-01,14.193867683410645,DANHOS13.MX
2019-07-02,14.031235694885254,DANHOS13.MX
2019-07-03,14.171436309814453,DANHOS13.MX
2019-07-04,14.132184982299805,DANHOS13.MX
2019-07-05,14.076098442077637,DANHOS13.MX
2019-07-08,14.266772270202637,DANHOS13.MX
2019-07-09,14.025629043579102,DANHOS13.MX
2019-07-10,13.851777076721191,DANHOS13.MX
2019-07-11,13.874213218688965,DANHOS13.MX
2019-07-12,13.840561866760254,DANHOS13.MX
2019-07-15,13.941511154174805,DANHOS13.MX
2019-07-16,14.020018577575684,DANHOS13.MX
2019-07-17,13.941511154174805,DANHOS13.MX
2019-07-18,13.64428424835205,DANHOS13.MX
2019-07-19,13.470436096191406,DANHOS13.MX
2019-07-22,13.448002815246582,DANHOS13.MX
2019-07-23,13.919075965881348,DANHOS13.MX
2019-07-24,14.440621376037598,DANHOS13.MX
2019-07-25,14.188263893127441,DANHOS13.MX
2019-07-26,14.463055610656738,DANHOS13.MX
2019-07-29,14.552781105041504,DANHOS13.MX
2019-07-30,14.586426734924316,DANHOS13.MX
2019-07-31,14.586426734924316,DANHOS13.MX
2019-08-01,14.732236862182617,DANHOS13.MX
2019-08-02,14.676158905029297,DANHOS13.MX
2019-08-05,14.625683784484863,DANHOS13.MX
2019-08-06,15.074325561523438,DANHOS13.MX
2019-08-07,15.057111740112305,DANHOS13.MX
2019-08-08,15.189093589782715,DANHOS13.MX
2019-08-09,15.206304550170898,DANHOS13.MX
2019-08-12,14.948081970214844,DANHOS13.MX
2019-08-13,14.925128936767578,DANHOS13.MX
2019-08-14,15.189093589782715,DANHOS13.MX
2019-08-15,15.166138648986816,DANHOS13.MX
2019-08-16,15.361237525939941,DANHOS13.MX
2019-08-19,15.315333366394043,DANHOS13.MX
2019-08-20,15.344021797180176,DANHOS13.MX
2019-08-21,15.303855895996094,DANHOS13.MX
2019-08-22,15.200567245483398,DANHOS13.MX
2019-08-23,15.154662132263184,DANHOS13.MX
2019-08-26,14.919395446777344,DANHOS13.MX
2019-08-27,15.321073532104492,DANHOS13.MX
2019-08-28,15.206304550170898,DANHOS13.MX
2019-08-29,15.234996795654297,DANHOS13.MX
2019-08-30,15.26942253112793,DANHOS13.MX
2019-09-02,15.424357414245605,DANHOS13.MX
2019-09-03,15.412883758544922,DANHOS13.MX
2019-09-04,15.447312355041504,DANHOS13.MX
2019-09-05,15.487479209899902,DANHOS13.MX
2019-09-06,15.498953819274902,DANHOS13.MX
2019-09-09,16.00965690612793,DANHOS13.MX
2019-09-10,15.77439022064209,DANHOS13.MX
2019-09-11,15.780129432678223,DANHOS13.MX
2019-09-12,15.688316345214844,DANHOS13.MX
2019-09-13,15.780129432678223,DANHOS13.MX
2019-09-17,15.61945915222168,DANHOS13.MX
2019-09-18,15.544864654541016,DANHOS13.MX
2019-09-19,15.493215560913086,DANHOS13.MX
2019-09-20,15.826034545898438,DANHOS13.MX
2019-09-23,16.313783645629883,DANHOS13.MX
2019-09-24,16.244922637939453,DANHOS13.MX
2019-09-25,16.003921508789062,DANHOS13.MX
2019-09-26,15.923582077026367,DANHOS13.MX
2019-09-27,15.516170501708984,DANHOS13.MX
2019-09-30,15.762916564941406,DANHOS13.MX
2019-10-01,15.61945915222168,DANHOS13.MX
2019-10-02,15.510431289672852,DANHOS13.MX
2019-10-03,15.739960670471191,DANHOS13.MX
2019-10-04,16.08999252319336,DANHOS13.MX
2019-10-07,16.055566787719727,DANHOS13.MX
2019-10-08,15.969488143920898,DANHOS13.MX
2019-10-09,15.958014488220215,DANHOS13.MX
2019-10-10,16.015399932861328,DANHOS13.MX
2019-10-11,15.969488143920898,DANHOS13.MX
2019-10-14,16.067039489746094,DANHOS13.MX
2019-10-15,16.34247589111328,DANHOS13.MX
2019-10-16,16.554790496826172,DANHOS13.MX
2019-10-17,16.428546905517578,DANHOS13.MX
2019-10-18,16.50888442993164,DANHOS13.MX
2019-10-21,16.440025329589844,DANHOS13.MX
2019-10-22,16.572004318237305,DANHOS13.MX
2019-10-23,16.732677459716797,DANHOS13.MX
2019-10-24,16.784320831298828,DANHOS13.MX
2019-10-25,16.841697692871094,DANHOS13.MX
2019-10-28,16.74415397644043,DANHOS13.MX
2019-10-29,16.7097225189209,DANHOS13.MX
2019-10-30,16.80727195739746,DANHOS13.MX
2019-10-31,16.652339935302734,DANHOS13.MX
2019-11-01,16.658079147338867,DANHOS13.MX
2019-11-04,16.686767578125,DANHOS13.MX
2019-11-05,16.6351261138916,DANHOS13.MX
2019-11-06,16.57062339782715,DANHOS13.MX
2019-11-07,16.6351261138916,DANHOS13.MX
2019-11-08,16.8227596282959,DANHOS13.MX
2019-11-11,16.764122009277344,DANHOS13.MX
2019-11-12,16.787578582763672,DANHOS13.MX
2019-11-13,16.435760498046875,DANHOS13.MX
2019-11-14,16.558897018432617,DANHOS13.MX
2019-11-15,16.617534637451172,DANHOS13.MX
2019-11-19,16.62339973449707,DANHOS13.MX
2019-11-20,16.640989303588867,DANHOS13.MX
2019-11-21,16.705488204956055,DANHOS13.MX
2019-11-22,16.66444206237793,DANHOS13.MX
2019-11-25,16.582351684570312,DANHOS13.MX
2019-11-26,16.77585220336914,DANHOS13.MX
2019-11-27,16.940032958984375,DANHOS13.MX
2019-11-28,16.852081298828125,DANHOS13.MX
2019-11-29,16.846214294433594,DANHOS13.MX
2019-12-02,16.881399154663086,DANHOS13.MX
2019-12-03,16.916580200195312,DANHOS13.MX
2019-12-04,16.969350814819336,DANHOS13.MX
2019-12-05,16.85794448852539,DANHOS13.MX
2019-12-06,17.010398864746094,DANHOS13.MX
2019-12-09,16.564762115478516,DANHOS13.MX
2019-12-10,17.016260147094727,DANHOS13.MX
2019-12-11,17.092485427856445,DANHOS13.MX
2019-12-13,17.057308197021484,DANHOS13.MX
2019-12-16,17.051441192626953,DANHOS13.MX
2019-12-17,17.080760955810547,DANHOS13.MX
2019-12-18,17.192169189453125,DANHOS13.MX
2019-12-19,17.03971290588379,DANHOS13.MX
2019-12-20,17.03385353088379,DANHOS13.MX
2019-12-23,17.17458152770996,DANHOS13.MX
2019-12-24,17.1393985748291,DANHOS13.MX
2019-12-26,17.069032669067383,DANHOS13.MX
2019-12-27,16.998668670654297,DANHOS13.MX
2019-12-30,16.90485191345215,DANHOS13.MX
2019-12-31,16.90485191345215,DANHOS13.MX
2020-01-02,17.092485427856445,DANHOS13.MX
2020-01-03,17.004531860351562,DANHOS13.MX
2020-01-06,16.998668670654297,DANHOS13.MX
2020-01-07,16.951763153076172,DANHOS13.MX
2020-01-08,16.764122009277344,DANHOS13.MX
2020-01-09,16.945898056030273,DANHOS13.MX
2020-01-10,17.010398864746094,DANHOS13.MX
2020-01-13,17.016260147094727,DANHOS13.MX
2020-01-14,16.981077194213867,DANHOS13.MX
2020-01-15,17.121809005737305,DANHOS13.MX
2020-01-16,17.22735023498535,DANHOS13.MX
2020-01-17,17.772668838500977,DANHOS13.MX
2020-01-20,17.4853515625,DANHOS13.MX
2020-01-21,17.602624893188477,DANHOS13.MX
2020-01-22,17.567441940307617,DANHOS13.MX
2020-01-23,17.526395797729492,DANHOS13.MX
2020-01-24,17.1393985748291,DANHOS13.MX
2020-01-27,16.781715393066406,DANHOS13.MX
2020-01-28,17.16284942626953,DANHOS13.MX
2020-01-29,16.97521209716797,DANHOS13.MX
2020-01-30,17.03385353088379,DANHOS13.MX
2020-01-31,17.03385353088379,DANHOS13.MX
2020-02-04,17.074901580810547,DANHOS13.MX
2020-02-05,17.03385353088379,DANHOS13.MX
2020-02-06,16.963485717773438,DANHOS13.MX
2020-02-07,17.461896896362305,DANHOS13.MX
2020-02-10,17.03971290588379,DANHOS13.MX
2020-02-11,17.045578002929688,DANHOS13.MX
2020-02-12,17.03385353088379,DANHOS13.MX
2020-02-13,16.88726043701172,DANHOS13.MX
2020-02-14,16.88726043701172,DANHOS13.MX
2020-02-17,16.945898056030273,DANHOS13.MX
2020-02-18,16.73480796813965,DANHOS13.MX
2020-02-19,16.811031341552734,DANHOS13.MX
2020-02-20,16.77585220336914,DANHOS13.MX
2020-02-21,16.711353302001953,DANHOS13.MX
2020-02-24,16.511985778808594,DANHOS13.MX
2020-02-25,16.588218688964844,DANHOS13.MX
2020-02-26,16.42989730834961,DANHOS13.MX
2020-02-27,16.300899505615234,DANHOS13.MX
2020-02-28,16.142578125,DANHOS13.MX
2020-03-02,16.142578125,DANHOS13.MX
2020-03-03,16.19535255432129,DANHOS13.MX
2020-03-04,16.371261596679688,DANHOS13.MX
2020-03-05,16.455245971679688,DANHOS13.MX
2020-03-06,16.44924545288086,DANHOS13.MX
2020-03-09,15.597389221191406,DANHOS13.MX
2020-03-10,16.047313690185547,DANHOS13.MX
2020-03-11,15.273442268371582,DANHOS13.MX
2020-03-12,14.175628662109375,DANHOS13.MX
2020-03-13,13.881677627563477,DANHOS13.MX
2020-03-17,13.809690475463867,DANHOS13.MX
2020-03-18,12.057982444763184,DANHOS13.MX
2020-03-19,12.147966384887695,DANHOS13.MX
2020-03-20,11.662047386169434,DANHOS13.MX
2020-03-23,10.23428726196289,DANHOS13.MX
2020-03-24,10.384263038635254,DANHOS13.MX
2020-03-25,12.081977844238281,DANHOS13.MX
2020-03-26,11.967996597290039,DANHOS13.MX
2020-03-27,11.985993385314941,DANHOS13.MX
2020-03-30,11.7460355758667,DANHOS13.MX
2020-03-31,11.662047386169434,DANHOS13.MX
2020-04-01,11.15213394165039,DANHOS13.MX
2020-04-02,11.110140800476074,DANHOS13.MX
2020-04-03,10.31827449798584,DANHOS13.MX
2020-04-06,10.348268508911133,DANHOS13.MX
2020-04-07,10.912172317504883,DANHOS13.MX
2020-04-08,11.038151741027832,DANHOS13.MX
2020-04-13,11.206124305725098,DANHOS13.MX
2020-04-14,11.41609001159668,DANHOS13.MX
2020-04-15,11.890010833740234,DANHOS13.MX
2020-04-16,11.548066139221191,DANHOS13.MX
2020-04-17,11.548066139221191,DANHOS13.MX
2020-04-20,11.410089492797852,DANHOS13.MX
2020-04-21,11.188126564025879,DANHOS13.MX
2020-04-22,11.098142623901367,DANHOS13.MX
2020-04-23,11.17013168334961,DANHOS13.MX
2020-04-24,11.284110069274902,DANHOS13.MX
2020-04-27,11.32010555267334,DANHOS13.MX
2020-04-28,10.924172401428223,DANHOS13.MX
2020-04-29,11.506074905395508,DANHOS13.MX
2020-04-30,11.17013168334961,DANHOS13.MX
2020-05-04,11.272114753723145,DANHOS13.MX
2020-05-05,11.15213394165039,DANHOS13.MX
2020-05-06,11.01415729522705,DANHOS13.MX
2020-05-07,11.182127952575684,DANHOS13.MX
2020-05-08,11.380094528198242,DANHOS13.MX
2020-05-11,11.314106941223145,DANHOS13.MX
2020-05-12,11.290111541748047,DANHOS13.MX
2020-05-13,11.296107292175293,DANHOS13.MX
2020-05-14,11.314106941223145,DANHOS13.MX
2020-05-15,11.098142623901367,DANHOS13.MX
2020-05-18,11.584059715270996,DANHOS13.MX
2020-05-19,11.380094528198242,DANHOS13.MX
2020-05-20,11.464085578918457,DANHOS13.MX
2020-05-21,11.548066139221191,DANHOS13.MX
2020-05-22,11.41609001159668,DANHOS13.MX
2020-05-25,11.512072563171387,DANHOS13.MX
2020-05-26,11.866013526916504,DANHOS13.MX
2020-05-27,11.8300199508667,DANHOS13.MX
2020-05-28,12.141966819763184,DANHOS13.MX
2020-05-29,12.29194450378418,DANHOS13.MX
2020-06-01,12.219955444335938,DANHOS13.MX
2020-06-02,12.399923324584961,DANHOS13.MX
2020-06-03,12.945834159851074,DANHOS13.MX
2020-06-04,12.435918807983398,DANHOS13.MX
2020-06-05,12.723870277404785,DANHOS13.MX
2020-06-08,12.999826431274414,DANHOS13.MX
2020-06-09,12.627885818481445,DANHOS13.MX
2020-06-10,12.807854652404785,DANHOS13.MX
2020-06-11,12.375929832458496,DANHOS13.MX
2020-06-12,12.897843360900879,DANHOS13.MX
2020-06-15,12.669881820678711,DANHOS13.MX
2020-06-16,12.6218900680542,DANHOS13.MX
2020-06-17,12.693872451782227,DANHOS13.MX
2020-06-18,12.717870712280273,DANHOS13.MX
2020-06-19,13.797693252563477,DANHOS13.MX
2020-06-22,13.533734321594238,DANHOS13.MX
2020-06-23,13.797693252563477,DANHOS13.MX
2020-06-24,13.72570514678955,DANHOS13.MX
2020-06-25,13.665714263916016,DANHOS13.MX
2020-06-26,13.641715049743652,DANHOS13.MX
2020-06-29,13.275777816772461,DANHOS13.MX
2020-06-30,13.10180950164795,DANHOS13.MX
2020-07-01,13.299776077270508,DANHOS13.MX
2020-07-02,13.503740310668945,DANHOS13.MX
2020-07-03,13.245779991149902,DANHOS13.MX
2020-07-06,13.209789276123047,DANHOS13.MX
2020-07-07,13.005826950073242,DANHOS13.MX
2020-07-08,13.041816711425781,DANHOS13.MX
2020-07-09,12.753865242004395,DANHOS13.MX
2020-07-10,12.369928359985352,DANHOS13.MX
2020-07-13,12.687875747680664,DANHOS13.MX
2020-07-14,12.66387939453125,DANHOS13.MX
2020-07-15,12.831850051879883,DANHOS13.MX
2020-07-16,12.861847877502441,DANHOS13.MX
2020-07-17,13.695706367492676,DANHOS13.MX
2020-07-20,12.861847877502441,DANHOS13.MX
2020-07-21,12.723870277404785,DANHOS13.MX
2020-07-22,12.741868019104004,DANHOS13.MX
2020-07-23,12.669881820678711,DANHOS13.MX
2020-07-24,12.999826431274414,DANHOS13.MX
2020-07-27,12.747865676879883,DANHOS13.MX
2020-07-28,12.29194450378418,DANHOS13.MX
2020-07-29,12.55589771270752,DANHOS13.MX
2020-07-30,12.489911079406738,DANHOS13.MX
2020-07-31,12.837849617004395,DANHOS13.MX
2020-08-03,12.48391342163086,DANHOS13.MX
2020-08-04,12.519905090332031,DANHOS13.MX
2020-08-05,12.771862030029297,DANHOS13.MX
2020-08-06,12.747865676879883,DANHOS13.MX
2020-08-07,13.137801170349121,DANHOS13.MX
2020-08-10,13.545731544494629,DANHOS13.MX
2020-08-11,13.167799949645996,DANHOS13.MX
2020-08-12,13.179795265197754,DANHOS13.MX
2020-08-13,13.233783721923828,DANHOS13.MX
2020-08-14,13.72570514678955,DANHOS13.MX
2020-08-17,13.173797607421875,DANHOS13.MX
2020-08-18,13.233783721923828,DANHOS13.MX
2020-08-19,12.981825828552246,DANHOS13.MX
2020-08-20,12.96382999420166,DANHOS13.MX
2020-08-21,13.01782512664795,DANHOS13.MX
2020-08-24,12.429917335510254,DANHOS13.MX
2020-08-25,12.267950057983398,DANHOS13.MX
2020-08-26,12.405920028686523,DANHOS13.MX
2020-08-27,12.141966819763184,DANHOS13.MX
2020-08-28,12.351932525634766,DANHOS13.MX
2020-08-31,12.351932525634766,DANHOS13.MX
2020-09-01,12.66387939453125,DANHOS13.MX
2020-09-02,12.351932525634766,DANHOS13.MX
2020-09-03,12.237954139709473,DANHOS13.MX
2020-09-04,12.189963340759277,DANHOS13.MX
2020-09-07,12.231951713562012,DANHOS13.MX
2020-09-08,11.692044258117676,DANHOS13.MX
2020-09-09,11.32010555267334,DANHOS13.MX
2020-09-10,11.044150352478027,DANHOS13.MX
2020-09-11,11.224120140075684,DANHOS13.MX
2020-09-14,11.25411605834961,DANHOS13.MX
2020-09-15,11.380094528198242,DANHOS13.MX
2020-09-17,11.30810832977295,DANHOS13.MX
2020-09-18,11.218124389648438,DANHOS13.MX
2020-09-21,11.176130294799805,DANHOS13.MX
2020-09-22,11.296107292175293,DANHOS13.MX
2020-09-23,11.452085494995117,DANHOS13.MX
2020-09-24,11.488075256347656,DANHOS13.MX
2020-09-25,11.602055549621582,DANHOS13.MX
2020-09-28,11.704039573669434,DANHOS13.MX
2020-09-29,11.818021774291992,DANHOS13.MX
2020-09-30,12.153964042663574,DANHOS13.MX
2020-10-01,11.854018211364746,DANHOS13.MX
2020-10-02,12.165964126586914,DANHOS13.MX
2020-10-05,12.315937995910645,DANHOS13.MX
2020-10-06,12.189963340759277,DANHOS13.MX
2020-10-07,12.645883560180664,DANHOS13.MX
2020-10-08,12.627885818481445,DANHOS13.MX
2020-10-09,12.627885818481445,DANHOS13.MX
2020-10-12,12.741868019104004,DANHOS13.MX
2020-10-13,12.501906394958496,DANHOS13.MX
2020-10-14,12.597890853881836,DANHOS13.MX
2020-10-15,12.411924362182617,DANHOS13.MX
2020-10-16,12.24995231628418,DANHOS13.MX
2020-10-19,12.24995231628418,DANHOS13.MX
2020-10-20,11.90800666809082,DANHOS13.MX
2020-10-21,11.8300199508667,DANHOS13.MX
2020-10-22,12.093976020812988,DANHOS13.MX
2020-10-23,12.135967254638672,DANHOS13.MX
2020-10-26,11.8300199508667,DANHOS13.MX
2020-10-27,11.782029151916504,DANHOS13.MX
2020-10-28,11.488075256347656,DANHOS13.MX
2020-10-29,11.524069786071777,DANHOS13.MX
2020-10-30,11.518074035644531,DANHOS13.MX
2020-11-03,11.626052856445312,DANHOS13.MX
2020-11-04,11.440086364746094,DANHOS13.MX
2020-11-05,11.818021774291992,DANHOS13.MX
2020-11-06,12.015990257263184,DANHOS13.MX
2020-11-09,12.585896492004395,DANHOS13.MX
2020-11-10,13.281777381896973,DANHOS13.MX
2020-11-11,13.221787452697754,DANHOS13.MX
2020-11-12,13.263779640197754,DANHOS13.MX
2020-11-13,13.520379066467285,DANHOS13.MX
2020-11-17,13.862513542175293,DANHOS13.MX
2020-11-18,14.277960777282715,DANHOS13.MX
2020-11-19,14.125225067138672,DANHOS13.MX
2020-11-20,14.253524780273438,DANHOS13.MX
2020-11-23,13.893059730529785,DANHOS13.MX
2020-11-24,14.137443542480469,DANHOS13.MX
2020-11-25,15.206608772277832,DANHOS13.MX
2020-11-26,14.400151252746582,DANHOS13.MX
2020-11-27,14.174098014831543,DANHOS13.MX
2020-11-30,14.57733154296875,DANHOS13.MX
2020-12-01,14.455141067504883,DANHOS13.MX
2020-12-02,14.35738754272461,DANHOS13.MX
2020-12-03,14.47957992553711,DANHOS13.MX
2020-12-04,14.650644302368164,DANHOS13.MX
2020-12-07,14.571218490600586,DANHOS13.MX
2020-12-08,14.644530296325684,DANHOS13.MX
2020-12-09,14.632316589355469,DANHOS13.MX
2020-12-10,15.157731056213379,DANHOS13.MX
2020-12-11,15.163843154907227,DANHOS13.MX
2020-12-14,14.662862777709961,DANHOS13.MX
2020-12-15,14.485685348510742,DANHOS13.MX
2020-12-16,14.650644302368164,DANHOS13.MX
2020-12-17,14.785055160522461,DANHOS13.MX
2020-12-18,14.620096206665039,DANHOS13.MX
2020-12-21,14.485685348510742,DANHOS13.MX
2020-12-22,14.113004684448242,DANHOS13.MX
2020-12-23,14.559000968933105,DANHOS13.MX
2020-12-24,14.638422012329102,DANHOS13.MX
2020-12-28,14.833930015563965,DANHOS13.MX
2020-12-29,14.785055160522461,DANHOS13.MX
2020-12-30,14.962227821350098,DANHOS13.MX
2020-12-31,14.858367919921875,DANHOS13.MX
2021-01-04,15.4509916305542,DANHOS13.MX
2021-01-05,15.518195152282715,DANHOS13.MX
2021-01-06,15.762575149536133,DANHOS13.MX
2021-01-07,15.744248390197754,DANHOS13.MX
2021-01-08,15.854216575622559,DANHOS13.MX
2021-01-11,15.848106384277344,DANHOS13.MX
2021-01-12,15.432662010192871,DANHOS13.MX
2021-01-13,14.809491157531738,DANHOS13.MX
2021-01-14,15.047761917114258,DANHOS13.MX
2021-01-15,15.23715877532959,DANHOS13.MX
2021-01-18,14.882806777954102,DANHOS13.MX
2021-01-19,14.888916015625,DANHOS13.MX
2021-01-20,14.601764678955078,DANHOS13.MX
2021-01-21,14.436811447143555,DANHOS13.MX
2021-01-22,14.485685348510742,DANHOS13.MX
2021-01-25,14.65675163269043,DANHOS13.MX
2021-01-26,14.705625534057617,DANHOS13.MX
2021-01-27,14.754505157470703,DANHOS13.MX
2021-01-28,14.571218490600586,DANHOS13.MX
2021-01-29,14.943901062011719,DANHOS13.MX
2021-02-02,14.711738586425781,DANHOS13.MX
2021-02-03,15.029433250427246,DANHOS13.MX
2021-02-04,14.950010299682617,DANHOS13.MX
2021-02-05,14.895023345947266,DANHOS13.MX
2021-02-08,14.950010299682617,DANHOS13.MX
2021-02-09,14.956116676330566,DANHOS13.MX
2021-02-10,14.668971061706543,DANHOS13.MX
2021-02-11,15.133296966552734,DANHOS13.MX
2021-02-12,14.846149444580078,DANHOS13.MX
2021-02-15,14.937788963317871,DANHOS13.MX
2021-02-16,15.27381420135498,DANHOS13.MX
2021-02-17,15.292146682739258,DANHOS13.MX
2021-02-18,15.701481819152832,DANHOS13.MX
2021-02-19,15.267705917358398,DANHOS13.MX
2021-02-22,15.499872207641602,DANHOS13.MX
2021-02-23,15.163843154907227,DANHOS13.MX
2021-02-24,15.090527534484863,DANHOS13.MX
2021-02-25,15.23715877532959,DANHOS13.MX
2021-02-26,15.658711433410645,DANHOS13.MX
2021-03-01,15.579289436340332,DANHOS13.MX
2021-03-02,15.585400581359863,DANHOS13.MX
2021-03-03,15.579289436340332,DANHOS13.MX
2021-03-04,15.707592010498047,DANHOS13.MX
2021-03-05,15.518195152282715,DANHOS13.MX
2021-03-08,15.762229919433594,DANHOS13.MX
2021-03-09,15.774746894836426,DANHOS13.MX
2021-03-10,15.824806213378906,DANHOS13.MX
2021-03-11,15.99374771118164,DANHOS13.MX
2021-03-12,15.812292098999023,DANHOS13.MX
2021-03-16,15.643341064453125,DANHOS13.MX
2021-03-17,15.780999183654785,DANHOS13.MX
2021-03-18,15.874862670898438,DANHOS13.MX
2021-03-19,16.037555694580078,DANHOS13.MX
2021-03-22,16.062583923339844,DANHOS13.MX
2021-03-23,16.356678009033203,DANHOS13.MX
2021-03-24,15.843575477600098,DANHOS13.MX
2021-03-25,15.806034088134766,DANHOS13.MX
2021-03-26,15.599539756774902,DANHOS13.MX
2021-03-29,15.9624662399292,DANHOS13.MX
2021-03-30,16.000009536743164,DANHOS13.MX
2021-03-31,15.956206321716309,DANHOS13.MX
2021-04-05,16.175216674804688,DANHOS13.MX
2021-04-06,16.100126266479492,DANHOS13.MX
2021-04-07,16.02504539489746,DANHOS13.MX
2021-04-08,15.9624662399292,DANHOS13.MX
2021-04-09,15.956206321716309,DANHOS13.MX
2021-04-12,15.949951171875,DANHOS13.MX
2021-04-13,15.97497844696045,DANHOS13.MX
2021-04-14,15.88737678527832,DANHOS13.MX
2021-04-15,16.281591415405273,DANHOS13.MX
2021-04-16,16.31287956237793,DANHOS13.MX
2021-04-19,16.375450134277344,DANHOS13.MX
2021-04-20,16.269075393676758,DANHOS13.MX
2021-04-21,16.269075393676758,DANHOS13.MX
2021-04-22,16.03129768371582,DANHOS13.MX
2021-04-23,15.755973815917969,DANHOS13.MX
2021-04-26,15.249128341674805,DANHOS13.MX
2021-04-27,14.89871883392334,DANHOS13.MX
2021-04-28,14.5545654296875,DANHOS13.MX
2021-04-29,15.042635917663574,DANHOS13.MX
2021-04-30,14.967549324035645,DANHOS13.MX
2021-05-03,15.205328941345215,DANHOS13.MX
2021-05-04,14.930005073547363,DANHOS13.MX
2021-05-05,14.892460823059082,DANHOS13.MX
2021-05-06,15.089755058288574,DANHOS13.MX
2021-05-07,14.968832969665527,DANHOS13.MX
2021-05-10,15.153395652770996,DANHOS13.MX
2021-05-11,15.06429672241211,DANHOS13.MX
2021-05-12,15.134305953979492,DANHOS13.MX
2021-05-13,15.04520320892334,DANHOS13.MX
2021-05-14,15.261590957641602,DANHOS13.MX
2021-05-17,15.089755058288574,DANHOS13.MX
2021-05-18,15.242498397827148,DANHOS13.MX
2021-05-19,15.05793571472168,DANHOS13.MX
2021-05-20,15.337963104248047,DANHOS13.MX
2021-05-21,15.325236320495605,DANHOS13.MX
2021-05-24,15.102478981018066,DANHOS13.MX
2021-05-25,14.943373680114746,DANHOS13.MX
2021-05-26,14.898826599121094,DANHOS13.MX
2021-05-27,15.16612720489502,DANHOS13.MX
2021-05-28,15.077024459838867,DANHOS13.MX
2021-05-31,15.05793571472168,DANHOS13.MX
2021-06-01,15.223402976989746,DANHOS13.MX
2021-06-02,15.446155548095703,DANHOS13.MX
2021-06-03,15.19795036315918,DANHOS13.MX
2021-06-04,15.287052154541016,DANHOS13.MX
2021-06-07,15.287052154541016,DANHOS13.MX
2021-06-08,15.267956733703613,DANHOS13.MX
2021-06-09,15.274321556091309,DANHOS13.MX
2021-06-10,15.331595420837402,DANHOS13.MX
2021-06-11,15.344322204589844,DANHOS13.MX
2021-06-14,15.134305953979492,DANHOS13.MX
2021-06-15,15.395240783691406,DANHOS13.MX
2021-06-16,15.280683517456055,DANHOS13.MX
2021-06-17,15.204312324523926,DANHOS13.MX
2021-06-18,14.714261054992676,DANHOS13.MX
2021-06-21,14.796996116638184,DANHOS13.MX
2021-06-22,14.688802719116211,DANHOS13.MX
2021-06-23,14.796996116638184,DANHOS13.MX
2021-06-24,14.53606128692627,DANHOS13.MX
2021-06-25,14.62515926361084,DANHOS13.MX
2021-06-28,14.116016387939453,DANHOS13.MX
2021-06-29,14.16057014465332,DANHOS13.MX
2021-06-30,14.071468353271484,DANHOS13.MX
2021-07-01,13.995091438293457,DANHOS13.MX
2021-07-02,13.918723106384277,DANHOS13.MX
2021-07-05,14.077831268310547,DANHOS13.MX
2021-07-06,14.35785961151123,DANHOS13.MX
2021-07-07,14.236939430236816,DANHOS13.MX
2021-07-08,14.34512996673584,DANHOS13.MX
2021-07-09,14.497873306274414,DANHOS13.MX
2021-07-12,14.28785514831543,DANHOS13.MX
2021-07-13,14.313310623168945,DANHOS13.MX
2021-07-14,14.663345336914062,DANHOS13.MX
2021-07-15,14.64425277709961,DANHOS13.MX
2021-07-16,14.943373680114746,DANHOS13.MX
2021-07-19,14.389681816101074,DANHOS13.MX
2021-07-20,14.478779792785645,DANHOS13.MX
2021-07-21,14.78426742553711,DANHOS13.MX
2021-07-22,15.026114463806152,DANHOS13.MX
2021-07-23,15.178853034973145,DANHOS13.MX
2021-07-26,15.312501907348633,DANHOS13.MX
2021-07-27,15.331595420837402,DANHOS13.MX
2021-07-28,15.223402976989746,DANHOS13.MX
2021-07-29,15.649811744689941,DANHOS13.MX
2021-07-30,14.78426742553711,DANHOS13.MX
2021-08-02,14.892460823059082,DANHOS13.MX
2021-08-03,15.04520320892334,DANHOS13.MX
2021-08-04,15.019744873046875,DANHOS13.MX
2021-08-05,15.312341690063477,DANHOS13.MX
2021-08-06,15.721965789794922,DANHOS13.MX
2021-08-09,15.49439811706543,DANHOS13.MX
2021-08-10,15.917027473449707,DANHOS13.MX
2021-08-11,15.923535346984863,DANHOS13.MX
2021-08-12,15.598429679870605,DANHOS13.MX
2021-08-13,15.68295669555664,DANHOS13.MX
2021-08-16,15.826001167297363,DANHOS13.MX
2021-08-17,15.988551139831543,DANHOS13.MX
2021-08-18,15.90402889251709,DANHOS13.MX
2021-08-19,15.546412467956543,DANHOS13.MX
2021-08-20,15.604934692382812,DANHOS13.MX
2021-08-23,15.826001167297363,DANHOS13.MX
2021-08-24,15.689458847045898,DANHOS13.MX
2021-08-25,15.917027473449707,DANHOS13.MX
2021-08-26,15.630934715270996,DANHOS13.MX
2021-08-27,15.741473197937012,DANHOS13.MX
2021-08-30,15.910527229309082,DANHOS13.MX
2021-08-31,16.08608627319336,DANHOS13.MX
2021-09-01,15.793490409851074,DANHOS13.MX
2021-09-02,16.19011116027832,DANHOS13.MX
2021-09-03,15.962544441223145,DANHOS13.MX
2021-09-06,16.008060455322266,DANHOS13.MX
2021-09-07,16.027563095092773,DANHOS13.MX
2021-09-08,15.930032730102539,DANHOS13.MX
2021-09-09,15.949542045593262,DANHOS13.MX
2021-09-10,15.949542045593262,DANHOS13.MX
2021-09-13,15.93653678894043,DANHOS13.MX
2021-09-14,16.092586517333984,DANHOS13.MX
2021-09-15,16.04707145690918,DANHOS13.MX
2021-09-17,16.183609008789062,DANHOS13.MX
2021-09-20,16.21612548828125,DANHOS13.MX
2021-09-21,16.580236434936523,DANHOS13.MX
2021-09-22,16.281145095825195,DANHOS13.MX
2021-09-23,16.41118812561035,DANHOS13.MX
2021-09-24,16.43069076538086,DANHOS13.MX
2021-09-27,16.424192428588867,DANHOS13.MX
2021-09-28,16.68427276611328,DANHOS13.MX
2021-09-29,16.450199127197266,DANHOS13.MX
2021-09-30,16.5477294921875,DANHOS13.MX
2021-10-01,16.84682273864746,DANHOS13.MX
2021-10-04,16.60624885559082,DANHOS13.MX
2021-10-05,16.456701278686523,DANHOS13.MX
2021-10-06,16.521718978881836,DANHOS13.MX
2021-10-07,16.56073570251465,DANHOS13.MX
2021-10-08,16.703777313232422,DANHOS13.MX
2021-10-11,16.710281372070312,DANHOS13.MX
2021-10-12,16.60624885559082,DANHOS13.MX
2021-10-13,16.41118812561035,DANHOS13.MX
2021-10-14,16.307153701782227,DANHOS13.MX
2021-10-15,16.645261764526367,DANHOS13.MX
2021-10-18,16.625755310058594,DANHOS13.MX
2021-10-19,16.690776824951172,DANHOS13.MX
2021-10-20,16.528228759765625,DANHOS13.MX
2021-10-21,15.273326873779297,DANHOS13.MX
2021-10-22,15.747973442077637,DANHOS13.MX
2021-10-25,16.027563095092773,DANHOS13.MX
2021-10-26,15.930032730102539,DANHOS13.MX
2021-10-27,15.930032730102539,DANHOS13.MX
2021-10-28,15.95604419708252,DANHOS13.MX
2021-10-29,16.17711067199707,DANHOS13.MX
2021-11-01,16.1315975189209,DANHOS13.MX
2021-11-03,15.728473663330078,DANHOS13.MX
2021-11-04,16.1315975189209,DANHOS13.MX
2021-11-05,16.157608032226562,DANHOS13.MX
2021-11-08,16.28378677368164,DANHOS13.MX
2021-11-09,16.177526473999023,DANHOS13.MX
2021-11-10,15.931808471679688,DANHOS13.MX
2021-11-11,15.659529685974121,DANHOS13.MX
2021-11-12,15.965019226074219,DANHOS13.MX
2021-11-16,15.965019226074219,DANHOS13.MX
2021-11-17,15.965019226074219,DANHOS13.MX
2021-11-18,15.32083511352539,DANHOS13.MX
2021-11-19,15.17473030090332,DANHOS13.MX
2021-11-22,15.108325958251953,DANHOS13.MX
2021-11-23,14.829401969909668,DANHOS13.MX
2021-11-24,14.929015159606934,DANHOS13.MX
2021-11-25,14.929015159606934,DANHOS13.MX
2021-11-26,14.470784187316895,DANHOS13.MX
2021-11-29,14.46414566040039,DANHOS13.MX
2021-11-30,14.391095161437988,DANHOS13.MX
2021-12-01,14.331326484680176,DANHOS13.MX
2021-12-02,14.470784187316895,DANHOS13.MX
2021-12-03,14.5836820602417,DANHOS13.MX
2021-12-06,14.337966918945312,DANHOS13.MX
2021-12-07,14.35124683380127,DANHOS13.MX
2021-12-08,14.470784187316895,DANHOS13.MX
2021-12-09,14.523918151855469,DANHOS13.MX
2021-12-10,14.477422714233398,DANHOS13.MX
2021-12-13,14.185220718383789,DANHOS13.MX
2021-12-14,14.271553039550781,DANHOS13.MX
2021-12-15,14.30476188659668,DANHOS13.MX
2021-12-16,14.32468318939209,DANHOS13.MX
2021-12-17,14.709860801696777,DANHOS13.MX
2021-12-20,14.76962947845459,DANHOS13.MX
2021-12-21,14.756353378295898,DANHOS13.MX
2021-12-22,15.048551559448242,DANHOS13.MX
2021-12-23,15.380606651306152,DANHOS13.MX
2021-12-24,15.08840274810791,DANHOS13.MX
2021-12-27,15.420451164245605,DANHOS13.MX
2021-12-28,15.002069473266602,DANHOS13.MX
2021-12-29,15.221220016479492,DANHOS13.MX
2021-12-30,15.493505477905273,DANHOS13.MX
2021-12-31,15.340757369995117,DANHOS13.MX
2022-01-03,15.420451164245605,DANHOS13.MX
2022-01-04,15.553272247314453,DANHOS13.MX
2022-01-05,15.692732810974121,DANHOS13.MX
2022-01-06,15.586477279663086,DANHOS13.MX
2022-01-07,15.234506607055664,DANHOS13.MX
2022-01-10,14.743066787719727,DANHOS13.MX
2022-01-11,15.041913986206055,DANHOS13.MX
2022-01-12,15.121603965759277,DANHOS13.MX
2022-01-13,15.287631034851074,DANHOS13.MX
2022-01-14,15.427093505859375,DANHOS13.MX
2022-01-17,15.440373420715332,DANHOS13.MX
2022-01-18,15.181374549865723,DANHOS13.MX
2022-01-19,15.055195808410645,DANHOS13.MX
2022-01-20,15.261068344116211,DANHOS13.MX
2022-01-21,15.586477279663086,DANHOS13.MX
2022-01-24,14.882530212402344,DANHOS13.MX
2022-01-25,14.796197891235352,DANHOS13.MX
2022-01-26,14.623533248901367,DANHOS13.MX
2022-01-27,14.729785919189453,DANHOS13.MX
2022-01-28,14.590324401855469,DANHOS13.MX
2022-01-31,14.756353378295898,DANHOS13.MX
2022-02-01,15.188016891479492,DANHOS13.MX
2022-02-02,15.400529861450195,DANHOS13.MX
2022-02-03,15.878681182861328,DANHOS13.MX
2022-02-04,15.965019226074219,DANHOS13.MX
2022-02-08,15.878681182861328,DANHOS13.MX
2022-02-09,16.31698989868164,DANHOS13.MX
2022-02-10,16.39004135131836,DANHOS13.MX
2022-02-11,16.303707122802734,DANHOS13.MX
2022-02-14,16.436525344848633,DANHOS13.MX
2022-02-15,16.297069549560547,DANHOS13.MX
2022-02-16,16.502939224243164,DANHOS13.MX
2022-02-17,16.44317054748535,DANHOS13.MX
2022-02-18,16.51622200012207,DANHOS13.MX
2022-02-21,16.39004135131836,DANHOS13.MX
2022-02-22,16.423246383666992,DANHOS13.MX
2022-02-23,16.018146514892578,DANHOS13.MX
2022-02-24,15.606401443481445,DANHOS13.MX
2022-02-25,15.905243873596191,DANHOS13.MX
2022-02-28,15.520066261291504,DANHOS13.MX
2022-03-01,16.21737289428711,DANHOS13.MX
2022-03-02,16.7486572265625,DANHOS13.MX
2022-03-03,16.403324127197266,DANHOS13.MX
2022-03-04,16.463090896606445,DANHOS13.MX
2022-03-07,16.38829231262207,DANHOS13.MX
2022-03-08,16.381492614746094,DANHOS13.MX
2022-03-09,16.619497299194336,DANHOS13.MX
2022-03-10,16.6398983001709,DANHOS13.MX
2022-03-11,16.66029167175293,DANHOS13.MX
2022-03-14,16.66029167175293,DANHOS13.MX
2022-03-15,16.864299774169922,DANHOS13.MX
2022-03-16,16.816696166992188,DANHOS13.MX
2022-03-17,16.871095657348633,DANHOS13.MX
2022-03-18,16.524293899536133,DANHOS13.MX
2022-03-22,16.714698791503906,DANHOS13.MX
2022-03-23,16.843896865844727,DANHOS13.MX
2022-03-24,16.517494201660156,DANHOS13.MX
2022-03-25,16.415491104125977,DANHOS13.MX
2022-03-28,16.42228889465332,DANHOS13.MX
2022-03-29,16.939102172851562,DANHOS13.MX
2022-03-30,16.592294692993164,DANHOS13.MX
2022-03-31,16.075483322143555,DANHOS13.MX
2022-04-01,16.93229866027832,DANHOS13.MX
2022-04-04,16.796297073364258,DANHOS13.MX
2022-04-05,16.626296997070312,DANHOS13.MX
2022-04-06,16.592294692993164,DANHOS13.MX
2022-04-07,16.830299377441406,DANHOS13.MX
2022-04-08,16.42228889465332,DANHOS13.MX
2022-04-11,16.23868751525879,DANHOS13.MX
2022-04-12,16.129884719848633,DANHOS13.MX
2022-04-13,16.14348602294922,DANHOS13.MX
2022-04-18,16.286287307739258,DANHOS13.MX
2022-04-19,16.381492614746094,DANHOS13.MX
2022-04-20,16.5718936920166,DANHOS13.MX
2022-04-21,16.463092803955078,DANHOS13.MX
2022-04-22,16.42228889465332,DANHOS13.MX
2022-04-25,16.524293899536133,DANHOS13.MX
2022-04-26,15.912284851074219,DANHOS13.MX
2022-04-27,16.089086532592773,DANHOS13.MX
2022-04-28,16.367889404296875,DANHOS13.MX
2022-04-29,15.524675369262695,DANHOS13.MX
2022-05-02,15.735480308532715,DANHOS13.MX
2022-05-03,15.728678703308105,DANHOS13.MX
2022-05-04,15.810280799865723,DANHOS13.MX
2022-05-05,16.116287231445312,DANHOS13.MX
2022-05-06,16.220848083496094,DANHOS13.MX
2022-05-09,16.17902374267578,DANHOS13.MX
2022-05-10,16.729707717895508,DANHOS13.MX
2022-05-11,16.680912017822266,DANHOS13.MX
2022-05-12,16.297521591186523,DANHOS13.MX
2022-05-13,16.60423469543457,DANHOS13.MX
2022-05-16,16.283580780029297,DANHOS13.MX
2022-05-17,16.701820373535156,DANHOS13.MX
2022-05-18,16.199932098388672,DANHOS13.MX
2022-05-19,16.381174087524414,DANHOS13.MX
2022-05-20,16.2069034576416,DANHOS13.MX
2022-05-23,16.381174087524414,DANHOS13.MX
2022-05-24,16.47178840637207,DANHOS13.MX
2022-05-25,16.395116806030273,DANHOS13.MX
2022-05-26,16.541500091552734,DANHOS13.MX
2022-05-27,16.659997940063477,DANHOS13.MX
2022-05-30,16.722736358642578,DANHOS13.MX
2022-05-31,16.66697120666504,DANHOS13.MX
2022-06-01,16.16507911682129,DANHOS13.MX
2022-06-02,16.262670516967773,DANHOS13.MX
2022-06-03,16.276613235473633,DANHOS13.MX
2022-06-06,16.13719940185547,DANHOS13.MX
2022-06-07,16.33934783935547,DANHOS13.MX
2022-06-08,16.32540512084961,DANHOS13.MX
2022-06-09,16.31843376159668,DANHOS13.MX
2022-06-10,16.13022804260254,DANHOS13.MX
2022-06-13,15.96989917755127,DANHOS13.MX
2022-06-14,15.914134979248047,DANHOS13.MX
2022-06-15,15.593483924865723,DANHOS13.MX
2022-06-16,14.910348892211914,DANHOS13.MX
2022-06-17,14.35966682434082,DANHOS13.MX
2022-06-20,14.617585182189941,DANHOS13.MX
2022-06-21,14.303898811340332,DANHOS13.MX
2022-06-22,14.506048202514648,DANHOS13.MX
2022-06-23,14.422404289245605,DANHOS13.MX
2022-06-24,15.035823822021484,DANHOS13.MX
2022-06-27,15.007941246032715,DANHOS13.MX
2022-06-28,14.722146034240723,DANHOS13.MX
2022-06-29,14.610610961914062,DANHOS13.MX
2022-06-30,15.642274856567383,DANHOS13.MX
2022-07-01,15.809575080871582,DANHOS13.MX
2022-07-04,15.942017555236816,DANHOS13.MX
2022-07-05,16.032636642456055,DANHOS13.MX
2022-07-06,16.367231369018555,DANHOS13.MX
2022-07-07,16.213876724243164,DANHOS13.MX
2022-07-08,16.381174087524414,DANHOS13.MX
2022-07-11,16.597261428833008,DANHOS13.MX
2022-07-12,16.49270248413086,DANHOS13.MX
2022-07-13,16.276613235473633,DANHOS13.MX
2022-07-14,16.513614654541016,DANHOS13.MX
2022-07-15,16.095375061035156,DANHOS13.MX
2022-07-18,16.13022804260254,DANHOS13.MX
2022-07-19,16.283580780029297,DANHOS13.MX
2022-07-20,16.24873161315918,DANHOS13.MX
2022-07-21,16.3463191986084,DANHOS13.MX
2022-07-22,16.185993194580078,DANHOS13.MX
2022-07-25,16.31147003173828,DANHOS13.MX
2022-07-26,16.095375061035156,DANHOS13.MX
2022-07-27,16.45785140991211,DANHOS13.MX
2022-07-28,16.33934783935547,DANHOS13.MX
2022-07-29,16.241758346557617,DANHOS13.MX
2022-08-01,16.13719940185547,DANHOS13.MX
2022-08-02,16.26963996887207,DANHOS13.MX
2022-08-03,16.151138305664062,DANHOS13.MX
2022-08-04,16.23478889465332,DANHOS13.MX
2022-08-05,16.185993194580078,DANHOS13.MX
2022-08-08,16.450878143310547,DANHOS13.MX
2022-08-09,16.415115356445312,DANHOS13.MX
2022-08-10,16.694068908691406,DANHOS13.MX
2022-08-11,16.672609329223633,DANHOS13.MX
2022-08-12,16.944406509399414,DANHOS13.MX
2022-08-15,16.829959869384766,DANHOS13.MX
2022-08-16,16.815658569335938,DANHOS13.MX
2022-08-17,16.643999099731445,DANHOS13.MX
2022-08-18,16.58677864074707,DANHOS13.MX
2022-08-19,16.672609329223633,DANHOS13.MX
2022-08-22,16.672609329223633,DANHOS13.MX
2022-08-23,16.66545295715332,DANHOS13.MX
2022-08-24,16.736984252929688,DANHOS13.MX
2022-08-25,16.829959869384766,DANHOS13.MX
2022-08-26,16.643999099731445,DANHOS13.MX
2022-08-29,16.60823631286621,DANHOS13.MX
2022-08-30,16.479490280151367,DANHOS13.MX
2022-08-31,16.844268798828125,DANHOS13.MX
2022-09-01,16.686914443969727,DANHOS13.MX
2022-09-02,16.74413299560547,DANHOS13.MX
2022-09-05,16.951555252075195,DANHOS13.MX
2022-09-06,16.937253952026367,DANHOS13.MX
2022-09-07,16.908641815185547,DANHOS13.MX
2022-09-08,17.0946102142334,DANHOS13.MX
2022-09-09,17.1661319732666,DANHOS13.MX
2022-09-12,17.402170181274414,DANHOS13.MX
2022-09-13,17.38071060180664,DANHOS13.MX
2022-09-14,16.815658569335938,DANHOS13.MX
2022-09-15,17.0946102142334,DANHOS13.MX
2022-09-19,16.9014892578125,DANHOS13.MX
2022-09-20,17.251964569091797,DANHOS13.MX
2022-09-21,17.36640739440918,DANHOS13.MX
2022-09-22,17.402170181274414,DANHOS13.MX
2022-09-23,17.20189666748047,DANHOS13.MX
2022-09-26,17.1661319732666,DANHOS13.MX
2022-09-27,17.1661319732666,DANHOS13.MX
2022-09-28,16.922948837280273,DANHOS13.MX
2022-09-29,17.359256744384766,DANHOS13.MX
2022-09-30,17.316335678100586,DANHOS13.MX
2022-10-03,17.33779525756836,DANHOS13.MX
2022-10-04,17.309185028076172,DANHOS13.MX
2022-10-05,17.294879913330078,DANHOS13.MX
2022-10-06,17.251964569091797,DANHOS13.MX
2022-10-07,17.11606788635254,DANHOS13.MX
2022-10-10,16.66545295715332,DANHOS13.MX
2022-10-11,16.851423263549805,DANHOS13.MX
2022-10-12,16.958709716796875,DANHOS13.MX
2022-10-13,17.023082733154297,DANHOS13.MX
2022-10-14,16.622541427612305,DANHOS13.MX
2022-10-17,16.9014892578125,DANHOS13.MX
2022-10-18,17.023082733154297,DANHOS13.MX
2022-10-19,17.14467430114746,DANHOS13.MX
2022-10-20,17.452234268188477,DANHOS13.MX
2022-10-21,17.487998962402344,DANHOS13.MX
2022-10-24,17.18759536743164,DANHOS13.MX
2022-10-25,17.18759536743164,DANHOS13.MX
2022-10-26,17.38071060180664,DANHOS13.MX
2022-10-27,17.38071060180664,DANHOS13.MX
2022-10-28,17.323490142822266,DANHOS13.MX
2022-10-31,17.52376365661621,DANHOS13.MX
2022-11-01,17.47369384765625,DANHOS13.MX
2022-11-03,17.43793296813965,DANHOS13.MX
2022-11-04,17.516613006591797,DANHOS13.MX
2022-11-07,17.780569076538086,DANHOS13.MX
2022-11-08,17.575265884399414,DANHOS13.MX
2022-11-09,17.018020629882812,DANHOS13.MX
2022-11-10,17.50194549560547,DANHOS13.MX
2022-11-11,17.58993148803711,DANHOS13.MX
2022-11-14,17.46528434753418,DANHOS13.MX
2022-11-15,17.56793212890625,DANHOS13.MX
2022-11-16,17.223323822021484,DANHOS13.MX
2022-11-17,17.076679229736328,DANHOS13.MX
2022-11-18,17.149999618530273,DANHOS13.MX
2022-11-22,17.00335693359375,DANHOS13.MX
2022-11-23,17.296642303466797,DANHOS13.MX
2022-11-24,17.193994522094727,DANHOS13.MX
2022-11-25,17.010692596435547,DANHOS13.MX
2022-11-28,17.032684326171875,DANHOS13.MX
2022-11-29,17.04734992980957,DANHOS13.MX
2022-11-30,17.12067222595215,DANHOS13.MX
2022-12-01,17.37729835510254,DANHOS13.MX
2022-12-02,17.15733528137207,DANHOS13.MX
2022-12-05,17.032684326171875,DANHOS13.MX
2022-12-06,17.032684326171875,DANHOS13.MX
2022-12-07,17.106006622314453,DANHOS13.MX
2022-12-08,17.223323822021484,DANHOS13.MX
2022-12-09,17.3919620513916,DANHOS13.MX
2022-12-13,17.128002166748047,DANHOS13.MX
2022-12-14,17.208654403686523,DANHOS13.MX
2022-12-15,17.186662673950195,DANHOS13.MX
2022-12-16,16.864044189453125,DANHOS13.MX
2022-12-19,16.96669578552246,DANHOS13.MX
2022-12-20,17.106006622314453,DANHOS13.MX
2022-12-21,17.135334014892578,DANHOS13.MX
2022-12-22,17.267314910888672,DANHOS13.MX
2022-12-23,17.325971603393555,DANHOS13.MX
2022-12-26,17.362632751464844,DANHOS13.MX
2022-12-27,17.37729835510254,DANHOS13.MX
2022-12-28,16.768726348876953,DANHOS13.MX
2022-12-29,17.069345474243164,DANHOS13.MX
2022-12-30,17.135334014892578,DANHOS13.MX
2023-01-02,17.208654403686523,DANHOS13.MX
2023-01-03,17.58260154724121,DANHOS13.MX
2023-01-04,17.780569076538086,DANHOS13.MX
2023-01-05,17.78790283203125,DANHOS13.MX
2023-01-06,18.088520050048828,DANHOS13.MX
2023-01-09,18.25716209411621,DANHOS13.MX
2023-01-10,17.77323341369629,DANHOS13.MX
2023-01-11,17.949207305908203,DANHOS13.MX
2023-01-12,18.088520050048828,DANHOS13.MX
2023-01-13,18.17650604248047,DANHOS13.MX
2023-01-16,18.25716209411621,DANHOS13.MX
2023-01-17,17.707244873046875,DANHOS13.MX
2023-01-18,17.8465576171875,DANHOS13.MX
2023-01-19,17.809894561767578,DANHOS13.MX
2023-01-20,17.699913024902344,DANHOS13.MX
2023-01-23,17.82456398010254,DANHOS13.MX
2023-01-24,17.655921936035156,DANHOS13.MX
2023-01-25,18.110519409179688,DANHOS13.MX
2023-01-26,18.103187561035156,DANHOS13.MX
2023-01-27,18.147180557250977,DANHOS13.MX
2023-01-30,18.227828979492188,DANHOS13.MX
2023-01-31,18.183839797973633,DANHOS13.MX
2023-02-01,18.27182388305664,DANHOS13.MX
2023-02-02,18.198501586914062,DANHOS13.MX
2023-02-03,18.323148727416992,DANHOS13.MX
2023-02-07,17.971206665039062,DANHOS13.MX
2023-02-08,17.949207305908203,DANHOS13.MX
2023-02-09,16.864044189453125,DANHOS13.MX
2023-02-10,17.736574172973633,DANHOS13.MX
2023-02-13,18.05919075012207,DANHOS13.MX
2023-02-14,17.985870361328125,DANHOS13.MX
2023-02-15,17.743907928466797,DANHOS13.MX
2023-02-16,17.736574172973633,DANHOS13.MX
2023-02-17,17.89055061340332,DANHOS13.MX
2023-02-20,18.110519409179688,DANHOS13.MX
2023-02-21,17.809894561767578,DANHOS13.MX
2023-02-22,17.978538513183594,DANHOS13.MX
2023-02-23,18.044532775878906,DANHOS13.MX
2023-02-24,17.743907928466797,DANHOS13.MX
2023-02-27,17.721912384033203,DANHOS13.MX
2023-02-28,17.55327033996582,DANHOS13.MX
2023-03-01,17.79523277282715,DANHOS13.MX
2023-03-02,17.92721176147461,DANHOS13.MX
2023-03-03,18.095855712890625,DANHOS13.MX
2023-03-06,18.46438980102539,DANHOS13.MX
2023-03-07,18.329010009765625,DANHOS13.MX
2023-03-08,18.223711013793945,DANHOS13.MX
2023-03-09,18.41926383972168,DANHOS13.MX
2023-03-10,18.201147079467773,DANHOS13.MX
2023-03-13,18.517038345336914,DANHOS13.MX
2023-03-14,18.456867218017578,DANHOS13.MX
2023-03-15,18.381654739379883,DANHOS13.MX
2023-03-16,18.298927307128906,DANHOS13.MX
2023-03-17,17.486642837524414,DANHOS13.MX
2023-03-21,18.005598068237305,DANHOS13.MX
2023-03-22,17.975513458251953,DANHOS13.MX
2023-03-23,17.960472106933594,DANHOS13.MX
2023-03-24,18.110897064208984,DANHOS13.MX
2023-03-27,18.088333129882812,DANHOS13.MX
2023-03-28,18.14097785949707,DANHOS13.MX
2023-03-29,18.050724029541016,DANHOS13.MX
2023-03-30,17.945430755615234,DANHOS13.MX
2023-03-31,18.0432071685791,DANHOS13.MX
2023-04-03,17.930387496948242,DANHOS13.MX
2023-04-04,18.359092712402344,DANHOS13.MX
2023-04-05,17.87773895263672,DANHOS13.MX
2023-04-10,17.795007705688477,DANHOS13.MX
2023-04-11,18.050724029541016,DANHOS13.MX
2023-04-12,17.937908172607422,DANHOS13.MX
2023-04-13,18.163543701171875,DANHOS13.MX
2023-04-14,18.0432071685791,DANHOS13.MX
2023-04-17,17.892784118652344,DANHOS13.MX
2023-04-18,17.637065887451172,DANHOS13.MX
2023-04-19,17.674671173095703,DANHOS13.MX
2023-04-20,17.674671173095703,DANHOS13.MX
2023-04-21,17.71979522705078,DANHOS13.MX
2023-04-24,17.84013557434082,DANHOS13.MX
2023-04-25,17.614500045776367,DANHOS13.MX
2023-04-26,17.554332733154297,DANHOS13.MX
2023-04-27,17.749879837036133,DANHOS13.MX
2023-04-28,17.998075485229492,DANHOS13.MX
2023-05-02,17.77996253967285,DANHOS13.MX
2023-05-03,18.050724029541016,DANHOS13.MX
2023-05-04,17.832611083984375,DANHOS13.MX
2023-05-05,18.020639419555664,DANHOS13.MX
2023-05-08,18.051502227783203,DANHOS13.MX
2023-05-09,17.95121192932129,DANHOS13.MX
2023-05-10,17.912639617919922,DANHOS13.MX
2023-05-11,18.012928009033203,DANHOS13.MX
2023-05-12,17.812358856201172,DANHOS13.MX
2023-05-15,18.074644088745117,DANHOS13.MX
2023-05-16,17.88178253173828,DANHOS13.MX
2023-05-17,17.874069213867188,DANHOS13.MX
2023-05-18,17.781497955322266,DANHOS13.MX
2023-05-19,17.74292755126953,DANHOS13.MX
2023-05-22,17.665781021118164,DANHOS13.MX
2023-05-23,17.673494338989258,DANHOS13.MX
2023-05-24,17.712066650390625,DANHOS13.MX
2023-05-25,17.681215286254883,DANHOS13.MX
2023-05-26,17.634925842285156,DANHOS13.MX
2023-05-29,17.62721061706543,DANHOS13.MX
2023-05-30,17.611783981323242,DANHOS13.MX
2023-05-31,17.202922821044922,DANHOS13.MX
2023-06-01,17.10264015197754,DANHOS13.MX
2023-06-02,17.634925842285156,DANHOS13.MX
2023-06-05,17.480640411376953,DANHOS13.MX
2023-06-06,17.35721206665039,DANHOS13.MX
2023-06-07,17.34949493408203,DANHOS13.MX
2023-06-08,17.35721206665039,DANHOS13.MX
2023-06-09,17.35721206665039,DANHOS13.MX
2023-06-12,17.35721206665039,DANHOS13.MX
2023-06-13,17.172069549560547,DANHOS13.MX
2023-06-14,17.226064682006836,DANHOS13.MX
2023-06-15,17.156639099121094,DANHOS13.MX
2023-06-16,17.172069549560547,DANHOS13.MX
2023-06-19,17.241497039794922,DANHOS13.MX
2023-06-20,16.971492767333984,DANHOS13.MX
2023-06-21,17.04863929748535,DANHOS13.MX
2023-06-22,17.017778396606445,DANHOS13.MX
2023-06-23,16.88663673400879,DANHOS13.MX
2023-06-26,16.655208587646484,DANHOS13.MX
2023-06-27,16.67063331604004,DANHOS13.MX
2023-06-28,16.732351303100586,DANHOS13.MX
2023-06-29,16.732351303100586,DANHOS13.MX
2023-06-30,16.57806396484375,DANHOS13.MX
2023-07-03,16.616636276245117,DANHOS13.MX
2023-07-04,16.585777282714844,DANHOS13.MX
2023-07-05,16.74006462097168,DANHOS13.MX
2023-07-06,16.940637588500977,DANHOS13.MX
2023-07-07,16.971492767333984,DANHOS13.MX
2023-07-10,17.226064682006836,DANHOS13.MX
2023-07-11,17.318639755249023,DANHOS13.MX
2023-07-12,17.47292709350586,DANHOS13.MX
2023-07-13,17.418922424316406,DANHOS13.MX
2023-07-14,17.47292709350586,DANHOS13.MX
2023-07-17,17.341781616210938,DANHOS13.MX
2023-07-18,16.809497833251953,DANHOS13.MX
2023-07-19,16.686065673828125,DANHOS13.MX
2023-07-20,16.786354064941406,DANHOS13.MX
2023-07-21,17.13349723815918,DANHOS13.MX
2023-07-24,17.125783920288086,DANHOS13.MX
2023-07-25,17.156639099121094,DANHOS13.MX
2023-07-26,17.202922821044922,DANHOS13.MX
2023-07-27,17.01006507873535,DANHOS13.MX
2023-07-28,17.002349853515625,DANHOS13.MX
2023-07-31,16.932920455932617,DANHOS13.MX
2023-08-01,16.794065475463867,DANHOS13.MX
2023-08-02,16.732351303100586,DANHOS13.MX
2023-08-03,16.570348739624023,DANHOS13.MX
2023-08-04,16.74006462097168,DANHOS13.MX
2023-08-07,16.701492309570312,DANHOS13.MX
2023-08-08,16.83637237548828,DANHOS13.MX
2023-08-09,16.503141403198242,DANHOS13.MX
2023-08-10,16.49520492553711,DANHOS13.MX
2023-08-11,16.479337692260742,DANHOS13.MX
2023-08-14,16.62215232849121,DANHOS13.MX
2023-08-15,16.479337692260742,DANHOS13.MX
2023-08-16,16.52693748474121,DANHOS13.MX
2023-08-17,16.590417861938477,DANHOS13.MX
2023-08-18,16.614219665527344,DANHOS13.MX
2023-08-21,16.661823272705078,DANHOS13.MX
2023-08-22,16.503141403198242,DANHOS13.MX
2023-08-23,16.907779693603516,DANHOS13.MX
2023-08-24,16.83637237548828,DANHOS13.MX
2023-08-25,16.661823272705078,DANHOS13.MX
2023-08-28,17.01093101501465,DANHOS13.MX
2023-08-29,16.93952178955078,DANHOS13.MX
2023-08-30,16.860177993774414,DANHOS13.MX
2023-08-31,16.653886795043945,DANHOS13.MX
2023-09-01,16.590417861938477,DANHOS13.MX
2023-09-04,16.431730270385742,DANHOS13.MX
2023-09-05,16.431730270385742,DANHOS13.MX
2023-09-06,16.265117645263672,DANHOS13.MX
2023-09-07,16.217510223388672,DANHOS13.MX
2023-09-08,16.392059326171875,DANHOS13.MX
2023-09-11,16.423797607421875,DANHOS13.MX
2023-09-12,16.503141403198242,DANHOS13.MX
2023-09-13,16.02708625793457,DANHOS13.MX
2023-09-14,15.804932594299316,DANHOS13.MX
2023-09-15,16.503141403198242,DANHOS13.MX
2023-09-18,16.02708625793457,DANHOS13.MX
2023-09-19,15.55103588104248,DANHOS13.MX
2023-09-20,15.709718704223633,DANHOS13.MX
2023-09-21,15.7176513671875,DANHOS13.MX
2023-09-22,15.535167694091797,DANHOS13.MX
2023-09-25,15.439955711364746,DANHOS13.MX
2023-09-26,15.47169303894043,DANHOS13.MX
2023-09-27,15.495494842529297,DANHOS13.MX
2023-09-28,15.606575012207031,DANHOS13.MX
2023-09-29,15.511363983154297,DANHOS13.MX
2023-10-02,15.55897045135498,DANHOS13.MX
2023-10-03,15.320940971374512,DANHOS13.MX
2023-10-04,15.320940971374512,DANHOS13.MX
2023-10-05,15.51930046081543,DANHOS13.MX
2023-10-06,15.566904067993164,DANHOS13.MX
2023-10-09,15.25747013092041,DANHOS13.MX
2023-10-10,15.67798137664795,DANHOS13.MX
2023-10-11,15.765260696411133,DANHOS13.MX
2023-10-12,15.836666107177734,DANHOS13.MX
2023-10-13,15.884272575378418,DANHOS13.MX
2023-10-16,16.24131202697754,DANHOS13.MX
2023-10-17,16.035018920898438,DANHOS13.MX
2023-10-18,15.971546173095703,DANHOS13.MX
2023-10-19,16.296850204467773,DANHOS13.MX
2023-10-20,15.955683708190918,DANHOS13.MX
2023-10-23,15.622445106506348,DANHOS13.MX
2023-10-24,15.646245956420898,DANHOS13.MX
2023-10-25,15.598641395568848,DANHOS13.MX
2023-10-26,15.67004680633545,DANHOS13.MX
2023-10-27,15.630376815795898,DANHOS13.MX
2023-10-30,15.313006401062012,DANHOS13.MX
2023-10-31,15.344745635986328,DANHOS13.MX
2023-11-01,15.789058685302734,DANHOS13.MX
2023-11-03,16.280982971191406,DANHOS13.MX
2023-11-06,16.378324508666992,DANHOS13.MX
2023-11-07,16.070064544677734,DANHOS13.MX
2023-11-08,16.183637619018555,DANHOS13.MX
2023-11-09,16.14307403564453,DANHOS13.MX
2023-11-10,16.094404220581055,DANHOS13.MX
2023-11-13,16.126850128173828,DANHOS13.MX
2023-11-14,16.061954498291016,DANHOS13.MX
2023-11-15,15.810481071472168,DANHOS13.MX
2023-11-16,15.85103988647461,DANHOS13.MX
2023-11-17,15.948386192321777,DANHOS13.MX
2023-11-21,15.948386192321777,DANHOS13.MX
2023-11-22,15.883488655090332,DANHOS13.MX
2023-11-23,15.81859302520752,DANHOS13.MX
2023-11-24,15.948386192321777,DANHOS13.MX
2023-11-27,15.794256210327148,DANHOS13.MX
2023-11-28,15.810481071472168,DANHOS13.MX
2023-11-29,15.656347274780273,DANHOS13.MX
2023-11-30,15.737472534179688,DANHOS13.MX
2023-12-01,15.7050199508667,DANHOS13.MX
2023-12-04,15.810481071472168,DANHOS13.MX
2023-12-05,15.83481502532959,DANHOS13.MX
2023-12-06,15.83481502532959,DANHOS13.MX
2023-12-07,15.907824516296387,DANHOS13.MX
2023-12-08,16.04572868347168,DANHOS13.MX
2023-12-11,16.224197387695312,DANHOS13.MX
2023-12-13,15.915939331054688,DANHOS13.MX
2023-12-14,16.037616729736328,DANHOS13.MX
2023-12-15,16.199857711791992,DANHOS13.MX
2023-12-18,16.199857711791992,DANHOS13.MX
2023-12-19,16.394546508789062,DANHOS13.MX
2023-12-20,16.362102508544922,DANHOS13.MX
2023-12-21,16.6784725189209,DANHOS13.MX
2023-12-22,16.629806518554688,DANHOS13.MX
2023-12-26,16.775821685791016,DANHOS13.MX
2023-12-27,17.311220169067383,DANHOS13.MX
2023-12-28,17.157089233398438,DANHOS13.MX
2023-12-29,16.921842575073242,DANHOS13.MX
2024-01-02,17.35988998413086,DANHOS13.MX
2024-01-03,17.343664169311523,DANHOS13.MX
2024-01-04,17.157089233398438,DANHOS13.MX
2024-01-05,17.18953514099121,DANHOS13.MX
2024-01-08,17.335554122924805,DANHOS13.MX
2024-01-09,17.335554122924805,DANHOS13.MX
2024-01-10,17.441011428833008,DANHOS13.MX
2024-01-11,17.449127197265625,DANHOS13.MX
2024-01-12,17.432899475097656,DANHOS13.MX
2024-01-15,17.38422393798828,DANHOS13.MX
2024-01-16,17.700599670410156,DANHOS13.MX
2024-01-17,17.262544631958008,DANHOS13.MX
2024-01-18,17.084075927734375,DANHOS13.MX
2024-01-19,17.18142318725586,DANHOS13.MX
2024-01-22,16.994848251342773,DANHOS13.MX
2024-01-23,17.408559799194336,DANHOS13.MX
2024-01-24,17.035404205322266,DANHOS13.MX
2024-01-25,17.035404205322266,DANHOS13.MX
2024-01-26,17.04351806640625,DANHOS13.MX
2024-01-29,17.100303649902344,DANHOS13.MX
2024-01-30,17.092191696166992,DANHOS13.MX
2024-01-31,16.897499084472656,DANHOS13.MX
2024-02-01,16.889389038085938,DANHOS13.MX
2024-02-02,16.873165130615234,DANHOS13.MX
2024-02-06,16.98673439025879,DANHOS13.MX
2024-02-07,17.027292251586914,DANHOS13.MX
2024-02-08,16.962400436401367,DANHOS13.MX
2024-02-09,16.994848251342773,DANHOS13.MX
2024-02-12,17.011072158813477,DANHOS13.MX
2024-02-13,16.94617462158203,DANHOS13.MX
2024-02-14,16.856943130493164,DANHOS13.MX
2024-02-15,16.800153732299805,DANHOS13.MX
2024-02-16,16.710922241210938,DANHOS13.MX
2024-02-19,16.913726806640625,DANHOS13.MX
2024-02-20,16.897499084472656,DANHOS13.MX
2024-02-21,16.897499084472656,DANHOS13.MX
2024-02-22,16.727148056030273,DANHOS13.MX
2024-02-23,16.727148056030273,DANHOS13.MX
2024-02-26,16.881275177001953,DANHOS13.MX
2024-02-27,16.79204559326172,DANHOS13.MX
2024-02-28,16.79204559326172,DANHOS13.MX
2024-02-29,16.621688842773438,DANHOS13.MX
2024-03-01,16.629806518554688,DANHOS13.MX
2024-03-04,16.928394317626953,DANHOS13.MX
2024-03-05,16.91180419921875,DANHOS13.MX
2024-03-06,16.762508392333984,DANHOS13.MX
2024-03-07,16.729333877563477,DANHOS13.MX
2024-03-08,16.795686721801758,DANHOS13.MX
2024-03-11,16.8288631439209,DANHOS13.MX
2024-03-12,16.853742599487305,DANHOS13.MX
2024-03-13,17.077686309814453,DANHOS13.MX
2024-03-14,16.812273025512695,DANHOS13.MX
2024-03-15,16.762508392333984,DANHOS13.MX
2024-03-19,16.870330810546875,DANHOS13.MX
2024-03-20,17.309921264648438,DANHOS13.MX
2024-03-21,17.119157791137695,DANHOS13.MX
2024-03-22,17.01962661743164,DANHOS13.MX
2024-03-25,17.243568420410156,DANHOS13.MX
2024-03-26,17.077686309814453,DANHOS13.MX
2024-03-27,16.795686721801758,DANHOS13.MX
2024-04-01,16.754215240478516,DANHOS13.MX
2024-04-02,16.8288631439209,DANHOS13.MX
2024-04-03,16.84545135498047,DANHOS13.MX
2024-04-04,16.928394317626953,DANHOS13.MX
2024-04-05,16.93668556213379,DANHOS13.MX
2024-04-08,16.9947452545166,DANHOS13.MX
2024-04-09,17.01133155822754,DANHOS13.MX
2024-04-10,17.069393157958984,DANHOS13.MX
2024-04-11,16.803977966308594,DANHOS13.MX
2024-04-12,16.68785858154297,DANHOS13.MX
2024-04-15,16.812273025512695,DANHOS13.MX
2024-04-16,16.795686721801758,DANHOS13.MX
2024-04-17,16.754215240478516,DANHOS13.MX
2024-04-18,16.795686721801758,DANHOS13.MX
2024-04-19,17.16892433166504,DANHOS13.MX
2024-04-22,17.077686309814453,DANHOS13.MX
2024-04-23,17.21039390563965,DANHOS13.MX
2024-04-24,16.853742599487305,DANHOS13.MX
2024-04-25,16.886920928955078,DANHOS13.MX
2024-04-26,17.309921264648438,DANHOS13.MX
2024-04-29,17.260156631469727,DANHOS13.MX
2024-04-30,17.193801879882812,DANHOS13.MX
2024-05-02,17.41774559020996,DANHOS13.MX
2024-05-03,17.56704330444336,DANHOS13.MX
2024-05-06,17.525569915771484,DANHOS13.MX
2024-05-07,17.7578067779541,DANHOS13.MX
2024-05-08,17.450923919677734,DANHOS13.MX
2024-05-09,17.662809371948242,DANHOS13.MX
2024-05-10,17.52720069885254,DANHOS13.MX
2024-05-13,17.60348129272461,DANHOS13.MX
2024-05-14,17.50177574157715,DANHOS13.MX
2024-05-15,17.586532592773438,DANHOS13.MX
2024-05-16,17.552627563476562,DANHOS13.MX
2024-05-17,17.586532592773438,DANHOS13.MX
2024-05-20,17.578054428100586,DANHOS13.MX
2024-05-21,17.493301391601562,DANHOS13.MX
2024-05-22,17.425495147705078,DANHOS13.MX
2024-05-23,17.544153213500977,DANHOS13.MX
2024-05-24,17.425495147705078,DANHOS13.MX
2024-05-27,17.400070190429688,DANHOS13.MX
2024-05-28,17.38311767578125,DANHOS13.MX
2024-05-29,17.789939880371094,DANHOS13.MX
2024-05-30,17.79841423034668,DANHOS13.MX
2024-05-31,17.934022903442383,DANHOS13.MX
2024-06-03,17.64586067199707,DANHOS13.MX
2024-06-04,17.71366310119629,DANHOS13.MX
2024-06-05,18.18828582763672,DANHOS13.MX
2024-06-06,18.05267906188965,DANHOS13.MX
2024-06-07,17.518728256225586,DANHOS13.MX
2024-06-10,17.64586067199707,DANHOS13.MX
2024-06-11,17.63738250732422,DANHOS13.MX
2024-06-12,17.586532592773438,DANHOS13.MX
2024-06-13,17.46787452697754,DANHOS13.MX
2024-06-14,17.50177574157715,DANHOS13.MX
2024-06-17,17.48482322692871,DANHOS13.MX
2024-06-18,17.59500503540039,DANHOS13.MX
2024-06-19,17.628904342651367,DANHOS13.MX
2024-06-20,17.671283721923828,DANHOS13.MX
2024-06-21,17.01020050048828,DANHOS13.MX
2024-06-24,17.1966609954834,DANHOS13.MX
2024-06-25,17.02715301513672,DANHOS13.MX
2024-06-26,16.832216262817383,DANHOS13.MX
2024-06-27,16.925447463989258,DANHOS13.MX
2024-06-28,16.730510711669922,DANHOS13.MX
2024-07-01,17.20513153076172,DANHOS13.MX
2024-07-02,16.7813663482666,DANHOS13.MX
2024-07-03,16.90001678466797,DANHOS13.MX
2024-07-04,17.06952667236328,DANHOS13.MX
2024-07-05,16.90001678466797,DANHOS13.MX
2024-07-08,17.38311767578125,DANHOS13.MX
2024-07-09,17.20513153076172,DANHOS13.MX
2024-07-10,17.162757873535156,DANHOS13.MX
2024-07-11,17.544153213500977,DANHOS13.MX
2024-07-12,17.756040573120117,DANHOS13.MX
2024-07-15,17.69671058654785,DANHOS13.MX
2024-07-16,17.88317108154297,DANHOS13.MX
2024-07-17,17.88317108154297,DANHOS13.MX
2024-07-18,17.874692916870117,DANHOS13.MX
2024-07-19,17.764514923095703,DANHOS13.MX
2024-07-22,17.815366744995117,DANHOS13.MX
2024-07-23,17.64586067199707,DANHOS13.MX
2024-07-24,17.28989028930664,DANHOS13.MX
2024-07-25,17.052576065063477,DANHOS13.MX
2024-07-26,17.162757873535156,DANHOS13.MX
2024-07-29,17.510251998901367,DANHOS13.MX
2024-07-30,17.22208595275879,DANHOS13.MX
2024-07-31,17.37464141845703,DANHOS13.MX
2024-08-01,17.20513153076172,DANHOS13.MX
2024-08-02,17.1966609954834,DANHOS13.MX
2024-08-05,16.789838790893555,DANHOS13.MX
2024-08-06,17.18818473815918,DANHOS13.MX
2024-08-07,17.46787452697754,DANHOS13.MX
2024-08-08,17.815366744995117,DANHOS13.MX
2024-08-09,17.67679214477539,DANHOS13.MX
2024-08-12,17.927959442138672,DANHOS13.MX
2024-08-13,18.369657516479492,DANHOS13.MX
2024-08-14,18.525556564331055,DANHOS13.MX
2024-08-15,18.352340698242188,DANHOS13.MX
2024-08-16,18.50823402404785,DANHOS13.MX
2024-08-19,18.40430450439453,DANHOS13.MX
2024-08-20,18.265731811523438,DANHOS13.MX
2024-08-21,18.11849594116211,DANHOS13.MX
2024-08-22,18.161800384521484,DANHOS13.MX
2024-08-23,18.135818481445312,DANHOS13.MX
2024-08-26,17.98858642578125,DANHOS13.MX
2024-08-27,17.425628662109375,DANHOS13.MX
2024-08-28,17.442949295043945,DANHOS13.MX
2024-08-29,17.278396606445312,DANHOS13.MX
2024-08-30,17.356342315673828,DANHOS13.MX
2024-09-02,17.408306121826172,DANHOS13.MX
2024-09-03,17.31303596496582,DANHOS13.MX
2024-09-04,17.278396606445312,DANHOS13.MX
2024-09-05,17.47759437561035,DANHOS13.MX
2024-09-06,17.399646759033203,DANHOS13.MX
2024-09-09,17.34768295288086,DANHOS13.MX
2024-09-10,17.31303596496582,DANHOS13.MX
2024-09-11,17.261070251464844,DANHOS13.MX
2024-09-12,17.67679214477539,DANHOS13.MX
2024-09-13,17.3909854888916,DANHOS13.MX
2024-09-17,17.65081024169922,DANHOS13.MX
2024-09-18,17.494916915893555,DANHOS13.MX
2024-09-19,17.65081024169922,DANHOS13.MX
2024-09-20,17.581523895263672,DANHOS13.MX
2024-09-23,17.3909854888916,DANHOS13.MX
2024-09-24,17.824026107788086,DANHOS13.MX
2024-09-25,17.824026107788086,DANHOS13.MX
2024-09-26,18.179121017456055,DANHOS13.MX
2024-09-27,18.005903244018555,DANHOS13.MX
2024-09-30,18.213768005371094,DANHOS13.MX
2024-10-02,17.59018325805664,DANHOS13.MX
2024-10-03,17.858671188354492,DANHOS13.MX
2024-10-04,18.361000061035156,DANHOS13.MX
2024-10-07,18.187782287597656,DANHOS13.MX
2024-10-08,18.187782287597656,DANHOS13.MX
2024-10-09,18.187782287597656,DANHOS13.MX
2024-10-10,18.196447372436523,DANHOS13.MX
2024-10-11,18.283052444458008,DANHOS13.MX
2024-10-14,18.291715621948242,DANHOS13.MX
2024-10-15,17.850011825561523,DANHOS13.MX
2024-10-16,17.46027183532715,DANHOS13.MX
2024-10-17,17.34768295288086,DANHOS13.MX
2024-10-18,17.624828338623047,DANHOS13.MX
2024-10-21,17.927959442138672,DANHOS13.MX
2024-10-22,17.754737854003906,DANHOS13.MX
2024-10-23,17.806703567504883,DANHOS13.MX
2024-10-24,17.875993728637695,DANHOS13.MX
2024-10-25,17.76340103149414,DANHOS13.MX
2024-10-28,17.5468807220459,DANHOS13.MX
2024-10-29,17.8933162689209,DANHOS13.MX
2024-10-30,18.31769561767578,DANHOS13.MX
2024-10-31,18.64681053161621,DANHOS13.MX
2024-11-01,18.612167358398438,DANHOS13.MX
2024-11-04,18.594844818115234,DANHOS13.MX
2024-11-05,18.560197830200195,DANHOS13.MX
2024-11-06,18.811363220214844,DANHOS13.MX
2024-11-07,18.66413116455078,DANHOS13.MX
2024-11-08,18.612167358398438,DANHOS13.MX
2024-11-11,18.638151168823242,DANHOS13.MX
2024-11-12,18.80621910095215,DANHOS13.MX
2024-11-13,18.346233367919922,DANHOS13.MX
2024-11-14,18.531999588012695,DANHOS13.MX
2024-11-15,18.35508155822754,DANHOS13.MX
2024-11-19,18.133934020996094,DANHOS13.MX
2024-11-20,18.018938064575195,DANHOS13.MX
2024-11-21,18.001251220703125,DANHOS13.MX
2024-11-22,18.018938064575195,DANHOS13.MX
2024-11-25,19.549270629882812,DANHOS13.MX
2024-11-26,19.18659019470215,DANHOS13.MX
2024-11-27,19.151206970214844,DANHOS13.MX
2024-11-28,19.345813751220703,DANHOS13.MX
2024-11-29,19.036211013793945,DANHOS13.MX
2024-12-02,19.363506317138672,DANHOS13.MX
2024-12-03,19.07159423828125,DANHOS13.MX
2024-12-04,18.417003631591797,DANHOS13.MX
2024-12-05,19.22197151184082,DANHOS13.MX
2024-12-06,18.753141403198242,DANHOS13.MX
2024-12-09,19.018518447875977,DANHOS13.MX
2024-12-10,18.9300594329834,DANHOS13.MX
2024-12-11,19.018518447875977,DANHOS13.MX
2024-12-13,19.328121185302734,DANHOS13.MX
2024-12-16,18.80621910095215,DANHOS13.MX
2024-12-17,18.390464782714844,DANHOS13.MX
2024-12-18,18.222394943237305,DANHOS13.MX
2024-12-19,18.983137130737305,DANHOS13.MX
2024-12-20,18.885833740234375,DANHOS13.MX
2024-12-23,18.390464782714844,DANHOS13.MX
2024-12-24,18.28431510925293,DANHOS13.MX
2024-12-26,18.266624450683594,DANHOS13.MX
2024-12-27,18.54969024658203,DANHOS13.MX
2024-12-30,17.815486907958984,DANHOS13.MX
2024-12-31,17.82433319091797,DANHOS13.MX
2025-01-02,18.02778434753418,DANHOS13.MX
2025-01-03,17.6916446685791,DANHOS13.MX
2025-01-06,17.735872268676758,DANHOS13.MX
2025-01-07,17.665109634399414,DANHOS13.MX
2025-01-08,17.735872268676758,DANHOS13.MX
2025-01-09,17.6916446685791,DANHOS13.MX
2025-01-10,17.550111770629883,DANHOS13.MX
2025-01-13,17.523574829101562,DANHOS13.MX
2025-01-14,17.585493087768555,DANHOS13.MX
2025-01-15,17.868562698364258,DANHOS13.MX
2025-01-16,17.82433319091797,DANHOS13.MX
2025-01-17,17.753564834594727,DANHOS13.MX
2025-01-20,18.04547882080078,DANHOS13.MX
2025-01-21,18.133934020996094,DANHOS13.MX
2025-01-22,18.248931884765625,DANHOS13.MX
2025-01-23,18.97429084777832,DANHOS13.MX
2025-01-24,18.57622528076172,DANHOS13.MX
2025-01-27,18.470075607299805,DANHOS13.MX
2025-01-28,18.319698333740234,DANHOS13.MX
2025-01-29,18.97429084777832,DANHOS13.MX
2025-01-30,18.912368774414062,DANHOS13.MX
2025-01-31,18.83275604248047,DANHOS13.MX
2025-02-04,19.23966407775879,DANHOS13.MX
2025-02-05,19.142358779907227,DANHOS13.MX
2025-02-06,19.106975555419922,DANHOS13.MX
2025-02-07,19.248510360717773,DANHOS13.MX
2025-02-10,19.21312713623047,DANHOS13.MX
2025-02-11,19.4608097076416,DANHOS13.MX
2025-02-12,19.4608097076416,DANHOS13.MX
2025-02-13,19.611188888549805,DANHOS13.MX
2025-02-14,19.637727737426758,DANHOS13.MX
2025-02-17,19.673107147216797,DANHOS13.MX
2025-02-18,19.416580200195312,DANHOS13.MX
2025-02-19,19.372352600097656,DANHOS13.MX
2025-02-20,18.620454788208008,DANHOS13.MX
2025-02-21,18.3020076751709,DANHOS13.MX
2025-02-24,18.169322967529297,DANHOS13.MX
2025-02-25,18.133934020996094,DANHOS13.MX
2025-02-26,18.84160041809082,DANHOS13.MX
2025-02-27,18.938905715942383,DANHOS13.MX
2025-02-28,18.885833740234375,DANHOS13.MX
2025-03-03,19.062747955322266,DANHOS13.MX
2025-03-04,19.000825881958008,DANHOS13.MX
2025-03-05,19.372352600097656,DANHOS13.MX
2025-03-06,19.496192932128906,DANHOS13.MX
2025-03-07,19.549270629882812,DANHOS13.MX
2025-03-10,19.05390167236328,DANHOS13.MX
2025-03-11,19.02736473083496,DANHOS13.MX
2025-03-12,19.76822280883789,DANHOS13.MX
2025-03-13,19.921812057495117,DANHOS13.MX
2025-03-14,20.030231475830078,DANHOS13.MX
2025-03-18,20.12961769104004,DANHOS13.MX
2025-03-19,20.19285774230957,DANHOS13.MX
2025-03-20,20.328380584716797,DANHOS13.MX
2025-03-21,19.994091033935547,DANHOS13.MX
2025-03-24,20.2470645904541,DANHOS13.MX
2025-03-25,20.37355613708496,DANHOS13.MX
2025-03-26,20.689773559570312,DANHOS13.MX
2025-03-27,20.599424362182617,DANHOS13.MX
2025-03-28,20.55425262451172,DANHOS13.MX
2025-03-31,20.201892852783203,DANHOS13.MX
2025-04-01,20.463905334472656,DANHOS13.MX
2025-04-02,20.120580673217773,DANHOS13.MX
2025-04-03,20.590391159057617,DANHOS13.MX
2025-04-04,20.057336807250977,DANHOS13.MX
2025-04-07,20.057336807250977,DANHOS13.MX
2025-04-08,20.057336807250977,DANHOS13.MX
2025-04-09,21.114412307739258,DANHOS13.MX
2025-04-10,20.147682189941406,DANHOS13.MX
2025-04-11,20.201892852783203,DANHOS13.MX
2025-04-14,20.463905334472656,DANHOS13.MX
2025-04-15,20.238033294677734,DANHOS13.MX
2025-04-16,20.581357955932617,DANHOS13.MX
2025-04-21,20.11154556274414,DANHOS13.MX
2025-04-22,20.11154556274414,DANHOS13.MX
2025-04-23,20.057336807250977,DANHOS13.MX
2025-04-24,19.994091033935547,DANHOS13.MX
2025-04-25,20.165754318237305,DANHOS13.MX
2025-04-28,20.500041961669922,DANHOS13.MX
2025-04-29,19.966989517211914,DANHOS13.MX
2025-04-30,20.057336807250977,DANHOS13.MX
2025-05-02,20.48197364807129,DANHOS13.MX
2025-05-05,20.328380584716797,DANHOS13.MX
2025-05-06,20.509077072143555,DANHOS13.MX
2025-05-07,20.463905334472656,DANHOS13.MX
2025-05-08,20.33741569519043,DANHOS13.MX
2025-05-09,20.671703338623047,DANHOS13.MX
2025-05-12,20.800731658935547,DANHOS13.MX
2025-05-13,20.478164672851562,DANHOS13.MX
2025-05-14,20.88367462158203,DANHOS13.MX
2025-05-15,21.114076614379883,DANHOS13.MX
2025-05-16,21.52880096435547,DANHOS13.MX
2025-05-19,21.897443771362305,DANHOS13.MX
2025-05-20,21.943525314331055,DANHOS13.MX
2025-05-21,22.91121482849121,DANHOS13.MX
2025-05-22,23.021808624267578,DANHOS13.MX
2025-05-23,22.800622940063477,DANHOS13.MX
2025-05-26,23.040241241455078,DANHOS13.MX
2025-05-27,24.49638557434082,DANHOS13.MX
2025-05-28,25.58388328552246,DANHOS13.MX
2025-05-29,25.897232055664062,DANHOS13.MX
2025-05-30,26.26587677001953,DANHOS13.MX
2025-06-02,24.846593856811523,DANHOS13.MX
2025-06-03,23.961851119995117,DANHOS13.MX
2025-06-04,22.772974014282227,DANHOS13.MX
2025-06-05,22.653165817260742,DANHOS13.MX
2025-06-06,22.920433044433594,DANHOS13.MX
2025-06-09,23.23377799987793,DANHOS13.MX
2025-06-10,23.408884048461914,DANHOS13.MX
2025-06-11,23.51947784423828,DANHOS13.MX
2025-06-12,23.59320831298828,DANHOS13.MX
2025-06-13,23.150835037231445,DANHOS13.MX
2025-06-16,22.76375961303711,DANHOS13.MX
2025-06-17,22.819055557250977,DANHOS13.MX
2025-06-18,23.224563598632812,DANHOS13.MX
2025-06-19,23.040241241455078,DANHOS13.MX
2025-06-20,23.003376007080078,DANHOS13.MX
2025-06-23,22.321382522583008,DANHOS13.MX
2025-06-24,22.44119644165039,DANHOS13.MX
2025-06-25,22.837488174438477,DANHOS13.MX
2025-06-26,23.5839900970459,DANHOS13.MX
2025-06-27,23.454965591430664,DANHOS13.MX
2025-06-30,22.68081283569336,DANHOS13.MX
2025-07-01,22.44119644165039,DANHOS13.MX
2025-07-02,22.349035263061523,DANHOS13.MX
2025-07-03,22.339820861816406,DANHOS13.MX
2025-07-04,22.431978225708008,DANHOS13.MX
2025-07-07,22.302953720092773,DANHOS13.MX
2025-07-08,22.146282196044922,DANHOS13.MX
2025-07-09,22.87434959411621,DANHOS13.MX
2025-07-10,22.302953720092773,DANHOS13.MX
2025-07-11,22.75454330444336,DANHOS13.MX
2025-07-14,22.690031051635742,DANHOS13.MX
2025-07-15,22.321382522583008,DANHOS13.MX
2025-07-16,22.800622940063477,DANHOS13.MX
2025-07-17,22.634733200073242,DANHOS13.MX
2025-07-18,22.487276077270508,DANHOS13.MX
2025-07-21,22.44119644165039,DANHOS13.MX
2025-07-22,22.653165817260742,DANHOS13.MX
2025-07-23,22.496492385864258,DANHOS13.MX
2025-07-24,22.809839248657227,DANHOS13.MX
2025-07-25,22.782188415527344,DANHOS13.MX
2025-07-28,22.96651268005371,DANHOS13.MX
2025-07-29,23.049457550048828,DANHOS13.MX
2025-07-30,23.040241241455078,DANHOS13.MX
2025-07-31,23.187700271606445,DANHOS13.MX
2025-08-01,23.113969802856445,DANHOS13.MX
2025-08-04,23.058671951293945,DANHOS13.MX
2025-08-05,23.261425018310547,DANHOS13.MX
2025-08-06,23.59320831298828,DANHOS13.MX
2025-08-07,23.713016510009766,DANHOS13.MX
2025-08-08,23.842041015625,DANHOS13.MX
2025-08-11,23.842041015625,DANHOS13.MX
2025-08-12,24.189075469970703,DANHOS13.MX
2025-08-13,24.423553466796875,DANHOS13.MX
2025-08-14,24.386037826538086,DANHOS13.MX
2025-08-15,24.29224395751953,DANHOS13.MX
2025-08-18,23.654455184936523,DANHOS13.MX
2025-08-19,23.344942092895508,DANHOS13.MX
2025-08-20,23.166736602783203,DANHOS13.MX
2025-08-21,23.213632583618164,DANHOS13.MX
2025-08-22,23.691972732543945,DANHOS13.MX
2025-08-25,23.588802337646484,DANHOS13.MX
2025-08-26,24.08590316772461,DANHOS13.MX
2025-08-27,24.29224395751953,DANHOS13.MX
2025-08-28,24.339143753051758,DANHOS13.MX
2025-08-29,24.779966354370117,DANHOS13.MX
2025-09-01,24.84562110900879,DANHOS13.MX
2025-09-02,24.53610610961914,DANHOS13.MX
2025-09-03,24.798723220825195,DANHOS13.MX
2025-09-04,24.770586013793945,DANHOS13.MX
2025-09-05,24.226591110229492,DANHOS13.MX
2025-09-08,24.742450714111328,DANHOS13.MX
2025-09-09,24.376659393310547,DANHOS13.MX
2025-09-10,24.5267276763916,DANHOS13.MX
2025-09-11,26.261884689331055,DANHOS13.MX
2025-09-12,25.999265670776367,DANHOS13.MX
2025-09-15,26.261884689331055,DANHOS13.MX
2025-09-17,28.2127685546875,DANHOS13.MX
2025-09-18,28.015806198120117,DANHOS13.MX
2025-09-19,27.668771743774414,DANHOS13.MX
2025-09-22,26.168094635009766,DANHOS13.MX
2025-09-23,25.961750030517578,DANHOS13.MX
2025-09-24,26.158714294433594,DANHOS13.MX
2025-09-25,26.064924240112305,DANHOS13.MX
2025-09-26,25.86795997619629,DANHOS13.MX
2025-09-29,26.524505615234375,DANHOS13.MX
2025-09-30,26.149335861206055,DANHOS13.MX
2025-10-01,25.69913101196289,DANHOS13.MX
2025-10-02,25.93361473083496,DANHOS13.MX
2025-10-03,26.702709197998047,DANHOS13.MX
2025-10-06,26.355680465698242,DANHOS13.MX
2025-10-07,26.036785125732422,DANHOS13.MX
2025-10-08,26.655813217163086,DANHOS13.MX
2025-10-09,26.730850219726562,DANHOS13.MX
2025-10-10,26.486988067626953,DANHOS13.MX
2025-10-13,27.38739776611328,DANHOS13.MX
2025-10-14,26.47760772705078,DANHOS13.MX
2025-10-15,27.668771743774414,DANHOS13.MX
2025-10-16,26.890295028686523,DANHOS13.MX
2025-10-17,25.999265670776367,DANHOS13.MX
2025-10-20,26.843400955200195,DANHOS13.MX
2025-10-21,26.42133331298828,DANHOS13.MX
2025-10-22,26.899675369262695,DANHOS13.MX
2025-10-23,27.199810028076172,DANHOS13.MX
2025-10-24,26.158714294433594,DANHOS13.MX
2025-10-27,27.021604537963867,DANHOS13.MX
2025-10-28,26.57140350341797,DANHOS13.MX
2025-10-29,27.40615463256836,DANHOS13.MX
2025-10-30,26.66519546508789,DANHOS13.MX
2025-10-31,27.106016159057617,DANHOS13.MX
2025-11-03,28.137737274169922,DANHOS13.MX
2025-11-04,27.865737915039062,DANHOS13.MX
2025-11-05,28.137737274169922,DANHOS13.MX
2025-11-06,28.034563064575195,DANHOS13.MX
2025-11-07,28.325319290161133,DANHOS13.MX
2025-11-10,28.325319290161133,DANHOS13.MX
2025-11-11,28.653593063354492,DANHOS13.MX
2025-11-12,28.586959838867188,DANHOS13.MX
2025-11-13,28.025310516357422,DANHOS13.MX
2025-11-14,28.272817611694336,DANHOS13.MX
2025-11-18,27.70164680480957,DANHOS13.MX
2025-11-19,27.082883834838867,DANHOS13.MX
2025-11-20,26.854413986206055,DANHOS13.MX
2025-11-21,26.521236419677734,DANHOS13.MX
2025-11-24,27.86347770690918,DANHOS13.MX
2025-11-25,27.692129135131836,DANHOS13.MX
2025-11-26,27.416065216064453,DANHOS13.MX
2025-11-27,27.501737594604492,DANHOS13.MX
2025-11-28,27.949155807495117,DANHOS13.MX
2025-12-01,27.882518768310547,DANHOS13.MX
2025-12-02,28.015790939331055,DANHOS13.MX
2025-12-03,27.368467330932617,DANHOS13.MX
2025-12-04,26.730663299560547,DANHOS13.MX
2025-12-05,26.825857162475586,DANHOS13.MX
2025-12-08,26.4641170501709,DANHOS13.MX
2025-12-09,27.054323196411133,DANHOS13.MX
2025-12-10,26.692584991455078,DANHOS13.MX
2025-12-11,26.283246994018555,DANHOS13.MX
2025-12-15,26.606910705566406,DANHOS13.MX
2025-12-16,26.625947952270508,DANHOS13.MX
2025-12-17,26.38796043395996,DANHOS13.MX
2025-12-18,26.77825927734375,DANHOS13.MX
2025-12-19,26.654504776000977,DANHOS13.MX
2025-12-22,26.55931282043457,DANHOS13.MX
2025-12-23,26.835376739501953,DANHOS13.MX
2025-12-24,26.825857162475586,DANHOS13.MX
2025-12-26,26.806819915771484,DANHOS13.MX
2025-12-29,26.806819915771484,DANHOS13.MX
2025-12-30,26.55931282043457,DANHOS13.MX
2025-12-31,26.664026260375977,DANHOS13.MX
2026-01-02,26.654504776000977,DANHOS13.MX
2026-01-05,26.55931282043457,DANHOS13.MX
2026-01-06,26.397480010986328,DANHOS13.MX
2026-01-07,26.397480010986328,DANHOS13.MX
2026-01-08,26.606910705566406,DANHOS13.MX
2026-01-09,26.521236419677734,DANHOS13.MX
2026-01-12,26.68306541442871,DANHOS13.MX
2026-01-13,26.74970245361328,DANHOS13.MX
2026-01-14,26.502193450927734,DANHOS13.MX
2026-01-15,26.502193450927734,DANHOS13.MX
2026-01-16,26.54979133605957,DANHOS13.MX
2026-01-19,26.511714935302734,DANHOS13.MX
2026-01-20,26.854413986206055,DANHOS13.MX
2026-01-21,27.435102462768555,DANHOS13.MX
2026-01-22,26.644987106323242,DANHOS13.MX
2026-01-23,26.702102661132812,DANHOS13.MX
2026-01-26,26.606910705566406,DANHOS13.MX
2026-01-27,26.188053131103516,DANHOS13.MX
2026-01-28,26.492673873901367,DANHOS13.MX
2026-01-29,26.483156204223633,DANHOS13.MX
2026-01-30,25.826313018798828,DANHOS13.MX
2026-02-03,26.14045524597168,DANHOS13.MX
2026-02-04,25.85487174987793,DANHOS13.MX
2026-02-05,25.226585388183594,DANHOS13.MX
2026-02-06,25.3693790435791,DANHOS13.MX
2026-02-09,25.693038940429688,DANHOS13.MX
2026-02-10,25.3408203125,DANHOS13.MX
2026-02-11,25.78823471069336,DANHOS13.MX
2026-02-12,25.740638732910156,DANHOS13.MX
2026-02-13,26.007183074951172,DANHOS13.MX
2026-02-16,26.254690170288086,DANHOS13.MX
2026-02-17,26.54979133605957,DANHOS13.MX
2026-02-18,26.635467529296875,DANHOS13.MX
2026-02-19,26.511714935302734,DANHOS13.MX
2026-02-20,26.502193450927734,DANHOS13.MX
2026-02-23,25.05523681640625,DANHOS13.MX
2026-02-24,25.131391525268555,DANHOS13.MX
2026-02-25,25.31226348876953,DANHOS13.MX
2026-02-26,25.3408203125,DANHOS13.MX
2026-02-27,26.159494400024414,DANHOS13.MX
2026-03-02,25.9405460357666,DANHOS13.MX
2026-03-03,25.283700942993164,DANHOS13.MX
2026-03-04,25.331302642822266,DANHOS13.MX
2026-03-05,24.845808029174805,DANHOS13.MX
2026-03-06,25.036195755004883,DANHOS13.MX
2026-03-09,24.09377098083496,DANHOS13.MX
2026-03-10,24.084251403808594,DANHOS13.MX
2026-03-11,24.303199768066406,DANHOS13.MX
2026-03-12,24.283817291259766,DANHOS13.MX
2026-03-13,24.332271575927734,DANHOS13.MX
2026-03-17,24.25474739074707,DANHOS13.MX
2026-03-18,24.710189819335938,DANHOS13.MX
2026-03-19,25.533863067626953,DANHOS13.MX
2026-03-20,25.475723266601562,DANHOS13.MX
2026-03-23,25.504793167114258,DANHOS13.MX
2026-03-24,26.405986785888672,DANHOS13.MX
2026-03-25,27.607582092285156,DANHOS13.MX
2026-03-26,27.268421173095703,DANHOS13.MX
2026-03-27,26.9680233001709,DANHOS13.MX
2026-03-30,27.084308624267578,DANHOS13.MX
2026-03-31,27.617271423339844,DANHOS13.MX
2026-04-01,27.38470458984375,DANHOS13.MX
2026-04-06,27.268421173095703,DANHOS13.MX
2026-04-07,27.190900802612305,DANHOS13.MX
2026-04-08,27.219970703125,DANHOS13.MX
2026-04-09,27.32656478881836,DANHOS13.MX
2026-04-10,27.597890853881836,DANHOS13.MX
2026-04-13,28.08240509033203,DANHOS13.MX
2026-04-14,27.539749145507812,DANHOS13.MX
2026-04-15,27.83045768737793,DANHOS13.MX
2026-04-16,27.946741104125977,DANHOS13.MX
2026-04-17,28.09209442138672,DANHOS13.MX
2026-04-20,28.004880905151367,DANHOS13.MX
2026-04-21,26.85173988342285,DANHOS13.MX
2026-04-23,27.219970703125,DANHOS13.MX
2026-04-24,27.30718421936035,DANHOS13.MX
2026-04-27,27.035856246948242,DANHOS13.MX
2026-04-28,26.18311309814453,DANHOS13.MX
2026-04-29,26.35753631591797,DANHOS13.MX
2026-04-30,26.725767135620117,DANHOS13.MX
2026-05-04,26.793598175048828,DANHOS13.MX
2026-05-05,27.0164737701416,DANHOS13.MX
2026-05-06,27.287803649902344,DANHOS13.MX
2026-05-07,27.23935317993164,DANHOS13.MX
2026-05-08,27.229660034179688,DANHOS13.MX
2026-05-11,27.607582092285156,DANHOS13.MX
2026-05-12,27.479585647583008,DANHOS13.MX
2026-05-13,27.2432861328125,DANHOS13.MX
2026-05-14,26.918376922607422,DANHOS13.MX
2026-05-15,27.272825241088867,DANHOS13.MX
2026-05-18,27.006988525390625,DANHOS13.MX
2026-05-19,26.59346580505371,DANHOS13.MX
2026-05-20,26.731306076049805,DANHOS13.MX
2026-05-21,26.63284683227539,DANHOS13.MX
2026-05-22,26.63284683227539,DANHOS13.MX
2026-05-25,26.583620071411133,DANHOS13.MX
2026-05-26,26.888837814331055,DANHOS13.MX
2026-05-27,26.60331153869629,DANHOS13.MX
2026-05-28,26.48516082763672,DANHOS13.MX
2026-05-29,27.400819778442383,DANHOS13.MX
2026-06-01,26.80022621154785,DANHOS13.MX
2026-06-02,26.92822265625,DANHOS13.MX
2026-06-03,26.721460342407227,DANHOS13.MX
2026-06-04,26.59346580505371,DANHOS13.MX
2026-06-05,26.583620071411133,DANHOS13.MX
2026-06-08,26.721460342407227,DANHOS13.MX
2026-06-09,26.731306076049805,DANHOS13.MX
2026-06-10,26.80022621154785,DANHOS13.MX
2026-06-11,26.780534744262695,DANHOS13.MX
2026-06-12,26.780534744262695,DANHOS13.MX
2026-06-15,27.56819725036621,DANHOS13.MX
2026-06-16,27.676502227783203,DANHOS13.MX
2026-06-17,27.125137329101562,DANHOS13.MX
2026-06-18,27.765113830566406,DANHOS13.MX
2026-06-19,28.208173751831055,DANHOS13.MX
2026-06-22,27.68634796142578,DANHOS13.MX
2026-06-23,27.853727340698242,DANHOS13.MX
2026-06-24,27.942337036132812,DANHOS13.MX
2026-06-25,27.725730895996094,DANHOS13.MX
2026-06-26,27.84387969970703,DANHOS13.MX
2026-06-29,28.139253616333008,DANHOS13.MX
2026-06-30,28.1884822845459,DANHOS13.MX
2026-07-01,28.08017921447754,DANHOS13.MX
2026-07-02,28.168790817260742,DANHOS13.MX
2026-07-03,28.306631088256836,DANHOS13.MX
2026-07-06,27.96202850341797,DANHOS13.MX
2026-07-07,27.676502227783203,DANHOS13.MX
2026-07-08,27.62727165222168,DANHOS13.MX
2026-07-09,27.282669067382812,DANHOS13.MX
2026-07-10,27.558351516723633,DANHOS13.MX
2026-07-13,27.42051124572754,DANHOS13.MX
2026-07-14,27.41066551208496,DANHOS13.MX
2026-07-15,27.430356979370117,DANHOS13.MX
2026-07-16,27.587890625,DANHOS13.MX
2026-07-17,27.824188232421875,DANHOS13.MX
2026-07-20,27.863571166992188,DANHOS13.MX
2026-07-21,27.518970489501953,DANHOS13.MX
2026-07-22,27.765113830566406,DANHOS13.MX
2026-07-23,27.814342498779297,DANHOS13.MX
2026-07-24,28.149099349975586,DANHOS13.MX
2026-07-27,28.94660758972168,DANHOS13.MX
2026-07-28,29.143524169921875,DANHOS13.MX
2026-07-29,28.789073944091797,DANHOS13.MX
2026-07-30,28.89737892150879,DANHOS13.MX
2026-07-31,28.72015380859375,DANHOS13.MX
2026-08-03,28.542930603027344,DANHOS13.MX
2026-08-04,28.759536743164062,DANHOS13.MX
2026-08-05,28.208173751831055,DANHOS13.MX
2026-08-06,28.316476821899414,DANHOS13.MX
2026-08-07,28.46416473388672,DANHOS13.MX
2026-08-10,28.5626220703125,DANHOS13.MX
2026-08-11,28.73000144958496,DANHOS13.MX
2026-08-12,28.530000686645508,DANHOS13.MX
2026-08-13,28.5,DANHOS13.MX
2026-08-14,28.309999465942383,DANHOS13.MX
2026-08-17,28.469999313354492,DANHOS13.MX
2026-08-18,28.260000228881836,DANHOS13.MX
2026-08-19,28.450000762939453,DANHOS13.MX
2026-08-20,28.450000762939453,DANHOS13.MX
2026-08-21,28.690000534057617,DANHOS13.MX
2026-08-24,28.6299991607666,DANHOS13.MX
2026-08-25,28.65999984741211,DANHOS13.MX
2026-08-26,28.579999923706055,DANHOS13.MX
2026-08-27,28.540000915527344,DANHOS13.MX
2026-08-28,28.649999618530273,DANHOS13.MX
2026-08-31,29.200000762939453,DANHOS13.MX
2026-09-01,29.239999771118164,DANHOS13.MX
2026-09-02,29.1200008392334,DANHOS13.MX
2026-09-03,29.459999084472656,DANHOS13.MX
2026-09-04,29.8700008392334,DANHOS13.MX
2026-09-07,29.639999389648438,DANHOS13.MX
2026-09-08,29.469999313354492,DANHOS13.MX
2026-09-09,29.200000762939453,DANHOS13.MX
2026-09-10,29.329999923706055,DANHOS13.MX
2026-09-11,29.520000457763672,DANHOS13.MX
2026-09-14,29.489999771118164,DANHOS13.MX
2026-09-15,29.489999771118164,DANHOS13.MX
2026-09-17,29.229999542236328,DANHOS13.MX
2026-09-18,29.34000015258789,DANHOS13.MX
2026-09-21,29.25,DANHOS13.MX
2026-09-22,29.209999084472656,DANHOS13.MX
2026-09-23,29.299999237060547,DANHOS13.MX
2026-09-24,29.149999618530273,DANHOS13.MX
2026-09-25,28.989999771118164,DANHOS13.MX
2026-09-28,28.600000381469727,DANHOS13.MX
2013-07-24,9.296940803527832,FSHOP13.MX
2013-07-25,9.366521835327148,FSHOP13.MX
2013-07-26,9.366521835327148,FSHOP13.MX
2013-07-29,9.366521835327148,FSHOP13.MX
2013-07-30,9.33975601196289,FSHOP13.MX
2013-07-31,9.33975601196289,FSHOP13.MX
2013-08-01,9.334405899047852,FSHOP13.MX
2013-08-02,9.270176887512207,FSHOP13.MX
2013-08-05,9.254120826721191,FSHOP13.MX
2013-08-06,9.31834888458252,FSHOP13.MX
2013-08-07,9.32905387878418,FSHOP13.MX
2013-08-08,9.254120826721191,FSHOP13.MX
2013-08-09,9.232710838317871,FSHOP13.MX
2013-08-12,9.125662803649902,FSHOP13.MX
2013-08-13,9.270176887512207,FSHOP13.MX
2013-08-14,9.25947380065918,FSHOP13.MX
2013-08-15,9.286233901977539,FSHOP13.MX
2013-08-16,9.286233901977539,FSHOP13.MX
2013-08-19,9.366521835327148,FSHOP13.MX
2013-08-20,9.371871948242188,FSHOP13.MX
2013-08-21,9.366521835327148,FSHOP13.MX
2013-08-22,9.366521835327148,FSHOP13.MX
2013-08-23,9.361166954040527,FSHOP13.MX
2013-08-26,9.163132667541504,FSHOP13.MX
2013-08-27,8.75635814666748,FSHOP13.MX
2013-08-28,9.066790580749512,FSHOP13.MX
2013-08-29,8.793825149536133,FSHOP13.MX
2013-08-30,9.09890365600586,FSHOP13.MX
2013-09-02,8.9329833984375,FSHOP13.MX
2013-09-03,8.949040412902832,FSHOP13.MX
2013-09-04,8.89551830291748,FSHOP13.MX
2013-09-05,8.670720100402832,FSHOP13.MX
2013-09-06,8.702836036682129,FSHOP13.MX
2013-09-09,8.702836036682129,FSHOP13.MX
2013-09-10,8.617197036743164,FSHOP13.MX
2013-09-11,8.617197036743164,FSHOP13.MX
2013-09-12,8.48874282836914,FSHOP13.MX
2013-09-13,8.55832290649414,FSHOP13.MX
2013-09-17,8.510152816772461,FSHOP13.MX
2013-09-18,8.713537216186523,FSHOP13.MX
2013-09-19,8.542264938354492,FSHOP13.MX
2013-09-20,8.41916275024414,FSHOP13.MX
2013-09-23,8.461979866027832,FSHOP13.MX
2013-09-24,8.387046813964844,FSHOP13.MX
2013-09-25,8.392399787902832,FSHOP13.MX
2013-09-26,8.403106689453125,FSHOP13.MX
2013-09-27,8.403106689453125,FSHOP13.MX
2013-09-30,8.253242492675781,FSHOP13.MX
2013-10-01,8.124786376953125,FSHOP13.MX
2013-10-02,8.162252426147461,FSHOP13.MX
2013-10-03,8.0819673538208,FSHOP13.MX
2013-10-04,7.980274200439453,FSHOP13.MX
2013-10-07,8.017740249633789,FSHOP13.MX
2013-10-08,7.964215278625488,FSHOP13.MX
2013-10-09,8.023093223571777,FSHOP13.MX
2013-10-10,7.926753044128418,FSHOP13.MX
2013-10-11,7.9213995933532715,FSHOP13.MX
2013-10-14,7.894637584686279,FSHOP13.MX
2013-10-15,7.814353942871094,FSHOP13.MX
2013-10-16,7.760830402374268,FSHOP13.MX
2013-10-17,7.910694122314453,FSHOP13.MX
2013-10-18,8.135490417480469,FSHOP13.MX
2013-10-21,8.296060562133789,FSHOP13.MX
2013-10-22,8.290706634521484,FSHOP13.MX
2013-10-23,8.23718547821045,FSHOP13.MX
2013-10-24,8.30676555633545,FSHOP13.MX
2013-10-25,8.397751808166504,FSHOP13.MX
2013-10-28,8.403106689453125,FSHOP13.MX
2013-10-29,8.376344680786133,FSHOP13.MX
2013-10-30,8.344232559204102,FSHOP13.MX
2013-10-31,8.451273918151855,FSHOP13.MX
2013-11-01,8.461979866027832,FSHOP13.MX
2013-11-04,8.563673973083496,FSHOP13.MX
2013-11-05,8.590435028076172,FSHOP13.MX
2013-11-06,8.563673973083496,FSHOP13.MX
2013-11-07,8.552970886230469,FSHOP13.MX
2013-11-08,8.504799842834473,FSHOP13.MX
2013-11-11,8.445924758911133,FSHOP13.MX
2013-11-12,8.577574729919434,FSHOP13.MX
2013-11-13,8.65819263458252,FSHOP13.MX
2013-11-14,8.642068862915039,FSHOP13.MX
2013-11-15,8.75493335723877,FSHOP13.MX
2013-11-19,8.851669311523438,FSHOP13.MX
2013-11-20,8.722687721252441,FSHOP13.MX
2013-11-21,8.900042533874512,FSHOP13.MX
2013-11-22,9.00753116607666,FSHOP13.MX
2013-11-25,9.07202434539795,FSHOP13.MX
2013-11-26,9.319246292114258,FSHOP13.MX
2013-11-27,9.07202434539795,FSHOP13.MX
2013-11-28,8.883920669555664,FSHOP13.MX
2013-11-29,8.926915168762207,FSHOP13.MX
2013-12-02,8.749556541442871,FSHOP13.MX
2013-12-03,8.711938858032227,FSHOP13.MX
2013-12-04,8.749556541442871,FSHOP13.MX
2013-12-05,9.012903213500977,FSHOP13.MX
2013-12-06,8.867795944213867,FSHOP13.MX
2013-12-09,8.765681266784668,FSHOP13.MX
2013-12-10,8.889291763305664,FSHOP13.MX
2013-12-11,8.733433723449707,FSHOP13.MX
2013-12-13,8.862420082092285,FSHOP13.MX
2013-12-16,8.749556541442871,FSHOP13.MX
2013-12-17,8.760308265686035,FSHOP13.MX
2013-12-18,8.814051628112793,FSHOP13.MX
2013-12-19,8.706560134887695,FSHOP13.MX
2013-12-20,8.690436363220215,FSHOP13.MX
2013-12-23,8.599071502685547,FSHOP13.MX
2013-12-26,8.706560134887695,FSHOP13.MX
2013-12-27,8.814051628112793,FSHOP13.MX
2013-12-30,8.824798583984375,FSHOP13.MX
2014-01-02,8.867795944213867,FSHOP13.MX
2014-01-03,8.857047080993652,FSHOP13.MX
2014-01-06,8.75493335723877,FSHOP13.MX
2014-01-07,8.717312812805176,FSHOP13.MX
2014-01-08,8.717312812805176,FSHOP13.MX
2014-01-09,8.593700408935547,FSHOP13.MX
2014-01-10,8.679691314697266,FSHOP13.MX
2014-01-13,8.840924263000488,FSHOP13.MX
2014-01-14,8.840924263000488,FSHOP13.MX
2014-01-15,8.776429176330566,FSHOP13.MX
2014-01-16,8.674314498901367,FSHOP13.MX
2014-01-17,8.738808631896973,FSHOP13.MX
2014-01-20,8.66894245147705,FSHOP13.MX
2014-01-21,8.518458366394043,FSHOP13.MX
2014-01-22,8.4754638671875,FSHOP13.MX
2014-01-23,8.459339141845703,FSHOP13.MX
2014-01-24,8.42171859741211,FSHOP13.MX
2014-01-27,8.249736785888672,FSHOP13.MX
2014-01-28,8.244363784790039,FSHOP13.MX
2014-01-29,8.19599437713623,FSHOP13.MX
2014-01-30,8.276610374450684,FSHOP13.MX
2014-01-31,8.233614921569824,FSHOP13.MX
2014-02-04,8.276610374450684,FSHOP13.MX
2014-02-05,8.491584777832031,FSHOP13.MX
2014-02-06,8.486210823059082,FSHOP13.MX
2014-02-07,8.599071502685547,FSHOP13.MX
2014-02-10,8.814051628112793,FSHOP13.MX
2014-02-11,8.830175399780273,FSHOP13.MX
2014-02-12,8.953784942626953,FSHOP13.MX
2014-02-13,8.894665718078613,FSHOP13.MX
2014-02-14,8.78718090057373,FSHOP13.MX
2014-02-17,8.78718090057373,FSHOP13.MX
2014-02-18,8.824798583984375,FSHOP13.MX
2014-02-19,8.706560134887695,FSHOP13.MX
2014-02-20,8.43783950805664,FSHOP13.MX
2014-02-21,8.281982421875,FSHOP13.MX
2014-02-24,8.024012565612793,FSHOP13.MX
2014-02-25,8.163745880126953,FSHOP13.MX
2014-02-26,8.120747566223145,FSHOP13.MX
2014-02-27,8.222865104675293,FSHOP13.MX
2014-02-28,8.609824180603027,FSHOP13.MX
2014-03-03,8.529206275939941,FSHOP13.MX
2014-03-04,8.529206275939941,FSHOP13.MX
2014-03-05,8.42171859741211,FSHOP13.MX
2014-03-06,8.384095191955566,FSHOP13.MX
2014-03-07,8.593700408935547,FSHOP13.MX
2014-03-10,8.539955139160156,FSHOP13.MX
2014-03-11,8.504591941833496,FSHOP13.MX
2014-03-12,8.618786811828613,FSHOP13.MX
2014-03-13,8.575284004211426,FSHOP13.MX
2014-03-14,8.569845199584961,FSHOP13.MX
2014-03-18,8.722102165222168,FSHOP13.MX
2014-03-19,8.700349807739258,FSHOP13.MX
2014-03-20,8.955923080444336,FSHOP13.MX
2014-03-21,9.124493598937988,FSHOP13.MX
2014-03-24,9.189745903015137,FSHOP13.MX
2014-03-25,9.211498260498047,FSHOP13.MX
2014-03-26,9.233247756958008,FSHOP13.MX
2014-03-27,9.124493598937988,FSHOP13.MX
2014-03-28,9.238683700561523,FSHOP13.MX
2014-03-31,9.162558555603027,FSHOP13.MX
2014-04-01,9.16799545288086,FSHOP13.MX
2014-04-02,9.015738487243652,FSHOP13.MX
2014-04-03,8.955923080444336,FSHOP13.MX
2014-04-04,9.091866493225098,FSHOP13.MX
2014-04-07,8.917859077453613,FSHOP13.MX
2014-04-08,8.972237586975098,FSHOP13.MX
2014-04-09,9.102742195129395,FSHOP13.MX
2014-04-10,8.98855209350586,FSHOP13.MX
2014-04-11,8.99942684173584,FSHOP13.MX
2014-04-14,9.037491798400879,FSHOP13.MX
2014-04-15,9.015738487243652,FSHOP13.MX
2014-04-16,9.015738487243652,FSHOP13.MX
2014-04-21,9.010299682617188,FSHOP13.MX
2014-04-22,8.945048332214355,FSHOP13.MX
2014-04-23,8.896109580993652,FSHOP13.MX
2014-04-24,8.863485336303711,FSHOP13.MX
2014-04-25,8.863485336303711,FSHOP13.MX
2014-04-28,9.0809907913208,FSHOP13.MX
2014-04-29,9.14624309539795,FSHOP13.MX
2014-04-30,9.216937065124512,FSHOP13.MX
2014-05-02,9.206060409545898,FSHOP13.MX
2014-05-05,9.162558555603027,FSHOP13.MX
2014-05-06,9.113614082336426,FSHOP13.MX
2014-05-07,9.0809907913208,FSHOP13.MX
2014-05-08,9.032052040100098,FSHOP13.MX
2014-05-09,8.896109580993652,FSHOP13.MX
2014-05-12,9.112444877624512,FSHOP13.MX
2014-05-13,9.08482837677002,FSHOP13.MX
2014-05-14,9.15662670135498,FSHOP13.MX
2014-05-15,9.151100158691406,FSHOP13.MX
2014-05-16,9.101399421691895,FSHOP13.MX
2014-05-19,9.10692024230957,FSHOP13.MX
2014-05-20,9.250510215759277,FSHOP13.MX
2014-05-21,9.01303482055664,FSHOP13.MX
2014-05-22,9.211852073669434,FSHOP13.MX
2014-05-23,9.123488426208496,FSHOP13.MX
2014-05-26,9.057215690612793,FSHOP13.MX
2014-05-27,9.338876724243164,FSHOP13.MX
2014-05-28,9.349919319152832,FSHOP13.MX
2014-05-29,9.360963821411133,FSHOP13.MX
2014-05-30,9.769643783569336,FSHOP13.MX
2014-06-02,9.454851150512695,FSHOP13.MX
2014-06-03,9.283647537231445,FSHOP13.MX
2014-06-04,9.278122901916504,FSHOP13.MX
2014-06-05,9.360963821411133,FSHOP13.MX
2014-06-06,9.449325561523438,FSHOP13.MX
2014-06-09,9.383054733276367,FSHOP13.MX
2014-06-10,9.377532958984375,FSHOP13.MX
2014-06-11,9.405143737792969,FSHOP13.MX
2014-06-12,9.499031066894531,FSHOP13.MX
2014-06-13,9.57082748413086,FSHOP13.MX
2014-06-16,9.598440170288086,FSHOP13.MX
2014-06-17,9.631577491760254,FSHOP13.MX
2014-06-18,9.653665542602539,FSHOP13.MX
2014-06-19,9.675755500793457,FSHOP13.MX
2014-06-20,9.670234680175781,FSHOP13.MX
2014-06-23,9.985029220581055,FSHOP13.MX
2014-06-24,9.985029220581055,FSHOP13.MX
2014-06-25,10.023688316345215,FSHOP13.MX
2014-06-26,10.029210090637207,FSHOP13.MX
2014-06-27,10.007119178771973,FSHOP13.MX
2014-06-30,10.023688316345215,FSHOP13.MX
2014-07-01,9.96293830871582,FSHOP13.MX
2014-07-02,9.990549087524414,FSHOP13.MX
2014-07-03,10.007119178771973,FSHOP13.MX
2014-07-04,9.935323715209961,FSHOP13.MX
2014-07-07,9.775167465209961,FSHOP13.MX
2014-07-08,9.769643783569336,FSHOP13.MX
2014-07-09,9.918755531311035,FSHOP13.MX
2014-07-10,9.830394744873047,FSHOP13.MX
2014-07-11,9.863530158996582,FSHOP13.MX
2014-07-14,9.786214828491211,FSHOP13.MX
2014-07-15,9.830394744873047,FSHOP13.MX
2014-07-16,9.940847396850586,FSHOP13.MX
2014-07-17,9.968461990356445,FSHOP13.MX
2014-07-18,9.985029220581055,FSHOP13.MX
2014-07-21,9.973984718322754,FSHOP13.MX
2014-07-22,9.929800987243652,FSHOP13.MX
2014-07-23,9.940847396850586,FSHOP13.MX
2014-07-24,10.089960098266602,FSHOP13.MX
2014-07-25,10.101006507873535,FSHOP13.MX
2014-07-28,10.04577922821045,FSHOP13.MX
2014-07-29,10.073391914367676,FSHOP13.MX
2014-07-30,10.078916549682617,FSHOP13.MX
2014-07-31,10.216985702514648,FSHOP13.MX
2014-08-01,10.16175365447998,FSHOP13.MX
2014-08-04,10.156230926513672,FSHOP13.MX
2014-08-05,10.01816463470459,FSHOP13.MX
2014-08-06,10.062345504760742,FSHOP13.MX
2014-08-07,9.968461990356445,FSHOP13.MX
2014-08-08,10.01816463470459,FSHOP13.MX
2014-08-11,10.012640953063965,FSHOP13.MX
2014-08-12,10.03787899017334,FSHOP13.MX
2014-08-13,10.121805191040039,FSHOP13.MX
2014-08-14,10.105019569396973,FSHOP13.MX
2014-08-15,10.077044486999512,FSHOP13.MX
2014-08-18,10.08823299407959,FSHOP13.MX
2014-08-19,10.105019569396973,FSHOP13.MX
2014-08-20,10.211328506469727,FSHOP13.MX
2014-08-21,10.233710289001465,FSHOP13.MX
2014-08-22,10.233710289001465,FSHOP13.MX
2014-08-25,10.239306449890137,FSHOP13.MX
2014-08-26,10.233710289001465,FSHOP13.MX
2014-08-27,10.138591766357422,FSHOP13.MX
2014-08-28,10.172163009643555,FSHOP13.MX
2014-08-29,10.205733299255371,FSHOP13.MX
2014-09-01,10.071449279785156,FSHOP13.MX
2014-09-02,10.071449279785156,FSHOP13.MX
2014-09-03,10.065851211547852,FSHOP13.MX
2014-09-04,10.021089553833008,FSHOP13.MX
2014-09-05,10.1497802734375,FSHOP13.MX
2014-09-08,10.071449279785156,FSHOP13.MX
2014-09-09,10.065851211547852,FSHOP13.MX
2014-09-10,10.009900093078613,FSHOP13.MX
2014-09-11,9.903592109680176,FSHOP13.MX
2014-09-12,9.870018005371094,FSHOP13.MX
2014-09-15,10.021089553833008,FSHOP13.MX
2014-09-17,9.953946113586426,FSHOP13.MX
2014-09-18,9.870018005371094,FSHOP13.MX
2014-09-19,9.758113861083984,FSHOP13.MX
2014-09-22,9.662996292114258,FSHOP13.MX
2014-09-23,9.690969467163086,FSHOP13.MX
2014-09-24,9.662996292114258,FSHOP13.MX
2014-09-25,9.646206855773926,FSHOP13.MX
2014-09-26,9.724542617797852,FSHOP13.MX
2014-09-29,9.668590545654297,FSHOP13.MX
2014-09-30,10.08920955657959,FSHOP13.MX
2014-10-01,9.753851890563965,FSHOP13.MX
2014-10-02,9.554906845092773,FSHOP13.MX
2014-10-03,9.98121166229248,FSHOP13.MX
2014-10-06,10.111946105957031,FSHOP13.MX
2014-10-07,9.91868782043457,FSHOP13.MX
2014-10-08,9.878898620605469,FSHOP13.MX
2014-10-09,9.839112281799316,FSHOP13.MX
2014-10-10,9.736800193786621,FSHOP13.MX
2014-10-13,9.770902633666992,FSHOP13.MX
2014-10-14,9.7026948928833,FSHOP13.MX
2014-10-15,9.759535789489746,FSHOP13.MX
2014-10-16,9.782270431518555,FSHOP13.MX
2014-10-17,9.782270431518555,FSHOP13.MX
2014-10-20,9.941421508789062,FSHOP13.MX
2014-10-21,9.805007934570312,FSHOP13.MX
2014-10-22,9.719747543334961,FSHOP13.MX
2014-10-23,9.87321662902832,FSHOP13.MX
2014-10-24,9.776589393615723,FSHOP13.MX
2014-10-27,9.787952423095703,FSHOP13.MX
2014-10-28,9.941421508789062,FSHOP13.MX
2014-10-29,9.890268325805664,FSHOP13.MX
2014-10-30,10.094892501831055,FSHOP13.MX
2014-10-31,10.254047393798828,FSHOP13.MX
2014-11-03,10.021001815795898,FSHOP13.MX
2014-11-04,9.947110176086426,FSHOP13.MX
2014-11-05,9.98121166229248,FSHOP13.MX
2014-11-06,9.947110176086426,FSHOP13.MX
2014-11-07,9.941421508789062,FSHOP13.MX
2014-11-10,9.969843864440918,FSHOP13.MX
2014-11-11,10.077841758728027,FSHOP13.MX
2014-11-12,10.021001815795898,FSHOP13.MX
2014-11-13,10.1062650680542,FSHOP13.MX
2014-11-14,10.168787002563477,FSHOP13.MX
2014-11-18,9.98121166229248,FSHOP13.MX
2014-11-19,9.98121166229248,FSHOP13.MX
2014-11-20,10.072155952453613,FSHOP13.MX
2014-11-21,10.128997802734375,FSHOP13.MX
2014-11-24,10.1062650680542,FSHOP13.MX
2014-11-25,10.492781639099121,FSHOP13.MX
2014-11-26,10.021001815795898,FSHOP13.MX
2014-11-27,10.128997802734375,FSHOP13.MX
2014-11-28,10.282468795776367,FSHOP13.MX
2014-12-01,10.03237247467041,FSHOP13.MX
2014-12-02,10.021001815795898,FSHOP13.MX
2014-12-03,10.021001815795898,FSHOP13.MX
2014-12-04,9.96416187286377,FSHOP13.MX
2014-12-05,9.96416187286377,FSHOP13.MX
2014-12-08,9.91868782043457,FSHOP13.MX
2014-12-09,9.87321662902832,FSHOP13.MX
2014-12-10,9.805007934570312,FSHOP13.MX
2014-12-11,9.822061538696289,FSHOP13.MX
2014-12-15,9.776589393615723,FSHOP13.MX
2014-12-16,9.986898422241211,FSHOP13.MX
2014-12-17,10.077841758728027,FSHOP13.MX
2014-12-18,10.146050453186035,FSHOP13.MX
2014-12-19,10.180153846740723,FSHOP13.MX
2014-12-22,10.225625991821289,FSHOP13.MX
2014-12-23,10.140366554260254,FSHOP13.MX
2014-12-24,10.20289134979248,FSHOP13.MX
2014-12-26,10.316571235656738,FSHOP13.MX
2014-12-29,10.316571235656738,FSHOP13.MX
2014-12-30,10.936138153076172,FSHOP13.MX
2014-12-31,11.095288276672363,FSHOP13.MX
2015-01-02,10.663299560546875,FSHOP13.MX
2015-01-05,10.038055419921875,FSHOP13.MX
2015-01-06,9.947110176086426,FSHOP13.MX
2015-01-07,10.174469947814941,FSHOP13.MX
2015-01-08,10.100579261779785,FSHOP13.MX
2015-01-09,10.111946105957031,FSHOP13.MX
2015-01-12,10.055105209350586,FSHOP13.MX
2015-01-13,10.083524703979492,FSHOP13.MX
2015-01-14,10.038055419921875,FSHOP13.MX
2015-01-15,10.049421310424805,FSHOP13.MX
2015-01-16,10.043737411499023,FSHOP13.MX
2015-01-19,10.077841758728027,FSHOP13.MX
2015-01-20,10.03237247467041,FSHOP13.MX
2015-01-21,9.998265266418457,FSHOP13.MX
2015-01-22,10.021001815795898,FSHOP13.MX
2015-01-23,10.009634971618652,FSHOP13.MX
2015-01-26,10.060792922973633,FSHOP13.MX
2015-01-27,10.055105209350586,FSHOP13.MX
2015-01-28,10.140366554260254,FSHOP13.MX
2015-01-29,10.20289134979248,FSHOP13.MX
2015-01-30,10.350678443908691,FSHOP13.MX
2015-02-03,10.2369966506958,FSHOP13.MX
2015-02-04,10.180153846740723,FSHOP13.MX
2015-02-05,10.414483070373535,FSHOP13.MX
2015-02-06,10.350837707519531,FSHOP13.MX
2015-02-09,10.154117584228516,FSHOP13.MX
2015-02-10,10.148334503173828,FSHOP13.MX
2015-02-11,10.154117584228516,FSHOP13.MX
2015-02-12,10.275620460510254,FSHOP13.MX
2015-02-13,10.24090576171875,FSHOP13.MX
2015-02-16,10.24090576171875,FSHOP13.MX
2015-02-17,10.223548889160156,FSHOP13.MX
2015-02-18,10.183049201965332,FSHOP13.MX
2015-02-19,10.22933578491211,FSHOP13.MX
2015-02-20,10.154117584228516,FSHOP13.MX
2015-02-23,10.183049201965332,FSHOP13.MX
2015-02-24,10.252477645874023,FSHOP13.MX
2015-02-25,10.333479881286621,FSHOP13.MX
2015-02-26,10.420267105102539,FSHOP13.MX
2015-02-27,10.912062644958496,FSHOP13.MX
2015-03-02,10.599628448486328,FSHOP13.MX
2015-03-03,10.136765480041504,FSHOP13.MX
2015-03-04,10.119404792785645,FSHOP13.MX
2015-03-05,10.125194549560547,FSHOP13.MX
2015-03-06,10.119404792785645,FSHOP13.MX
2015-03-09,10.154117584228516,FSHOP13.MX
2015-03-10,10.136765480041504,FSHOP13.MX
2015-03-11,10.23166561126709,FSHOP13.MX
2015-03-12,10.167969703674316,FSHOP13.MX
2015-03-13,10.150601387023926,FSHOP13.MX
2015-03-17,10.266408920288086,FSHOP13.MX
2015-03-18,10.249038696289062,FSHOP13.MX
2015-03-19,10.202714920043945,FSHOP13.MX
2015-03-20,10.173761367797852,FSHOP13.MX
2015-03-23,10.289572715759277,FSHOP13.MX
2015-03-24,10.220084190368652,FSHOP13.MX
2015-03-25,10.139020919799805,FSHOP13.MX
2015-03-26,10.017422676086426,FSHOP13.MX
2015-03-27,10.121649742126465,FSHOP13.MX
2015-03-30,10.133232116699219,FSHOP13.MX
2015-03-31,10.086907386779785,FSHOP13.MX
2015-04-01,10.063745498657227,FSHOP13.MX
2015-04-06,10.144811630249023,FSHOP13.MX
2015-04-07,10.115859985351562,FSHOP13.MX
2015-04-08,10.127439498901367,FSHOP13.MX
2015-04-09,10.127439498901367,FSHOP13.MX
2015-04-10,10.046372413635254,FSHOP13.MX
2015-04-13,10.040583610534668,FSHOP13.MX
2015-04-14,10.029001235961914,FSHOP13.MX
2015-04-15,10.110071182250977,FSHOP13.MX
2015-04-16,10.081116676330566,FSHOP13.MX
2015-04-17,10.098487854003906,FSHOP13.MX
2015-04-20,10.104279518127441,FSHOP13.MX
2015-04-21,10.075326919555664,FSHOP13.MX
2015-04-22,10.081116676330566,FSHOP13.MX
2015-04-23,10.057955741882324,FSHOP13.MX
2015-04-24,10.162182807922363,FSHOP13.MX
2015-04-27,10.17955207824707,FSHOP13.MX
2015-04-28,10.243247032165527,FSHOP13.MX
2015-04-29,10.081116676330566,FSHOP13.MX
2015-04-30,10.086907386779785,FSHOP13.MX
2015-05-04,10.092696189880371,FSHOP13.MX
2015-05-05,10.057955741882324,FSHOP13.MX
2015-05-06,9.965309143066406,FSHOP13.MX
2015-05-07,9.936352729797363,FSHOP13.MX
2015-05-08,10.023212432861328,FSHOP13.MX
2015-05-11,10.017422676086426,FSHOP13.MX
2015-05-12,10.0839204788208,FSHOP13.MX
2015-05-13,10.125008583068848,FSHOP13.MX
2015-05-14,10.0839204788208,FSHOP13.MX
2015-05-15,10.072178840637207,FSHOP13.MX
2015-05-18,10.160225868225098,FSHOP13.MX
2015-05-19,10.142614364624023,FSHOP13.MX
2015-05-20,10.072178840637207,FSHOP13.MX
2015-05-21,10.095661163330078,FSHOP13.MX
2015-05-22,10.119136810302734,FSHOP13.MX
2015-05-25,10.119136810302734,FSHOP13.MX
2015-05-26,10.013484001159668,FSHOP13.MX
2015-05-27,10.007615089416504,FSHOP13.MX
2015-05-28,10.048705101013184,FSHOP13.MX
2015-05-29,10.007615089416504,FSHOP13.MX
2015-06-01,10.025222778320312,FSHOP13.MX
2015-06-02,10.001749038696289,FSHOP13.MX
2015-06-03,10.036965370178223,FSHOP13.MX
2015-06-04,9.995877265930176,FSHOP13.MX
2015-06-05,9.984136581420898,FSHOP13.MX
2015-06-08,9.9430513381958,FSHOP13.MX
2015-06-09,9.919570922851562,FSHOP13.MX
2015-06-10,9.954787254333496,FSHOP13.MX
2015-06-11,10.007615089416504,FSHOP13.MX
2015-06-12,10.007615089416504,FSHOP13.MX
2015-06-15,9.9430513381958,FSHOP13.MX
2015-06-16,10.06631088256836,FSHOP13.MX
2015-06-17,10.107397079467773,FSHOP13.MX
2015-06-18,10.171964645385742,FSHOP13.MX
2015-06-19,10.207178115844727,FSHOP13.MX
2015-06-22,10.271745681762695,FSHOP13.MX
2015-06-23,10.207178115844727,FSHOP13.MX
2015-06-24,10.218920707702637,FSHOP13.MX
2015-06-25,10.166094779968262,FSHOP13.MX
2015-06-26,10.312833786010742,FSHOP13.MX
2015-06-29,10.207178115844727,FSHOP13.MX
2015-06-30,10.207178115844727,FSHOP13.MX
2015-07-01,10.207178115844727,FSHOP13.MX
2015-07-02,10.365659713745117,FSHOP13.MX
2015-07-03,10.330442428588867,FSHOP13.MX
2015-07-06,10.365659713745117,FSHOP13.MX
2015-07-07,10.348051071166992,FSHOP13.MX
2015-07-08,10.312833786010742,FSHOP13.MX
2015-07-09,10.359790802001953,FSHOP13.MX
2015-07-10,10.506528854370117,FSHOP13.MX
2015-07-13,10.500662803649902,FSHOP13.MX
2015-07-14,10.441967010498047,FSHOP13.MX
2015-07-15,10.494789123535156,FSHOP13.MX
2015-07-16,10.483051300048828,FSHOP13.MX
2015-07-17,10.400877952575684,FSHOP13.MX
2015-07-20,10.406746864318848,FSHOP13.MX
2015-07-21,10.359790802001953,FSHOP13.MX
2015-07-22,10.254137992858887,FSHOP13.MX
2015-07-23,10.424357414245605,FSHOP13.MX
2015-07-24,10.265876770019531,FSHOP13.MX
2015-07-27,10.260008811950684,FSHOP13.MX
2015-07-28,10.218920707702637,FSHOP13.MX
2015-07-29,10.254137992858887,FSHOP13.MX
2015-07-30,10.29522705078125,FSHOP13.MX
2015-07-31,10.271745681762695,FSHOP13.MX
2015-08-03,10.28935718536377,FSHOP13.MX
2015-08-04,10.230660438537598,FSHOP13.MX
2015-08-05,10.283485412597656,FSHOP13.MX
2015-08-06,10.28935718536377,FSHOP13.MX
2015-08-07,10.400877952575684,FSHOP13.MX
2015-08-10,10.365659713745117,FSHOP13.MX
2015-08-11,10.483678817749023,FSHOP13.MX
2015-08-12,10.418192863464355,FSHOP13.MX
2015-08-13,10.436054229736328,FSHOP13.MX
2015-08-14,10.50153923034668,FSHOP13.MX
2015-08-17,10.465816497802734,FSHOP13.MX
2015-08-18,10.239596366882324,FSHOP13.MX
2015-08-19,10.257454872131348,FSHOP13.MX
2015-08-20,10.156248092651367,FSHOP13.MX
2015-08-21,10.090764045715332,FSHOP13.MX
2015-08-24,9.781195640563965,FSHOP13.MX
2015-08-25,9.78714656829834,FSHOP13.MX
2015-08-26,9.810959815979004,FSHOP13.MX
2015-08-27,9.876448631286621,FSHOP13.MX
2015-08-28,9.93002700805664,FSHOP13.MX
2015-08-31,9.51924991607666,FSHOP13.MX
2015-09-01,9.549018859863281,FSHOP13.MX
2015-09-02,9.572830200195312,FSHOP13.MX
2015-09-03,9.93002700805664,FSHOP13.MX
2015-09-04,9.78714656829834,FSHOP13.MX
2015-09-07,9.810959815979004,FSHOP13.MX
2015-09-08,9.763335227966309,FSHOP13.MX
2015-09-09,9.805008888244629,FSHOP13.MX
2015-09-10,9.965744972229004,FSHOP13.MX
2015-09-11,10.007418632507324,FSHOP13.MX
2015-09-14,10.12053108215332,FSHOP13.MX
2015-09-15,10.168155670166016,FSHOP13.MX
2015-09-17,10.144343376159668,FSHOP13.MX
2015-09-18,10.168155670166016,FSHOP13.MX
2015-09-21,10.203877449035645,FSHOP13.MX
2015-09-22,10.156248092651367,FSHOP13.MX
2015-09-23,10.191969871520996,FSHOP13.MX
2015-09-24,9.953837394714355,FSHOP13.MX
2015-09-25,9.912164688110352,FSHOP13.MX
2015-09-28,9.644270896911621,FSHOP13.MX
2015-09-29,9.477580070495605,FSHOP13.MX
2015-09-30,9.977652549743652,FSHOP13.MX
2015-10-01,9.93002700805664,FSHOP13.MX
2015-10-02,10.019323348999023,FSHOP13.MX
2015-10-05,10.08481216430664,FSHOP13.MX
2015-10-06,10.078859329223633,FSHOP13.MX
2015-10-07,10.108620643615723,FSHOP13.MX
2015-10-08,10.114577293395996,FSHOP13.MX
2015-10-09,10.316987991333008,FSHOP13.MX
2015-10-12,10.447957992553711,FSHOP13.MX
2015-10-13,10.287219047546387,FSHOP13.MX
2015-10-14,10.174108505249023,FSHOP13.MX
2015-10-15,10.191969871520996,FSHOP13.MX
2015-10-16,10.245548248291016,FSHOP13.MX
2015-10-19,10.251500129699707,FSHOP13.MX
2015-10-20,10.257454872131348,FSHOP13.MX
2015-10-21,10.203877449035645,FSHOP13.MX
2015-10-22,10.4003324508667,FSHOP13.MX
2015-10-23,10.174108505249023,FSHOP13.MX
2015-10-26,10.150297164916992,FSHOP13.MX
2015-10-27,10.108620643615723,FSHOP13.MX
2015-10-28,10.08481216430664,FSHOP13.MX
2015-10-29,10.019323348999023,FSHOP13.MX
2015-10-30,10.066951751708984,FSHOP13.MX
2015-11-03,10.334847450256348,FSHOP13.MX
2015-11-04,10.358660697937012,FSHOP13.MX
2015-11-05,10.203877449035645,FSHOP13.MX
2015-11-06,9.989561080932617,FSHOP13.MX
2015-11-09,9.94193172454834,FSHOP13.MX
2015-11-10,10.080681800842285,FSHOP13.MX
2015-11-11,10.256156921386719,FSHOP13.MX
2015-11-12,10.407427787780762,FSHOP13.MX
2015-11-13,10.35902214050293,FSHOP13.MX
2015-11-17,10.298514366149902,FSHOP13.MX
2015-11-18,10.35902214050293,FSHOP13.MX
2015-11-19,10.310613632202148,FSHOP13.MX
2015-11-20,10.352970123291016,FSHOP13.MX
2015-11-23,10.34086799621582,FSHOP13.MX
2015-11-24,10.383222579956055,FSHOP13.MX
2015-11-25,10.467933654785156,FSHOP13.MX
2015-11-26,10.365072250366211,FSHOP13.MX
2015-11-27,10.377172470092773,FSHOP13.MX
2015-11-30,10.177495956420898,FSHOP13.MX
2015-12-01,10.34692096710205,FSHOP13.MX
2015-12-02,10.274307250976562,FSHOP13.MX
2015-12-03,10.407427787780762,FSHOP13.MX
2015-12-04,10.449784278869629,FSHOP13.MX
2015-12-07,10.437681198120117,FSHOP13.MX
2015-12-08,10.425580978393555,FSHOP13.MX
2015-12-09,10.449784278869629,FSHOP13.MX
2015-12-10,10.41347885131836,FSHOP13.MX
2015-12-11,10.371124267578125,FSHOP13.MX
2015-12-14,10.256156921386719,FSHOP13.MX
2015-12-15,10.274307250976562,FSHOP13.MX
2015-12-16,10.225900650024414,FSHOP13.MX
2015-12-17,10.159344673156738,FSHOP13.MX
2015-12-18,10.383222579956055,FSHOP13.MX
2015-12-21,10.401375770568848,FSHOP13.MX
2015-12-22,10.486089706420898,FSHOP13.MX
2015-12-23,10.377172470092773,FSHOP13.MX
2015-12-24,10.449784278869629,FSHOP13.MX
2015-12-28,10.383222579956055,FSHOP13.MX
2015-12-29,10.34692096710205,FSHOP13.MX
2015-12-30,10.455832481384277,FSHOP13.MX
2015-12-31,10.522392272949219,FSHOP13.MX
2016-01-04,10.449784278869629,FSHOP13.MX
2016-01-05,10.262207984924316,FSHOP13.MX
2016-01-06,10.262207984924316,FSHOP13.MX
2016-01-07,10.165392875671387,FSHOP13.MX
2016-01-08,10.407427787780762,FSHOP13.MX
2016-01-11,10.401375770568848,FSHOP13.MX
2016-01-12,10.280360221862793,FSHOP13.MX
2016-01-13,10.280360221862793,FSHOP13.MX
2016-01-14,10.056482315063477,FSHOP13.MX
2016-01-15,10.13514232635498,FSHOP13.MX
2016-01-18,10.286412239074707,FSHOP13.MX
2016-01-19,10.032276153564453,FSHOP13.MX
2016-01-20,9.97781753540039,FSHOP13.MX
2016-01-21,10.020174026489258,FSHOP13.MX
2016-01-22,9.838651657104492,FSHOP13.MX
2016-01-25,9.838651657104492,FSHOP13.MX
2016-01-26,9.965718269348145,FSHOP13.MX
2016-01-27,10.002023696899414,FSHOP13.MX
2016-01-28,10.062527656555176,FSHOP13.MX
2016-01-29,10.280360221862793,FSHOP13.MX
2016-02-02,10.165392875671387,FSHOP13.MX
2016-02-03,10.219853401184082,FSHOP13.MX
2016-02-04,10.141191482543945,FSHOP13.MX
2016-02-05,10.110937118530273,FSHOP13.MX
2016-02-08,10.219853401184082,FSHOP13.MX
2016-02-09,10.153294563293457,FSHOP13.MX
2016-02-10,10.0867338180542,FSHOP13.MX
2016-02-11,9.935462951660156,FSHOP13.MX
2016-02-12,10.080681800842285,FSHOP13.MX
2016-02-15,10.13514232635498,FSHOP13.MX
2016-02-16,10.129088401794434,FSHOP13.MX
2016-02-17,10.177495956420898,FSHOP13.MX
2016-02-18,10.12303638458252,FSHOP13.MX
2016-02-19,10.044380187988281,FSHOP13.MX
2016-02-22,10.18354606628418,FSHOP13.MX
2016-02-23,10.104886054992676,FSHOP13.MX
2016-02-24,10.153294563293457,FSHOP13.MX
2016-02-25,10.18354606628418,FSHOP13.MX
2016-02-26,10.325150489807129,FSHOP13.MX
2016-02-29,10.411296844482422,FSHOP13.MX
2016-03-01,10.374378204345703,FSHOP13.MX
2016-03-02,10.515902519226074,FSHOP13.MX
2016-03-03,10.466675758361816,FSHOP13.MX
2016-03-04,10.485136032104492,FSHOP13.MX
2016-03-07,10.565126419067383,FSHOP13.MX
2016-03-08,10.417449951171875,FSHOP13.MX
2016-03-09,10.411296844482422,FSHOP13.MX
2016-03-10,10.405143737792969,FSHOP13.MX
2016-03-11,10.454368591308594,FSHOP13.MX
2016-03-14,10.435908317565918,FSHOP13.MX
2016-03-15,10.392838478088379,FSHOP13.MX
2016-03-16,10.392838478088379,FSHOP13.MX
2016-03-17,10.448217391967773,FSHOP13.MX
2016-03-18,10.429756164550781,FSHOP13.MX
2016-03-22,10.411296844482422,FSHOP13.MX
2016-03-23,10.448217391967773,FSHOP13.MX
2016-03-28,10.429756164550781,FSHOP13.MX
2016-03-29,10.362070083618164,FSHOP13.MX
2016-03-30,10.429756164550781,FSHOP13.MX
2016-03-31,10.546667098999023,FSHOP13.MX
2016-04-01,10.466675758361816,FSHOP13.MX
2016-04-04,10.454368591308594,FSHOP13.MX
2016-04-05,10.392838478088379,FSHOP13.MX
2016-04-06,10.239006042480469,FSHOP13.MX
2016-04-07,10.26977252960205,FSHOP13.MX
2016-04-08,10.448217391967773,FSHOP13.MX
2016-04-11,10.522052764892578,FSHOP13.MX
2016-04-12,10.497442245483398,FSHOP13.MX
2016-04-13,10.466675758361816,FSHOP13.MX
2016-04-14,10.466675758361816,FSHOP13.MX
2016-04-15,10.429756164550781,FSHOP13.MX
2016-04-18,10.485136032104492,FSHOP13.MX
2016-04-19,10.522052764892578,FSHOP13.MX
2016-04-20,10.448217391967773,FSHOP13.MX
2016-04-21,10.435908317565918,FSHOP13.MX
2016-04-22,10.509748458862305,FSHOP13.MX
2016-04-25,10.454368591308594,FSHOP13.MX
2016-04-26,10.448217391967773,FSHOP13.MX
2016-04-27,10.429756164550781,FSHOP13.MX
2016-04-28,10.288230895996094,FSHOP13.MX
2016-04-29,10.386134147644043,FSHOP13.MX
2016-05-02,10.367364883422852,FSHOP13.MX
2016-05-03,10.367364883422852,FSHOP13.MX
2016-05-04,10.129606246948242,FSHOP13.MX
2016-05-05,10.160894393920898,FSHOP13.MX
2016-05-06,9.979445457458496,FSHOP13.MX
2016-05-09,9.948162078857422,FSHOP13.MX
2016-05-10,9.979445457458496,FSHOP13.MX
2016-05-11,9.966934204101562,FSHOP13.MX
2016-05-12,9.960676193237305,FSHOP13.MX
2016-05-13,10.004475593566895,FSHOP13.MX
2016-05-16,10.048269271850586,FSHOP13.MX
2016-05-17,10.016985893249512,FSHOP13.MX
2016-05-18,9.916879653930664,FSHOP13.MX
2016-05-19,9.829285621643066,FSHOP13.MX
2016-05-20,10.092065811157227,FSHOP13.MX
2016-05-23,9.979445457458496,FSHOP13.MX
2016-05-24,9.960676193237305,FSHOP13.MX
2016-05-25,10.123351097106934,FSHOP13.MX
2016-05-26,10.129606246948242,FSHOP13.MX
2016-05-27,10.0983247756958,FSHOP13.MX
2016-05-30,10.073296546936035,FSHOP13.MX
2016-05-31,10.104580879211426,FSHOP13.MX
2016-06-01,10.054526329040527,FSHOP13.MX
2016-06-02,10.035757064819336,FSHOP13.MX
2016-06-03,10.060785293579102,FSHOP13.MX
2016-06-06,10.179662704467773,FSHOP13.MX
2016-06-07,10.304795265197754,FSHOP13.MX
2016-06-08,10.242228507995605,FSHOP13.MX
2016-06-09,10.198431015014648,FSHOP13.MX
2016-06-10,10.073296546936035,FSHOP13.MX
2016-06-13,9.979445457458496,FSHOP13.MX
2016-06-14,9.94190788269043,FSHOP13.MX
2016-06-15,10.135865211486816,FSHOP13.MX
2016-06-16,10.21720027923584,FSHOP13.MX
2016-06-17,10.067039489746094,FSHOP13.MX
2016-06-20,9.991961479187012,FSHOP13.MX
2016-06-21,9.985702514648438,FSHOP13.MX
2016-06-22,10.123351097106934,FSHOP13.MX
2016-06-23,10.267256736755371,FSHOP13.MX
2016-06-24,9.935648918151855,FSHOP13.MX
2016-06-27,9.973191261291504,FSHOP13.MX
2016-06-28,10.004475593566895,FSHOP13.MX
2016-06-29,10.154633522033691,FSHOP13.MX
2016-06-30,10.286026000976562,FSHOP13.MX
2016-07-01,10.486239433288574,FSHOP13.MX
2016-07-04,10.454955101013184,FSHOP13.MX
2016-07-05,10.110836029052734,FSHOP13.MX
2016-07-06,9.948162078857422,FSHOP13.MX
2016-07-07,9.985702514648438,FSHOP13.MX
2016-07-08,9.998217582702637,FSHOP13.MX
2016-07-11,10.135865211486816,FSHOP13.MX
2016-07-12,10.07955265045166,FSHOP13.MX
2016-07-13,10.160894393920898,FSHOP13.MX
2016-07-14,10.32982063293457,FSHOP13.MX
2016-07-15,10.160894393920898,FSHOP13.MX
2016-07-18,10.129606246948242,FSHOP13.MX
2016-07-19,10.054526329040527,FSHOP13.MX
2016-07-20,10.123351097106934,FSHOP13.MX
2016-07-21,10.060785293579102,FSHOP13.MX
2016-07-22,10.135865211486816,FSHOP13.MX
2016-07-25,10.085809707641602,FSHOP13.MX
2016-07-26,10.179662704467773,FSHOP13.MX
2016-07-27,10.11709213256836,FSHOP13.MX
2016-07-28,10.260997772216797,FSHOP13.MX
2016-07-29,10.73025131225586,FSHOP13.MX
2016-08-01,10.603053092956543,FSHOP13.MX
2016-08-02,10.564867973327637,FSHOP13.MX
2016-08-03,10.552135467529297,FSHOP13.MX
2016-08-04,10.564867973327637,FSHOP13.MX
2016-08-05,10.564867973327637,FSHOP13.MX
2016-08-08,10.475765228271484,FSHOP13.MX
2016-08-09,10.609417915344238,FSHOP13.MX
2016-08-10,10.692151069641113,FSHOP13.MX
2016-08-11,10.749433517456055,FSHOP13.MX
2016-08-12,10.806714057922363,FSHOP13.MX
2016-08-15,10.851261138916016,FSHOP13.MX
2016-08-16,10.889447212219238,FSHOP13.MX
2016-08-17,10.90854263305664,FSHOP13.MX
2016-08-18,10.825804710388184,FSHOP13.MX
2016-08-19,10.940364837646484,FSHOP13.MX
2016-08-22,10.813076972961426,FSHOP13.MX
2016-08-23,10.749433517456055,FSHOP13.MX
2016-08-24,10.749433517456055,FSHOP13.MX
2016-08-25,10.685791015625,FSHOP13.MX
2016-08-26,10.736708641052246,FSHOP13.MX
2016-08-29,10.781255722045898,FSHOP13.MX
2016-08-30,10.787619590759277,FSHOP13.MX
2016-08-31,10.749433517456055,FSHOP13.MX
2016-09-01,10.679427146911621,FSHOP13.MX
2016-09-02,10.596689224243164,FSHOP13.MX
2016-09-05,10.596689224243164,FSHOP13.MX
2016-09-06,10.533041954040527,FSHOP13.MX
2016-09-07,10.539407730102539,FSHOP13.MX
2016-09-08,10.456673622131348,FSHOP13.MX
2016-09-09,10.31029224395752,FSHOP13.MX
2016-09-12,10.214827537536621,FSHOP13.MX
2016-09-13,10.100266456604004,FSHOP13.MX
2016-09-14,10.042988777160645,FSHOP13.MX
2016-09-15,10.03662395477295,FSHOP13.MX
2016-09-19,10.11936092376709,FSHOP13.MX
2016-09-20,9.966612815856934,FSHOP13.MX
2016-09-21,10.055716514587402,FSHOP13.MX
2016-09-22,10.354842185974121,FSHOP13.MX
2016-09-23,10.16391372680664,FSHOP13.MX
2016-09-26,9.966612815856934,FSHOP13.MX
2016-09-27,10.074810028076172,FSHOP13.MX
2016-09-28,10.176639556884766,FSHOP13.MX
2016-09-29,10.074810028076172,FSHOP13.MX
2016-09-30,10.132088661193848,FSHOP13.MX
2016-10-03,10.112997055053711,FSHOP13.MX
2016-10-04,10.34847640991211,FSHOP13.MX
2016-10-05,10.170272827148438,FSHOP13.MX
2016-10-06,10.170272827148438,FSHOP13.MX
2016-10-07,10.112997055053711,FSHOP13.MX
2016-10-10,10.125724792480469,FSHOP13.MX
2016-10-11,10.195732116699219,FSHOP13.MX
2016-10-12,10.176639556884766,FSHOP13.MX
2016-10-13,10.125724792480469,FSHOP13.MX
2016-10-14,10.125724792480469,FSHOP13.MX
2016-10-17,10.068446159362793,FSHOP13.MX
2016-10-18,10.100266456604004,FSHOP13.MX
2016-10-19,10.1066312789917,FSHOP13.MX
2016-10-20,10.112997055053711,FSHOP13.MX
2016-10-21,10.265740394592285,FSHOP13.MX
2016-10-24,10.227553367614746,FSHOP13.MX
2016-10-25,10.214827537536621,FSHOP13.MX
2016-10-26,10.208462715148926,FSHOP13.MX
2016-10-27,10.208462715148926,FSHOP13.MX
2016-10-28,10.250547409057617,FSHOP13.MX
2016-10-31,10.269974708557129,FSHOP13.MX
2016-11-01,10.036858558654785,FSHOP13.MX
2016-11-03,9.887927055358887,FSHOP13.MX
2016-11-04,9.823173522949219,FSHOP13.MX
2016-11-07,10.159893989562988,FSHOP13.MX
2016-11-08,10.088664054870605,FSHOP13.MX
2016-11-09,9.855549812316895,FSHOP13.MX
2016-11-10,9.86202621459961,FSHOP13.MX
2016-11-11,9.86202621459961,FSHOP13.MX
2016-11-14,9.661286354064941,FSHOP13.MX
2016-11-15,9.648338317871094,FSHOP13.MX
2016-11-16,9.039649963378906,FSHOP13.MX
2016-11-17,9.000797271728516,FSHOP13.MX
2016-11-18,8.722354888916016,FSHOP13.MX
2016-11-22,8.495718002319336,FSHOP13.MX
2016-11-23,8.599324226379395,FSHOP13.MX
2016-11-24,8.60579776763916,FSHOP13.MX
2016-11-25,9.059075355529785,FSHOP13.MX
2016-11-28,8.8583402633667,FSHOP13.MX
2016-11-29,8.916616439819336,FSHOP13.MX
2016-11-30,8.528092384338379,FSHOP13.MX
2016-12-01,8.52161979675293,FSHOP13.MX
2016-12-02,8.502191543579102,FSHOP13.MX
2016-12-05,8.625224113464355,FSHOP13.MX
2016-12-06,8.52161979675293,FSHOP13.MX
2016-12-07,8.502191543579102,FSHOP13.MX
2016-12-08,8.359733581542969,FSHOP13.MX
2016-12-09,8.398585319519043,FSHOP13.MX
2016-12-13,8.243178367614746,FSHOP13.MX
2016-12-14,8.191373825073242,FSHOP13.MX
2016-12-15,8.094242095947266,FSHOP13.MX
2016-12-16,8.0230131149292,FSHOP13.MX
2016-12-19,8.055388450622559,FSHOP13.MX
2016-12-20,8.204323768615723,FSHOP13.MX
2016-12-21,7.945308208465576,FSHOP13.MX
2016-12-22,8.217276573181152,FSHOP13.MX
2016-12-23,8.346781730651855,FSHOP13.MX
2016-12-26,8.741781234741211,FSHOP13.MX
2016-12-27,8.573421478271484,FSHOP13.MX
2016-12-28,8.379158973693848,FSHOP13.MX
2016-12-29,8.2949800491333,FSHOP13.MX
2016-12-30,8.307930946350098,FSHOP13.MX
2017-01-02,8.307930946350098,FSHOP13.MX
2017-01-03,8.430963516235352,FSHOP13.MX
2017-01-04,8.411537170410156,FSHOP13.MX
2017-01-05,8.418011665344238,FSHOP13.MX
2017-01-06,8.346781730651855,FSHOP13.MX
2017-01-09,8.217276573181152,FSHOP13.MX
2017-01-10,8.107192993164062,FSHOP13.MX
2017-01-11,8.100716590881348,FSHOP13.MX
2017-01-12,8.120145797729492,FSHOP13.MX
2017-01-13,8.35325813293457,FSHOP13.MX
2017-01-16,8.528092384338379,FSHOP13.MX
2017-01-17,8.359733581542969,FSHOP13.MX
2017-01-18,8.288504600524902,FSHOP13.MX
2017-01-19,8.06186294555664,FSHOP13.MX
2017-01-20,8.191373825073242,FSHOP13.MX
2017-01-23,8.43743896484375,FSHOP13.MX
2017-01-24,8.489239692687988,FSHOP13.MX
2017-01-25,8.405062675476074,FSHOP13.MX
2017-01-26,8.54751968383789,FSHOP13.MX
2017-01-27,8.340307235717773,FSHOP13.MX
2017-01-30,8.379158973693848,FSHOP13.MX
2017-01-31,8.657604217529297,FSHOP13.MX
2017-02-01,8.741781234741211,FSHOP13.MX
2017-02-02,8.800060272216797,FSHOP13.MX
2017-02-03,8.813010215759277,FSHOP13.MX
2017-02-07,8.54751968383789,FSHOP13.MX
2017-02-08,8.508665084838867,FSHOP13.MX
2017-02-09,8.405062675476074,FSHOP13.MX
2017-02-10,8.612274169921875,FSHOP13.MX
2017-02-13,8.411537170410156,FSHOP13.MX
2017-02-14,8.307930946350098,FSHOP13.MX
2017-02-15,8.223751068115234,FSHOP13.MX
2017-02-16,8.184898376464844,FSHOP13.MX
2017-02-17,8.3014554977417,FSHOP13.MX
2017-02-20,8.3014554977417,FSHOP13.MX
2017-02-21,8.405062675476074,FSHOP13.MX
2017-02-22,8.359733581542969,FSHOP13.MX
2017-02-23,8.35325813293457,FSHOP13.MX
2017-02-24,8.3014554977417,FSHOP13.MX
2017-02-27,8.579896926879883,FSHOP13.MX
2017-02-28,8.553995132446289,FSHOP13.MX
2017-03-01,8.54751968383789,FSHOP13.MX
2017-03-02,8.36620807647705,FSHOP13.MX
2017-03-03,8.43627643585205,FSHOP13.MX
2017-03-06,8.53544807434082,FSHOP13.MX
2017-03-07,8.50239086151123,FSHOP13.MX
2017-03-08,8.58834171295166,FSHOP13.MX
2017-03-09,8.58834171295166,FSHOP13.MX
2017-03-10,8.58834171295166,FSHOP13.MX
2017-03-13,8.561893463134766,FSHOP13.MX
2017-03-14,8.528837203979492,FSHOP13.MX
2017-03-15,8.581730842590332,FSHOP13.MX
2017-03-16,8.548672676086426,FSHOP13.MX
2017-03-17,8.87924575805664,FSHOP13.MX
2017-03-21,8.799910545349121,FSHOP13.MX
2017-03-22,8.654455184936523,FSHOP13.MX
2017-03-23,8.680901527404785,FSHOP13.MX
2017-03-24,8.694124221801758,FSHOP13.MX
2017-03-27,8.727184295654297,FSHOP13.MX
2017-03-28,8.700736999511719,FSHOP13.MX
2017-03-29,8.667677879333496,FSHOP13.MX
2017-03-30,8.713959693908691,FSHOP13.MX
2017-03-31,8.760238647460938,FSHOP13.MX
2017-04-03,8.766851425170898,FSHOP13.MX
2017-04-04,8.760238647460938,FSHOP13.MX
2017-04-05,8.832964897155762,FSHOP13.MX
2017-04-06,8.852802276611328,FSHOP13.MX
2017-04-07,8.91230297088623,FSHOP13.MX
2017-04-10,9.018091201782227,FSHOP13.MX
2017-04-11,9.097427368164062,FSHOP13.MX
2017-04-12,9.249490737915039,FSHOP13.MX
2017-04-17,9.163542747497559,FSHOP13.MX
2017-04-18,9.044534683227539,FSHOP13.MX
2017-04-19,8.99825382232666,FSHOP13.MX
2017-04-20,9.064369201660156,FSHOP13.MX
2017-04-21,8.99825382232666,FSHOP13.MX
2017-04-24,8.945361137390137,FSHOP13.MX
2017-04-25,8.932141304016113,FSHOP13.MX
2017-04-26,8.958584785461426,FSHOP13.MX
2017-04-27,8.773463249206543,FSHOP13.MX
2017-04-28,9.0709810256958,FSHOP13.MX
2017-05-02,8.945361137390137,FSHOP13.MX
2017-05-03,8.991644859313965,FSHOP13.MX
2017-05-04,8.813133239746094,FSHOP13.MX
2017-05-05,8.885856628417969,FSHOP13.MX
2017-05-08,8.8097505569458,FSHOP13.MX
2017-05-09,8.909255027770996,FSHOP13.MX
2017-05-10,8.836283683776855,FSHOP13.MX
2017-05-11,8.763312339782715,FSHOP13.MX
2017-05-12,8.68370532989502,FSHOP13.MX
2017-05-15,8.690339088439941,FSHOP13.MX
2017-05-16,8.710241317749023,FSHOP13.MX
2017-05-17,8.690339088439941,FSHOP13.MX
2017-05-18,8.723506927490234,FSHOP13.MX
2017-05-19,8.862817764282227,FSHOP13.MX
2017-05-22,8.80311393737793,FSHOP13.MX
2017-05-23,8.776577949523926,FSHOP13.MX
2017-05-24,8.511223793029785,FSHOP13.MX
2017-05-25,8.45815372467041,FSHOP13.MX
2017-05-26,8.418352127075195,FSHOP13.MX
2017-05-29,8.491323471069336,FSHOP13.MX
2017-05-30,8.4249849319458,FSHOP13.MX
2017-05-31,8.4249849319458,FSHOP13.MX
2017-06-01,8.478055000305176,FSHOP13.MX
2017-06-02,8.45815372467041,FSHOP13.MX
2017-06-05,8.45815372467041,FSHOP13.MX
2017-06-06,8.418352127075195,FSHOP13.MX
2017-06-07,8.365279197692871,FSHOP13.MX
2017-06-08,8.352012634277344,FSHOP13.MX
2017-06-09,8.358646392822266,FSHOP13.MX
2017-06-12,8.152995109558105,FSHOP13.MX
2017-06-13,8.192801475524902,FSHOP13.MX
2017-06-14,8.166264533996582,FSHOP13.MX
2017-06-15,8.272405624389648,FSHOP13.MX
2017-06-16,8.073390007019043,FSHOP13.MX
2017-06-19,8.119829177856445,FSHOP13.MX
2017-06-20,8.192801475524902,FSHOP13.MX
2017-06-21,8.139730453491211,FSHOP13.MX
2017-06-22,8.166264533996582,FSHOP13.MX
2017-06-23,8.225970268249512,FSHOP13.MX
2017-06-26,8.199432373046875,FSHOP13.MX
2017-06-27,8.245872497558594,FSHOP13.MX
2017-06-28,8.212701797485352,FSHOP13.MX
2017-06-29,8.192801475524902,FSHOP13.MX
2017-06-30,8.252504348754883,FSHOP13.MX
2017-07-03,8.179532051086426,FSHOP13.MX
2017-07-04,8.212701797485352,FSHOP13.MX
2017-07-05,8.113192558288574,FSHOP13.MX
2017-07-06,8.093291282653809,FSHOP13.MX
2017-07-07,8.080025672912598,FSHOP13.MX
2017-07-10,8.040221214294434,FSHOP13.MX
2017-07-11,8.119829177856445,FSHOP13.MX
2017-07-12,8.113192558288574,FSHOP13.MX
2017-07-13,8.12646484375,FSHOP13.MX
2017-07-14,7.960616588592529,FSHOP13.MX
2017-07-17,8.066758155822754,FSHOP13.MX
2017-07-18,8.060123443603516,FSHOP13.MX
2017-07-19,8.106559753417969,FSHOP13.MX
2017-07-20,8.066758155822754,FSHOP13.MX
2017-07-21,8.12646484375,FSHOP13.MX
2017-07-24,8.000419616699219,FSHOP13.MX
2017-07-25,8.02695369720459,FSHOP13.MX
2017-07-26,7.947348117828369,FSHOP13.MX
2017-07-27,8.060123443603516,FSHOP13.MX
2017-07-28,8.060123443603516,FSHOP13.MX
2017-07-31,8.053488731384277,FSHOP13.MX
2017-08-01,8.060123443603516,FSHOP13.MX
2017-08-02,8.060123443603516,FSHOP13.MX
2017-08-03,8.053488731384277,FSHOP13.MX
2017-08-04,8.093291282653809,FSHOP13.MX
2017-08-07,8.053488731384277,FSHOP13.MX
2017-08-08,8.060123443603516,FSHOP13.MX
2017-08-09,7.910534858703613,FSHOP13.MX
2017-08-10,7.8173933029174805,FSHOP13.MX
2017-08-11,7.830699443817139,FSHOP13.MX
2017-08-14,7.777472496032715,FSHOP13.MX
2017-08-15,7.677678108215332,FSHOP13.MX
2017-08-16,7.664371013641357,FSHOP13.MX
2017-08-17,7.544614791870117,FSHOP13.MX
2017-08-18,7.557921886444092,FSHOP13.MX
2017-08-21,7.531306743621826,FSHOP13.MX
2017-08-22,7.657715320587158,FSHOP13.MX
2017-08-23,7.624453544616699,FSHOP13.MX
2017-08-24,7.597841739654541,FSHOP13.MX
2017-08-25,7.617798805236816,FSHOP13.MX
2017-08-28,7.744208812713623,FSHOP13.MX
2017-08-29,7.737555027008057,FSHOP13.MX
2017-08-30,7.724247455596924,FSHOP13.MX
2017-08-31,7.730900764465332,FSHOP13.MX
2017-09-01,7.777472496032715,FSHOP13.MX
2017-09-04,7.830699443817139,FSHOP13.MX
2017-09-05,7.750860691070557,FSHOP13.MX
2017-09-06,7.777472496032715,FSHOP13.MX
2017-09-07,7.777472496032715,FSHOP13.MX
2017-09-08,7.784126281738281,FSHOP13.MX
2017-09-11,7.824044704437256,FSHOP13.MX
2017-09-12,7.9171857833862305,FSHOP13.MX
2017-09-13,7.8772687911987305,FSHOP13.MX
2017-09-14,7.9238409996032715,FSHOP13.MX
2017-09-15,7.830699443817139,FSHOP13.MX
2017-09-18,7.824044704437256,FSHOP13.MX
2017-09-19,7.657715320587158,FSHOP13.MX
2017-09-20,7.651064872741699,FSHOP13.MX
2017-09-21,7.710941791534424,FSHOP13.MX
2017-09-22,7.704289436340332,FSHOP13.MX
2017-09-25,7.651064872741699,FSHOP13.MX
2017-09-26,7.624453544616699,FSHOP13.MX
2017-09-27,7.61114501953125,FSHOP13.MX
2017-09-28,7.551266670227051,FSHOP13.MX
2017-09-29,7.2585320472717285,FSHOP13.MX
2017-10-02,7.132122039794922,FSHOP13.MX
2017-10-03,7.185347557067871,FSHOP13.MX
2017-10-04,7.2385711669921875,FSHOP13.MX
2017-10-05,7.13877534866333,FSHOP13.MX
2017-10-06,7.13877534866333,FSHOP13.MX
2017-10-09,7.132122039794922,FSHOP13.MX
2017-10-10,7.11881685256958,FSHOP13.MX
2017-10-11,7.311756610870361,FSHOP13.MX
2017-10-12,7.25187873840332,FSHOP13.MX
2017-10-13,7.378288745880127,FSHOP13.MX
2017-10-16,7.384939193725586,FSHOP13.MX
2017-10-17,7.418206214904785,FSHOP13.MX
2017-10-18,7.498042583465576,FSHOP13.MX
2017-10-19,7.458122730255127,FSHOP13.MX
2017-10-20,7.504696846008301,FSHOP13.MX
2017-10-23,7.511349201202393,FSHOP13.MX
2017-10-24,7.444817066192627,FSHOP13.MX
2017-10-25,7.471428871154785,FSHOP13.MX
2017-10-26,7.61114501953125,FSHOP13.MX
2017-10-27,7.797431468963623,FSHOP13.MX
2017-10-30,7.850656509399414,FSHOP13.MX
2017-10-31,7.850656509399414,FSHOP13.MX
2017-11-01,8.113810539245605,FSHOP13.MX
2017-11-03,7.936237335205078,FSHOP13.MX
2017-11-06,7.888426780700684,FSHOP13.MX
2017-11-07,7.826959609985352,FSHOP13.MX
2017-11-08,7.765491008758545,FSHOP13.MX
2017-11-09,7.758662700653076,FSHOP13.MX
2017-11-10,7.908918380737305,FSHOP13.MX
2017-11-13,7.977214813232422,FSHOP13.MX
2017-11-14,7.874765396118164,FSHOP13.MX
2017-11-15,7.84061861038208,FSHOP13.MX
2017-11-16,7.779151916503906,FSHOP13.MX
2017-11-17,7.854277610778809,FSHOP13.MX
2017-11-21,7.80647087097168,FSHOP13.MX
2017-11-22,7.8611063957214355,FSHOP13.MX
2017-11-23,7.80647087097168,FSHOP13.MX
2017-11-24,7.867938041687012,FSHOP13.MX
2017-11-27,7.9020867347717285,FSHOP13.MX
2017-11-28,7.847448348999023,FSHOP13.MX
2017-11-29,7.847448348999023,FSHOP13.MX
2017-11-30,7.813299655914307,FSHOP13.MX
2017-12-01,7.683533191680908,FSHOP13.MX
2017-12-04,7.690362930297852,FSHOP13.MX
2017-12-05,7.560596942901611,FSHOP13.MX
2017-12-06,7.594746112823486,FSHOP13.MX
2017-12-07,7.642552852630615,FSHOP13.MX
2017-12-08,7.451320648193359,FSHOP13.MX
2017-12-11,7.540109157562256,FSHOP13.MX
2017-12-13,7.458150386810303,FSHOP13.MX
2017-12-14,7.519618988037109,FSHOP13.MX
2017-12-15,7.362532138824463,FSHOP13.MX
2017-12-18,7.403510570526123,FSHOP13.MX
2017-12-19,7.369363784790039,FSHOP13.MX
2017-12-20,7.335211753845215,FSHOP13.MX
2017-12-21,7.396681308746338,FSHOP13.MX
2017-12-22,7.191786766052246,FSHOP13.MX
2017-12-26,7.171298503875732,FSHOP13.MX
2017-12-27,7.178127765655518,FSHOP13.MX
2017-12-28,7.225936412811279,FSHOP13.MX
2017-12-29,7.212276935577393,FSHOP13.MX
2018-01-02,7.225936412811279,FSHOP13.MX
2018-01-03,7.0825090408325195,FSHOP13.MX
2018-01-04,7.171298503875732,FSHOP13.MX
2018-01-05,7.191786766052246,FSHOP13.MX
2018-01-08,7.239597320556641,FSHOP13.MX
2018-01-09,7.096170902252197,FSHOP13.MX
2018-01-10,7.048361778259277,FSHOP13.MX
2018-01-11,7.000551223754883,FSHOP13.MX
2018-01-12,7.034703254699707,FSHOP13.MX
2018-01-15,6.9868927001953125,FSHOP13.MX
2018-01-16,7.007381916046143,FSHOP13.MX
2018-01-17,7.137147426605225,FSHOP13.MX
2018-01-18,7.014211654663086,FSHOP13.MX
2018-01-19,7.068850040435791,FSHOP13.MX
2018-01-22,7.137147426605225,FSHOP13.MX
2018-01-23,7.0825090408325195,FSHOP13.MX
2018-01-24,7.239597320556641,FSHOP13.MX
2018-01-25,7.239597320556641,FSHOP13.MX
2018-01-26,7.225936412811279,FSHOP13.MX
2018-01-29,7.198616981506348,FSHOP13.MX
2018-01-30,7.178127765655518,FSHOP13.MX
2018-01-31,7.171298503875732,FSHOP13.MX
2018-02-01,7.178127765655518,FSHOP13.MX
2018-02-02,7.232765197753906,FSHOP13.MX
2018-02-06,7.239597320556641,FSHOP13.MX
2018-02-07,7.246425151824951,FSHOP13.MX
2018-02-08,7.232765197753906,FSHOP13.MX
2018-02-09,7.28057336807251,FSHOP13.MX
2018-02-12,7.478640079498291,FSHOP13.MX
2018-02-13,7.2532548904418945,FSHOP13.MX
2018-02-14,7.581086158752441,FSHOP13.MX
2018-02-15,7.191786766052246,FSHOP13.MX
2018-02-16,7.205446720123291,FSHOP13.MX
2018-02-19,7.225936412811279,FSHOP13.MX
2018-02-20,7.266915798187256,FSHOP13.MX
2018-02-21,7.198616981506348,FSHOP13.MX
2018-02-22,7.335211753845215,FSHOP13.MX
2018-02-23,7.314723968505859,FSHOP13.MX
2018-02-26,7.41717004776001,FSHOP13.MX
2018-02-27,7.335211753845215,FSHOP13.MX
2018-02-28,7.451320648193359,FSHOP13.MX
2018-03-01,7.444489479064941,FSHOP13.MX
2018-03-02,7.437660217285156,FSHOP13.MX
2018-03-05,7.471808433532715,FSHOP13.MX
2018-03-06,7.32838249206543,FSHOP13.MX
2018-03-07,7.212276935577393,FSHOP13.MX
2018-03-08,7.143977642059326,FSHOP13.MX
2018-03-09,7.184958457946777,FSHOP13.MX
2018-03-12,7.287402153015137,FSHOP13.MX
2018-03-13,7.307894706726074,FSHOP13.MX
2018-03-14,7.458150386810303,FSHOP13.MX
2018-03-15,7.492299556732178,FSHOP13.MX
2018-03-16,7.458150386810303,FSHOP13.MX
2018-03-20,7.471808433532715,FSHOP13.MX
2018-03-21,7.526446342468262,FSHOP13.MX
2018-03-22,7.608405590057373,FSHOP13.MX
2018-03-23,7.656211853027344,FSHOP13.MX
2018-03-26,7.594746112823486,FSHOP13.MX
2018-03-27,7.62206506729126,FSHOP13.MX
2018-03-28,7.64938497543335,FSHOP13.MX
2018-04-02,7.581086158752441,FSHOP13.MX
2018-04-03,7.553768157958984,FSHOP13.MX
2018-04-04,7.731341361999512,FSHOP13.MX
2018-04-05,7.424000263214111,FSHOP13.MX
2018-04-06,7.383021831512451,FSHOP13.MX
2018-04-09,7.581086158752441,FSHOP13.MX
2018-04-10,7.6357245445251465,FSHOP13.MX
2018-04-11,7.64938497543335,FSHOP13.MX
2018-04-12,7.64938497543335,FSHOP13.MX
2018-04-13,7.574256896972656,FSHOP13.MX
2018-04-16,7.553768157958984,FSHOP13.MX
2018-04-17,7.64938497543335,FSHOP13.MX
2018-04-18,7.64938497543335,FSHOP13.MX
2018-04-19,7.731341361999512,FSHOP13.MX
2018-04-20,7.642552852630615,FSHOP13.MX
2018-04-23,7.478640079498291,FSHOP13.MX
2018-04-24,7.492299556732178,FSHOP13.MX
2018-04-25,7.492299556732178,FSHOP13.MX
2018-04-26,7.437660217285156,FSHOP13.MX
2018-04-27,7.32838249206543,FSHOP13.MX
2018-04-30,7.430829048156738,FSHOP13.MX
2018-05-02,7.376191139221191,FSHOP13.MX
2018-05-03,7.212276935577393,FSHOP13.MX
2018-05-04,7.034703254699707,FSHOP13.MX
2018-05-07,6.9254255294799805,FSHOP13.MX
2018-05-08,6.973233699798584,FSHOP13.MX
2018-05-09,6.966403484344482,FSHOP13.MX
2018-05-10,7.021041393280029,FSHOP13.MX
2018-05-11,7.027871608734131,FSHOP13.MX
2018-05-14,6.911764144897461,FSHOP13.MX
2018-05-15,6.911764144897461,FSHOP13.MX
2018-05-16,6.891274929046631,FSHOP13.MX
2018-05-17,6.863956928253174,FSHOP13.MX
2018-05-18,6.809318542480469,FSHOP13.MX
2018-05-21,6.829807281494141,FSHOP13.MX
2018-05-22,6.816145896911621,FSHOP13.MX
2018-05-23,6.788830280303955,FSHOP13.MX
2018-05-24,6.781998157501221,FSHOP13.MX
2018-05-25,6.788830280303955,FSHOP13.MX
2018-05-28,6.570273399353027,FSHOP13.MX
2018-05-29,6.488317489624023,FSHOP13.MX
2018-05-30,6.426847457885742,FSHOP13.MX
2018-05-31,6.310740947723389,FSHOP13.MX
2018-06-01,6.310740947723389,FSHOP13.MX
2018-06-04,6.317571640014648,FSHOP13.MX
2018-06-05,6.379042148590088,FSHOP13.MX
2018-06-06,6.399529933929443,FSHOP13.MX
2018-06-07,6.433678150177002,FSHOP13.MX
2018-06-08,6.4746575355529785,FSHOP13.MX
2018-06-11,6.590763092041016,FSHOP13.MX
2018-06-12,6.611252307891846,FSHOP13.MX
2018-06-13,6.645402908325195,FSHOP13.MX
2018-06-14,6.624913215637207,FSHOP13.MX
2018-06-15,6.426847457885742,FSHOP13.MX
2018-06-18,6.399529933929443,FSHOP13.MX
2018-06-19,6.420017719268799,FSHOP13.MX
2018-06-20,6.351720809936523,FSHOP13.MX
2018-06-21,6.324401378631592,FSHOP13.MX
2018-06-22,6.215124607086182,FSHOP13.MX
2018-06-25,6.215124607086182,FSHOP13.MX
2018-06-26,6.2765936851501465,FSHOP13.MX
2018-06-27,6.249275207519531,FSHOP13.MX
2018-06-28,6.256104469299316,FSHOP13.MX
2018-06-29,6.379042148590088,FSHOP13.MX
2018-07-02,6.283422470092773,FSHOP13.MX
2018-07-03,6.242444038391113,FSHOP13.MX
2018-07-04,6.249275207519531,FSHOP13.MX
2018-07-05,6.338061332702637,FSHOP13.MX
2018-07-06,6.283422470092773,FSHOP13.MX
2018-07-09,6.228784561157227,FSHOP13.MX
2018-07-10,6.160487651824951,FSHOP13.MX
2018-07-11,6.201465129852295,FSHOP13.MX
2018-07-12,6.201465129852295,FSHOP13.MX
2018-07-13,6.146827220916748,FSHOP13.MX
2018-07-16,6.092187881469727,FSHOP13.MX
2018-07-17,6.221953392028809,FSHOP13.MX
2018-07-18,6.1195068359375,FSHOP13.MX
2018-07-19,6.078527927398682,FSHOP13.MX
2018-07-20,6.112676620483398,FSHOP13.MX
2018-07-23,6.420017719268799,FSHOP13.MX
2018-07-24,6.563445091247559,FSHOP13.MX
2018-07-25,6.597593307495117,FSHOP13.MX
2018-07-26,6.822977542877197,FSHOP13.MX
2018-07-27,6.884445667266846,FSHOP13.MX
2018-07-30,6.952744007110596,FSHOP13.MX
2018-07-31,7.014211654663086,FSHOP13.MX
2018-08-01,7.027871608734131,FSHOP13.MX
2018-08-02,7.027871608734131,FSHOP13.MX
2018-08-03,7.027871608734131,FSHOP13.MX
2018-08-06,7.109828948974609,FSHOP13.MX
2018-08-07,6.904934406280518,FSHOP13.MX
2018-08-08,7.027871608734131,FSHOP13.MX
2018-08-09,7.130318641662598,FSHOP13.MX
2018-08-10,7.137147426605225,FSHOP13.MX
2018-08-13,6.980062961578369,FSHOP13.MX
2018-08-14,7.205446720123291,FSHOP13.MX
2018-08-15,6.973233699798584,FSHOP13.MX
2018-08-16,6.877615451812744,FSHOP13.MX
2018-08-17,6.877615451812744,FSHOP13.MX
2018-08-20,7.000551223754883,FSHOP13.MX
2018-08-21,6.904934406280518,FSHOP13.MX
2018-08-22,6.795657157897949,FSHOP13.MX
2018-08-23,6.829807281494141,FSHOP13.MX
2018-08-24,6.939085960388184,FSHOP13.MX
2018-08-27,6.850296974182129,FSHOP13.MX
2018-08-28,6.734190464019775,FSHOP13.MX
2018-08-29,6.768340110778809,FSHOP13.MX
2018-08-30,6.734190464019775,FSHOP13.MX
2018-08-31,6.816145896911621,FSHOP13.MX
2018-09-03,6.816145896911621,FSHOP13.MX
2018-09-04,6.829807281494141,FSHOP13.MX
2018-09-05,6.775169372558594,FSHOP13.MX
2018-09-06,6.795657157897949,FSHOP13.MX
2018-09-07,6.802486419677734,FSHOP13.MX
2018-09-10,6.877615451812744,FSHOP13.MX
2018-09-11,7.096170902252197,FSHOP13.MX
2018-09-12,7.048361778259277,FSHOP13.MX
2018-09-13,7.068850040435791,FSHOP13.MX
2018-09-14,7.089339733123779,FSHOP13.MX
2018-09-17,6.843466758728027,FSHOP13.MX
2018-09-18,6.809318542480469,FSHOP13.MX
2018-09-19,6.802486419677734,FSHOP13.MX
2018-09-20,6.802486419677734,FSHOP13.MX
2018-09-21,6.939085960388184,FSHOP13.MX
2018-09-24,6.659060955047607,FSHOP13.MX
2018-09-25,6.741019248962402,FSHOP13.MX
2018-09-26,6.631742000579834,FSHOP13.MX
2018-09-27,6.604424476623535,FSHOP13.MX
2018-09-28,6.809318542480469,FSHOP13.MX
2018-10-01,6.781998157501221,FSHOP13.MX
2018-10-02,6.761509418487549,FSHOP13.MX
2018-10-03,6.631742000579834,FSHOP13.MX
2018-10-04,6.508807182312012,FSHOP13.MX
2018-10-05,6.686380386352539,FSHOP13.MX
2018-10-08,6.74785041809082,FSHOP13.MX
2018-10-09,6.624913215637207,FSHOP13.MX
2018-10-10,6.706871509552002,FSHOP13.MX
2018-10-11,6.549785137176514,FSHOP13.MX
2018-10-12,6.556614398956299,FSHOP13.MX
2018-10-15,6.5429558753967285,FSHOP13.MX
2018-10-16,6.515634536743164,FSHOP13.MX
2018-10-17,6.515634536743164,FSHOP13.MX
2018-10-18,6.549785137176514,FSHOP13.MX
2018-10-19,6.590763092041016,FSHOP13.MX
2018-10-22,6.5429558753967285,FSHOP13.MX
2018-10-23,6.590763092041016,FSHOP13.MX
2018-10-24,6.4405083656311035,FSHOP13.MX
2018-10-25,6.61808443069458,FSHOP13.MX
2018-10-26,6.433678150177002,FSHOP13.MX
2018-10-29,6.583934783935547,FSHOP13.MX
2018-10-30,6.297082424163818,FSHOP13.MX
2018-10-31,6.1195068359375,FSHOP13.MX
2018-11-01,6.051210403442383,FSHOP13.MX
2018-11-05,5.907783031463623,FSHOP13.MX
2018-11-06,5.935102462768555,FSHOP13.MX
2018-11-07,6.105847358703613,FSHOP13.MX
2018-11-08,5.907783031463623,FSHOP13.MX
2018-11-09,6.058039665222168,FSHOP13.MX
2018-11-12,5.907783031463623,FSHOP13.MX
2018-11-13,5.8394856452941895,FSHOP13.MX
2018-11-14,5.648251056671143,FSHOP13.MX
2018-11-15,5.778016567230225,FSHOP13.MX
2018-11-16,5.8736348152160645,FSHOP13.MX
2018-11-20,5.853145122528076,FSHOP13.MX
2018-11-21,5.798506259918213,FSHOP13.MX
2018-11-22,5.7711873054504395,FSHOP13.MX
2018-11-23,5.6687397956848145,FSHOP13.MX
2018-11-26,5.607271194458008,FSHOP13.MX
2018-11-27,5.675569534301758,FSHOP13.MX
2018-11-28,5.655080318450928,FSHOP13.MX
2018-11-29,5.6004414558410645,FSHOP13.MX
2018-11-30,5.593611717224121,FSHOP13.MX
2018-12-03,5.6004414558410645,FSHOP13.MX
2018-12-04,5.6004414558410645,FSHOP13.MX
2018-12-05,5.6687397956848145,FSHOP13.MX
2018-12-06,5.702889442443848,FSHOP13.MX
2018-12-07,5.566293239593506,FSHOP13.MX
2018-12-10,5.566293239593506,FSHOP13.MX
2018-12-11,5.6687397956848145,FSHOP13.MX
2018-12-13,5.682399272918701,FSHOP13.MX
2018-12-14,5.716548919677734,FSHOP13.MX
2018-12-17,5.702889442443848,FSHOP13.MX
2018-12-18,5.702889442443848,FSHOP13.MX
2018-12-19,5.6004414558410645,FSHOP13.MX
2018-12-20,5.6004414558410645,FSHOP13.MX
2018-12-21,5.525314807891846,FSHOP13.MX
2018-12-24,5.525314807891846,FSHOP13.MX
2018-12-26,5.6004414558410645,FSHOP13.MX
2018-12-27,5.566293239593506,FSHOP13.MX
2018-12-28,5.552633285522461,FSHOP13.MX
2018-12-31,5.566293239593506,FSHOP13.MX
2019-01-02,5.559462547302246,FSHOP13.MX
2019-01-03,5.532145023345947,FSHOP13.MX
2019-01-04,5.545804500579834,FSHOP13.MX
2019-01-07,5.566293239593506,FSHOP13.MX
2019-01-08,5.559462547302246,FSHOP13.MX
2019-01-09,5.579951763153076,FSHOP13.MX
2019-01-10,5.655080318450928,FSHOP13.MX
2019-01-11,5.566293239593506,FSHOP13.MX
2019-01-14,5.566293239593506,FSHOP13.MX
2019-01-15,5.566293239593506,FSHOP13.MX
2019-01-16,5.566293239593506,FSHOP13.MX
2019-01-17,5.559462547302246,FSHOP13.MX
2019-01-18,5.532145023345947,FSHOP13.MX
2019-01-21,5.559462547302246,FSHOP13.MX
2019-01-22,5.552633285522461,FSHOP13.MX
2019-01-23,5.463845729827881,FSHOP13.MX
2019-01-24,5.566293239593506,FSHOP13.MX
2019-01-25,5.566293239593506,FSHOP13.MX
2019-01-28,5.559462547302246,FSHOP13.MX
2019-01-29,5.470676422119141,FSHOP13.MX
2019-01-30,5.463845729827881,FSHOP13.MX
2019-01-31,5.463845729827881,FSHOP13.MX
2019-02-01,5.4979963302612305,FSHOP13.MX
2019-02-05,5.4979963302612305,FSHOP13.MX
2019-02-06,5.463845729827881,FSHOP13.MX
2019-02-07,5.463845729827881,FSHOP13.MX
2019-02-08,5.484334945678711,FSHOP13.MX
2019-02-11,5.463845729827881,FSHOP13.MX
2019-02-12,5.4979963302612305,FSHOP13.MX
2019-02-13,5.3955488204956055,FSHOP13.MX
2019-02-14,5.3955488204956055,FSHOP13.MX
2019-02-15,5.1906538009643555,FSHOP13.MX
2019-02-18,5.491166591644287,FSHOP13.MX
2019-02-19,5.504825115203857,FSHOP13.MX
2019-02-20,5.463845729827881,FSHOP13.MX
2019-02-21,5.463845729827881,FSHOP13.MX
2019-02-22,5.463845729827881,FSHOP13.MX
2019-02-25,5.532145023345947,FSHOP13.MX
2019-02-26,5.457015037536621,FSHOP13.MX
2019-02-27,5.518483638763428,FSHOP13.MX
2019-02-28,5.088207244873047,FSHOP13.MX
2019-03-01,5.327250003814697,FSHOP13.MX
2019-03-04,5.2589521408081055,FSHOP13.MX
2019-03-05,5.2589521408081055,FSHOP13.MX
2019-03-06,5.2589521408081055,FSHOP13.MX
2019-03-07,5.0677170753479,FSHOP13.MX
2019-03-08,5.306760311126709,FSHOP13.MX
2019-03-11,5.327250003814697,FSHOP13.MX
2019-03-12,5.142844200134277,FSHOP13.MX
2019-03-13,5.334079265594482,FSHOP13.MX
2019-03-14,5.361398220062256,FSHOP13.MX
2019-03-15,5.409207820892334,FSHOP13.MX
2019-03-19,5.272611141204834,FSHOP13.MX
2019-03-20,5.231632232666016,FSHOP13.MX
2019-03-21,5.279440402984619,FSHOP13.MX
2019-03-22,5.327250003814697,FSHOP13.MX
2019-03-25,5.327250003814697,FSHOP13.MX
2019-03-26,5.450185775756836,FSHOP13.MX
2019-03-27,5.3955488204956055,FSHOP13.MX
2019-03-28,5.3887176513671875,FSHOP13.MX
2019-03-29,5.327250003814697,FSHOP13.MX
2019-04-01,5.457015037536621,FSHOP13.MX
2019-04-02,5.340909481048584,FSHOP13.MX
2019-04-03,5.327250003814697,FSHOP13.MX
2019-04-04,5.334079265594482,FSHOP13.MX
2019-04-05,5.327250003814697,FSHOP13.MX
2019-04-08,5.450185775756836,FSHOP13.MX
2019-04-09,5.484334945678711,FSHOP13.MX
2019-04-10,5.484334945678711,FSHOP13.MX
2019-04-11,5.463845729827881,FSHOP13.MX
2019-04-12,5.4979963302612305,FSHOP13.MX
2019-04-15,5.463845729827881,FSHOP13.MX
2019-04-16,5.463845729827881,FSHOP13.MX
2019-04-17,5.463845729827881,FSHOP13.MX
2019-04-22,5.552633285522461,FSHOP13.MX
2019-04-23,5.566293239593506,FSHOP13.MX
2019-04-24,5.566293239593506,FSHOP13.MX
2019-04-25,5.573122024536133,FSHOP13.MX
2019-04-26,5.477505683898926,FSHOP13.MX
2019-04-29,5.504825115203857,FSHOP13.MX
2019-04-30,5.6687397956848145,FSHOP13.MX
2019-05-02,5.525314807891846,FSHOP13.MX
2019-05-03,5.723379135131836,FSHOP13.MX
2019-05-06,5.737037658691406,FSHOP13.MX
2019-05-07,5.702889442443848,FSHOP13.MX
2019-05-08,6.146827220916748,FSHOP13.MX
2019-05-09,6.13316535949707,FSHOP13.MX
2019-05-10,6.105847358703613,FSHOP13.MX
2019-05-13,5.7916765213012695,FSHOP13.MX
2019-05-14,5.982910633087158,FSHOP13.MX
2019-05-15,5.8394856452941895,FSHOP13.MX
2019-05-16,5.8394856452941895,FSHOP13.MX
2019-05-17,5.8394856452941895,FSHOP13.MX
2019-05-20,5.818996429443359,FSHOP13.MX
2019-05-21,5.907783031463623,FSHOP13.MX
2019-05-22,5.9009528160095215,FSHOP13.MX
2019-05-23,5.83265495300293,FSHOP13.MX
2019-05-24,5.723379135131836,FSHOP13.MX
2019-05-27,5.716548919677734,FSHOP13.MX
2019-05-28,5.737037658691406,FSHOP13.MX
2019-05-29,5.463845729827881,FSHOP13.MX
2019-05-30,5.812166213989258,FSHOP13.MX
2019-05-31,5.6687397956848145,FSHOP13.MX
2019-06-03,5.614101409912109,FSHOP13.MX
2019-06-04,5.614101409912109,FSHOP13.MX
2019-06-05,5.7916765213012695,FSHOP13.MX
2019-06-06,5.696059226989746,FSHOP13.MX
2019-06-07,5.6004414558410645,FSHOP13.MX
2019-06-10,5.7711873054504395,FSHOP13.MX
2019-06-11,5.8053364753723145,FSHOP13.MX
2019-06-12,5.8053364753723145,FSHOP13.MX
2019-06-13,5.463845729827881,FSHOP13.MX
2019-06-14,5.361398220062256,FSHOP13.MX
2019-06-17,5.463845729827881,FSHOP13.MX
2019-06-18,5.4979963302612305,FSHOP13.MX
2019-06-19,5.463845729827881,FSHOP13.MX
2019-06-20,5.463845729827881,FSHOP13.MX
2019-06-21,5.525314807891846,FSHOP13.MX
2019-06-24,5.2248029708862305,FSHOP13.MX
2019-06-25,5.463845729827881,FSHOP13.MX
2019-06-26,5.436526775360107,FSHOP13.MX
2019-06-27,5.463845729827881,FSHOP13.MX
2019-06-28,5.457015037536621,FSHOP13.MX
2019-07-01,5.457015037536621,FSHOP13.MX
2019-07-02,5.457015037536621,FSHOP13.MX
2019-07-03,5.429697036743164,FSHOP13.MX
2019-07-04,5.429697036743164,FSHOP13.MX
2019-07-05,5.3955488204956055,FSHOP13.MX
2019-07-08,5.402377605438232,FSHOP13.MX
2019-07-09,5.3955488204956055,FSHOP13.MX
2019-07-10,5.463845729827881,FSHOP13.MX
2019-07-11,5.450185775756836,FSHOP13.MX
2019-07-12,5.361398220062256,FSHOP13.MX
2019-07-15,5.361398220062256,FSHOP13.MX
2019-07-16,5.3955488204956055,FSHOP13.MX
2019-07-17,5.334079265594482,FSHOP13.MX
2019-07-18,5.183824062347412,FSHOP13.MX
2019-07-19,5.183824062347412,FSHOP13.MX
2019-07-22,5.293099880218506,FSHOP13.MX
2019-07-23,5.306760311126709,FSHOP13.MX
2019-07-24,5.320420742034912,FSHOP13.MX
2019-07-25,5.327250003814697,FSHOP13.MX
2019-07-26,5.327250003814697,FSHOP13.MX
2019-07-29,5.327250003814697,FSHOP13.MX
2019-07-30,5.784846782684326,FSHOP13.MX
2019-07-31,5.778016567230225,FSHOP13.MX
2019-08-01,5.470676422119141,FSHOP13.MX
2019-08-02,5.470676422119141,FSHOP13.MX
2019-08-05,5.1906538009643555,FSHOP13.MX
2019-08-06,5.347738265991211,FSHOP13.MX
2019-08-07,5.518483638763428,FSHOP13.MX
2019-08-08,5.2589521408081055,FSHOP13.MX
2019-08-09,5.327250003814697,FSHOP13.MX
2019-08-12,5.361398220062256,FSHOP13.MX
2019-08-13,5.327250003814697,FSHOP13.MX
2019-08-14,5.252121925354004,FSHOP13.MX
2019-08-15,5.252121925354004,FSHOP13.MX
2019-08-16,5.2589521408081055,FSHOP13.MX
2019-08-19,5.361398220062256,FSHOP13.MX
2019-08-20,5.361398220062256,FSHOP13.MX
2019-08-21,5.361398220062256,FSHOP13.MX
2019-08-22,5.361398220062256,FSHOP13.MX
2019-08-23,5.3955488204956055,FSHOP13.MX
2019-08-26,5.463845729827881,FSHOP13.MX
2019-08-27,5.463845729827881,FSHOP13.MX
2019-08-28,5.409207820892334,FSHOP13.MX
2019-08-29,5.327250003814697,FSHOP13.MX
2019-08-30,5.3955488204956055,FSHOP13.MX
2019-09-02,5.586782455444336,FSHOP13.MX
2019-09-03,5.566293239593506,FSHOP13.MX
2019-09-04,5.532145023345947,FSHOP13.MX
2019-09-05,5.627760410308838,FSHOP13.MX
2019-09-06,5.716548919677734,FSHOP13.MX
2019-09-09,5.532145023345947,FSHOP13.MX
2019-09-10,5.532145023345947,FSHOP13.MX
2019-09-11,5.532145023345947,FSHOP13.MX
2019-09-12,5.559462547302246,FSHOP13.MX
2019-09-13,5.6004414558410645,FSHOP13.MX
2019-09-17,5.593611717224121,FSHOP13.MX
2019-09-18,5.586782455444336,FSHOP13.MX
2019-09-19,5.573122024536133,FSHOP13.MX
2019-09-20,5.6687397956848145,FSHOP13.MX
2019-09-23,5.723379135131836,FSHOP13.MX
2019-09-24,5.730208873748779,FSHOP13.MX
2019-09-25,5.566293239593506,FSHOP13.MX
2019-09-26,5.620931148529053,FSHOP13.MX
2019-09-27,5.620931148529053,FSHOP13.MX
2019-09-30,5.593611717224121,FSHOP13.MX
2019-10-01,5.566293239593506,FSHOP13.MX
2019-10-02,5.566293239593506,FSHOP13.MX
2019-10-03,5.716548919677734,FSHOP13.MX
2019-10-04,5.716548919677734,FSHOP13.MX
2019-10-07,5.723379135131836,FSHOP13.MX
2019-10-08,5.614101409912109,FSHOP13.MX
2019-10-09,5.8053364753723145,FSHOP13.MX
2019-10-10,5.716548919677734,FSHOP13.MX
2019-10-11,5.709719181060791,FSHOP13.MX
2019-10-14,5.716548919677734,FSHOP13.MX
2019-10-15,5.6687397956848145,FSHOP13.MX
2019-10-16,5.675569534301758,FSHOP13.MX
2019-10-17,5.716548919677734,FSHOP13.MX
2019-10-18,5.743867874145508,FSHOP13.MX
2019-10-21,5.6892290115356445,FSHOP13.MX
2019-10-22,5.6687397956848145,FSHOP13.MX
2019-10-23,5.6687397956848145,FSHOP13.MX
2019-10-24,5.655080318450928,FSHOP13.MX
2019-10-25,6.228784561157227,FSHOP13.MX
2019-10-28,6.249275207519531,FSHOP13.MX
2019-10-29,6.365379810333252,FSHOP13.MX
2019-10-30,6.413188457489014,FSHOP13.MX
2019-10-31,6.023890018463135,FSHOP13.MX
2019-11-01,6.2765936851501465,FSHOP13.MX
2019-11-04,6.454166889190674,FSHOP13.MX
2019-11-05,6.454166889190674,FSHOP13.MX
2019-11-06,6.454166889190674,FSHOP13.MX
2019-11-07,6.310740947723389,FSHOP13.MX
2019-11-08,6.338061332702637,FSHOP13.MX
2019-11-11,6.338061332702637,FSHOP13.MX
2019-11-12,6.344890594482422,FSHOP13.MX
2019-11-13,6.344890594482422,FSHOP13.MX
2019-11-14,6.338061332702637,FSHOP13.MX
2019-11-15,6.338061332702637,FSHOP13.MX
2019-11-19,6.283422470092773,FSHOP13.MX
2019-11-20,6.283422470092773,FSHOP13.MX
2019-11-21,6.433678150177002,FSHOP13.MX
2019-11-22,6.433678150177002,FSHOP13.MX
2019-11-25,6.351720809936523,FSHOP13.MX
2019-11-26,6.317571640014648,FSHOP13.MX
2019-11-27,6.283422470092773,FSHOP13.MX
2019-11-28,6.365379810333252,FSHOP13.MX
2019-11-29,6.365379810333252,FSHOP13.MX
2019-12-02,6.365379810333252,FSHOP13.MX
2019-12-03,6.365379810333252,FSHOP13.MX
2019-12-04,6.454166889190674,FSHOP13.MX
2019-12-05,6.420017719268799,FSHOP13.MX
2019-12-06,6.413188457489014,FSHOP13.MX
2019-12-09,6.420017719268799,FSHOP13.MX
2019-12-10,6.420017719268799,FSHOP13.MX
2019-12-11,6.420017719268799,FSHOP13.MX
2019-12-13,6.420017719268799,FSHOP13.MX
2019-12-16,6.447337627410889,FSHOP13.MX
2019-12-17,6.420017719268799,FSHOP13.MX
2019-12-18,6.433678150177002,FSHOP13.MX
2019-12-19,6.447337627410889,FSHOP13.MX
2019-12-20,6.447337627410889,FSHOP13.MX
2019-12-23,6.420017719268799,FSHOP13.MX
2019-12-24,6.454166889190674,FSHOP13.MX
2019-12-26,6.420017719268799,FSHOP13.MX
2019-12-27,6.426847457885742,FSHOP13.MX
2019-12-30,6.454166889190674,FSHOP13.MX
2019-12-31,6.454166889190674,FSHOP13.MX
2020-01-02,6.488317489624023,FSHOP13.MX
2020-01-03,6.638574123382568,FSHOP13.MX
2020-01-06,6.665892124176025,FSHOP13.MX
2020-01-07,6.829807281494141,FSHOP13.MX
2020-01-08,6.6795525550842285,FSHOP13.MX
2020-01-09,6.812732696533203,FSHOP13.MX
2020-01-10,6.829807281494141,FSHOP13.MX
2020-01-13,6.829807281494141,FSHOP13.MX
2020-01-14,6.829807281494141,FSHOP13.MX
2020-01-15,6.8366379737854,FSHOP13.MX
2020-01-16,6.8366379737854,FSHOP13.MX
2020-01-17,6.843466758728027,FSHOP13.MX
2020-01-20,6.870786190032959,FSHOP13.MX
2020-01-21,6.9254255294799805,FSHOP13.MX
2020-01-22,6.898105144500732,FSHOP13.MX
2020-01-23,6.9185967445373535,FSHOP13.MX
2020-01-24,6.8366379737854,FSHOP13.MX
2020-01-27,6.768340110778809,FSHOP13.MX
2020-01-28,6.816145896911621,FSHOP13.MX
2020-01-29,6.829807281494141,FSHOP13.MX
2020-01-30,6.829807281494141,FSHOP13.MX
2020-01-31,6.932254791259766,FSHOP13.MX
2020-02-04,6.884445667266846,FSHOP13.MX
2020-02-05,6.843466758728027,FSHOP13.MX
2020-02-06,6.843466758728027,FSHOP13.MX
2020-02-07,6.843466758728027,FSHOP13.MX
2020-02-10,6.816145896911621,FSHOP13.MX
2020-02-11,6.8366379737854,FSHOP13.MX
2020-02-12,6.829807281494141,FSHOP13.MX
2020-02-13,6.795657157897949,FSHOP13.MX
2020-02-14,6.945913791656494,FSHOP13.MX
2020-02-17,6.829807281494141,FSHOP13.MX
2020-02-18,6.829807281494141,FSHOP13.MX
2020-02-19,6.829807281494141,FSHOP13.MX
2020-02-20,6.829807281494141,FSHOP13.MX
2020-02-21,6.816145896911621,FSHOP13.MX
2020-02-24,6.829807281494141,FSHOP13.MX
2020-02-25,6.8366379737854,FSHOP13.MX
2020-02-26,6.829807281494141,FSHOP13.MX
2020-02-27,6.742469310760498,FSHOP13.MX
2020-02-28,6.931119441986084,FSHOP13.MX
2020-03-02,6.917144775390625,FSHOP13.MX
2020-03-03,6.742469310760498,FSHOP13.MX
2020-03-04,6.791378021240234,FSHOP13.MX
2020-03-05,6.833301067352295,FSHOP13.MX
2020-03-06,6.896183967590332,FSHOP13.MX
2020-03-09,6.742469310760498,FSHOP13.MX
2020-03-10,6.742469310760498,FSHOP13.MX
2020-03-11,6.812339782714844,FSHOP13.MX
2020-03-12,6.63067626953125,FSHOP13.MX
2020-03-13,6.63067626953125,FSHOP13.MX
2020-03-17,6.462989330291748,FSHOP13.MX
2020-03-18,6.462989330291748,FSHOP13.MX
2020-03-19,6.302287578582764,FSHOP13.MX
2020-03-20,6.008834362030029,FSHOP13.MX
2020-03-23,5.92498779296875,FSHOP13.MX
2020-03-24,6.148573398590088,FSHOP13.MX
2020-03-25,6.141587257385254,FSHOP13.MX
2020-03-26,6.134599208831787,FSHOP13.MX
2020-03-27,5.931975841522217,FSHOP13.MX
2020-03-30,5.67345666885376,FSHOP13.MX
2020-03-31,5.799221992492676,FSHOP13.MX
2020-04-01,5.603586673736572,FSHOP13.MX
2020-04-02,5.603586673736572,FSHOP13.MX
2020-04-03,5.589611530303955,FSHOP13.MX
2020-04-06,5.5407023429870605,FSHOP13.MX
2020-04-07,5.547690391540527,FSHOP13.MX
2020-04-08,5.547690391540527,FSHOP13.MX
2020-04-13,5.380001068115234,FSHOP13.MX
2020-04-14,5.386989116668701,FSHOP13.MX
2020-04-15,5.310131072998047,FSHOP13.MX
2020-04-16,5.275196075439453,FSHOP13.MX
2020-04-17,5.289170742034912,FSHOP13.MX
2020-04-20,5.303144454956055,FSHOP13.MX
2020-04-21,5.310131072998047,FSHOP13.MX
2020-04-22,4.939819812774658,FSHOP13.MX
2020-04-23,4.939819812774658,FSHOP13.MX
2020-04-24,4.946807384490967,FSHOP13.MX
2020-04-27,4.925846099853516,FSHOP13.MX
2020-04-28,4.918859481811523,FSHOP13.MX
2020-04-29,4.9048848152160645,FSHOP13.MX
2020-04-30,5.030650615692139,FSHOP13.MX
2020-05-04,4.911871433258057,FSHOP13.MX
2020-05-05,4.869949817657471,FSHOP13.MX
2020-05-06,4.883923053741455,FSHOP13.MX
2020-05-07,4.883923053741455,FSHOP13.MX
2020-05-08,4.897896766662598,FSHOP13.MX
2020-05-11,4.883923053741455,FSHOP13.MX
2020-05-12,4.786105632781982,FSHOP13.MX
2020-05-13,4.786105632781982,FSHOP13.MX
2020-05-14,4.7162346839904785,FSHOP13.MX
2020-05-15,4.7162346839904785,FSHOP13.MX
2020-05-18,4.5904693603515625,FSHOP13.MX
2020-05-19,4.737196445465088,FSHOP13.MX
2020-05-20,4.7511701583862305,FSHOP13.MX
2020-05-21,4.7511701583862305,FSHOP13.MX
2020-05-22,4.70924711227417,FSHOP13.MX
2020-05-25,5.044881820678711,FSHOP13.MX
2020-05-26,4.980933666229248,FSHOP13.MX
2020-05-27,4.916985034942627,FSHOP13.MX
2020-05-28,4.888562202453613,FSHOP13.MX
2020-05-29,4.867245674133301,FSHOP13.MX
2020-06-01,4.824612617492676,FSHOP13.MX
2020-06-02,4.7677693367004395,FSHOP13.MX
2020-06-03,4.732242584228516,FSHOP13.MX
2020-06-04,4.810402870178223,FSHOP13.MX
2020-06-05,4.980933666229248,FSHOP13.MX
2020-06-08,4.916985034942627,FSHOP13.MX
2020-06-09,4.952512264251709,FSHOP13.MX
2020-06-10,4.938300132751465,FSHOP13.MX
2020-06-11,4.938300132751465,FSHOP13.MX
2020-06-12,4.83882474899292,FSHOP13.MX
2020-06-15,4.7890849113464355,FSHOP13.MX
2020-06-16,4.860140323638916,FSHOP13.MX
2020-06-17,4.760664463043213,FSHOP13.MX
2020-06-18,4.725136756896973,FSHOP13.MX
2020-06-19,4.753558158874512,FSHOP13.MX
2020-06-22,4.7180304527282715,FSHOP13.MX
2020-06-23,4.703819751739502,FSHOP13.MX
2020-06-24,4.689609527587891,FSHOP13.MX
2020-06-25,4.611448764801025,FSHOP13.MX
2020-06-26,4.583027362823486,FSHOP13.MX
2020-06-29,4.440918445587158,FSHOP13.MX
2020-06-30,4.440918445587158,FSHOP13.MX
2020-07-01,4.369863510131836,FSHOP13.MX
2020-07-02,4.369863510131836,FSHOP13.MX
2020-07-03,4.334336280822754,FSHOP13.MX
2020-07-06,4.263280868530273,FSHOP13.MX
2020-07-07,4.256175518035889,FSHOP13.MX
2020-07-08,4.256175518035889,FSHOP13.MX
2020-07-09,4.263280868530273,FSHOP13.MX
2020-07-10,4.220648288726807,FSHOP13.MX
2020-07-13,4.263280868530273,FSHOP13.MX
2020-07-14,4.22775411605835,FSHOP13.MX
2020-07-15,4.213542938232422,FSHOP13.MX
2020-07-16,4.185121536254883,FSHOP13.MX
2020-07-17,4.156698703765869,FSHOP13.MX
2020-07-20,4.149594306945801,FSHOP13.MX
2020-07-21,4.149594306945801,FSHOP13.MX
2020-07-22,4.263280868530273,FSHOP13.MX
2020-07-23,4.334336280822754,FSHOP13.MX
2020-07-24,4.256175518035889,FSHOP13.MX
2020-07-27,4.156698703765869,FSHOP13.MX
2020-07-28,4.185121536254883,FSHOP13.MX
2020-07-29,4.185121536254883,FSHOP13.MX
2020-07-30,4.156698703765869,FSHOP13.MX
2020-07-31,3.9222183227539062,FSHOP13.MX
2020-08-03,4.192227363586426,FSHOP13.MX
2020-08-04,4.213542938232422,FSHOP13.MX
2020-08-05,4.135383129119873,FSHOP13.MX
2020-08-06,4.106960773468018,FSHOP13.MX
2020-08-07,4.121171951293945,FSHOP13.MX
2020-08-10,4.085644721984863,FSHOP13.MX
2020-08-11,4.199331283569336,FSHOP13.MX
2020-08-12,4.156698703765869,FSHOP13.MX
2020-08-13,4.185121536254883,FSHOP13.MX
2020-08-14,4.288821697235107,FSHOP13.MX
2020-08-17,4.288821697235107,FSHOP13.MX
2020-08-18,4.397860050201416,FSHOP13.MX
2020-08-19,4.434205532073975,FSHOP13.MX
2020-08-20,4.361514091491699,FSHOP13.MX
2020-08-21,4.383321285247803,FSHOP13.MX
2020-08-24,4.216130256652832,FSHOP13.MX
2020-08-25,4.216130256652832,FSHOP13.MX
2020-08-26,4.361514091491699,FSHOP13.MX
2020-08-27,4.288821697235107,FSHOP13.MX
2020-08-28,4.376052379608154,FSHOP13.MX
2020-08-31,4.361514091491699,FSHOP13.MX
2020-09-01,4.361514091491699,FSHOP13.MX
2020-09-02,4.383321285247803,FSHOP13.MX
2020-09-03,4.354244709014893,FSHOP13.MX
2020-09-04,4.434205532073975,FSHOP13.MX
2020-09-07,4.397860050201416,FSHOP13.MX
2020-09-08,4.368782997131348,FSHOP13.MX
2020-09-09,4.310629367828369,FSHOP13.MX
2020-09-10,4.325167655944824,FSHOP13.MX
2020-09-11,4.3397064208984375,FSHOP13.MX
2020-09-14,4.288821697235107,FSHOP13.MX
2020-09-15,4.361514091491699,FSHOP13.MX
2020-09-17,4.565051078796387,FSHOP13.MX
2020-09-18,4.361514091491699,FSHOP13.MX
2020-09-21,4.288821697235107,FSHOP13.MX
2020-09-22,4.325167655944824,FSHOP13.MX
2020-09-23,4.325167655944824,FSHOP13.MX
2020-09-24,4.434205532073975,FSHOP13.MX
2020-09-25,4.426936626434326,FSHOP13.MX
2020-09-28,4.426936626434326,FSHOP13.MX
2020-09-29,4.666819095611572,FSHOP13.MX
2020-09-30,4.652281284332275,FSHOP13.MX
2020-10-01,4.615935325622559,FSHOP13.MX
2020-10-02,4.535974025726318,FSHOP13.MX
2020-10-05,4.535974025726318,FSHOP13.MX
2020-10-06,4.724973201751709,FSHOP13.MX
2020-10-07,4.535974025726318,FSHOP13.MX
2020-10-08,4.615935325622559,FSHOP13.MX
2020-10-09,4.615935325622559,FSHOP13.MX
2020-10-12,4.470551013946533,FSHOP13.MX
2020-10-13,4.557781219482422,FSHOP13.MX
2020-10-14,4.572319984436035,FSHOP13.MX
2020-10-15,4.4196672439575195,FSHOP13.MX
2020-10-16,4.4196672439575195,FSHOP13.MX
2020-10-19,4.4196672439575195,FSHOP13.MX
2020-10-20,4.470551013946533,FSHOP13.MX
2020-10-21,4.361514091491699,FSHOP13.MX
2020-10-22,4.361514091491699,FSHOP13.MX
2020-10-23,4.368782997131348,FSHOP13.MX
2020-10-26,4.463281631469727,FSHOP13.MX
2020-10-27,4.710435390472412,FSHOP13.MX
2020-10-28,4.514167308807373,FSHOP13.MX
2020-10-29,4.5536909103393555,FSHOP13.MX
2020-10-30,4.561142921447754,FSHOP13.MX
2020-11-03,4.561142921447754,FSHOP13.MX
2020-11-04,4.546238422393799,FSHOP13.MX
2020-11-05,4.613313674926758,FSHOP13.MX
2020-11-06,4.620765686035156,FSHOP13.MX
2020-11-09,4.658030986785889,FSHOP13.MX
2020-11-10,4.620765686035156,FSHOP13.MX
2020-11-11,4.784728527069092,FSHOP13.MX
2020-11-12,4.620765686035156,FSHOP13.MX
2020-11-13,4.5536909103393555,FSHOP13.MX
2020-11-17,4.605860710144043,FSHOP13.MX
2020-11-18,4.740012168884277,FSHOP13.MX
2020-11-19,4.658030986785889,FSHOP13.MX
2020-11-20,4.687841892242432,FSHOP13.MX
2020-11-23,4.799633502960205,FSHOP13.MX
2020-11-24,4.732558250427246,FSHOP13.MX
2020-11-25,4.784728527069092,FSHOP13.MX
2020-11-26,4.807086944580078,FSHOP13.MX
2020-11-27,4.82199239730835,FSHOP13.MX
2020-11-30,4.807086944580078,FSHOP13.MX
2020-12-01,4.807086944580078,FSHOP13.MX
2020-12-02,4.76982307434082,FSHOP13.MX
2020-12-03,4.76982307434082,FSHOP13.MX
2020-12-04,4.76982307434082,FSHOP13.MX
2020-12-07,4.76982307434082,FSHOP13.MX
2020-12-08,4.620765686035156,FSHOP13.MX
2020-12-09,5.000860691070557,FSHOP13.MX
2020-12-10,4.926332950592041,FSHOP13.MX
2020-12-11,4.948690891265869,FSHOP13.MX
2020-12-14,4.97105073928833,FSHOP13.MX
2020-12-15,4.948690891265869,FSHOP13.MX
2020-12-16,4.926332950592041,FSHOP13.MX
2020-12-17,4.993409156799316,FSHOP13.MX
2020-12-18,4.993409156799316,FSHOP13.MX
2020-12-21,4.963597297668457,FSHOP13.MX
2020-12-22,4.844351768493652,FSHOP13.MX
2020-12-23,5.105201244354248,FSHOP13.MX
2020-12-24,5.105201244354248,FSHOP13.MX
2020-12-28,5.060483932495117,FSHOP13.MX
2020-12-29,5.216993808746338,FSHOP13.MX
2020-12-30,5.269164085388184,FSHOP13.MX
2020-12-31,5.693976402282715,FSHOP13.MX
2021-01-04,5.813222885131836,FSHOP13.MX
2021-01-05,5.544919490814209,FSHOP13.MX
2021-01-06,5.582183837890625,FSHOP13.MX
2021-01-07,5.589636325836182,FSHOP13.MX
2021-01-08,5.582183837890625,FSHOP13.MX
2021-01-11,5.462937831878662,FSHOP13.MX
2021-01-12,5.462937831878662,FSHOP13.MX
2021-01-13,5.433125972747803,FSHOP13.MX
2021-01-14,5.440579414367676,FSHOP13.MX
2021-01-15,5.433125972747803,FSHOP13.MX
2021-01-18,5.440579414367676,FSHOP13.MX
2021-01-19,5.380956649780273,FSHOP13.MX
2021-01-20,5.313880920410156,FSHOP13.MX
2021-01-21,5.3660502433776855,FSHOP13.MX
2021-01-22,5.328786849975586,FSHOP13.MX
2021-01-25,5.2915215492248535,FSHOP13.MX
2021-01-26,5.216993808746338,FSHOP13.MX
2021-01-27,5.216993808746338,FSHOP13.MX
2021-01-28,5.067936897277832,FSHOP13.MX
2021-01-29,5.2915215492248535,FSHOP13.MX
2021-02-02,5.298974990844727,FSHOP13.MX
2021-02-03,5.216993808746338,FSHOP13.MX
2021-02-04,5.216993808746338,FSHOP13.MX
2021-02-05,5.19463586807251,FSHOP13.MX
2021-02-08,5.17972993850708,FSHOP13.MX
2021-02-09,5.19463586807251,FSHOP13.MX
2021-02-10,5.216993808746338,FSHOP13.MX
2021-02-11,5.216993808746338,FSHOP13.MX
2021-02-12,5.209540367126465,FSHOP13.MX
2021-02-15,5.17972993850708,FSHOP13.MX
2021-02-16,5.202088356018066,FSHOP13.MX
2021-02-17,5.216993808746338,FSHOP13.MX
2021-02-18,5.209540367126465,FSHOP13.MX
2021-02-19,5.216993808746338,FSHOP13.MX
2021-02-22,5.3660502433776855,FSHOP13.MX
2021-02-23,5.321333885192871,FSHOP13.MX
2021-02-24,5.306427478790283,FSHOP13.MX
2021-02-25,5.559825420379639,FSHOP13.MX
2021-02-26,5.544919490814209,FSHOP13.MX
2021-03-01,5.395862579345703,FSHOP13.MX
2021-03-02,5.440579414367676,FSHOP13.MX
2021-03-03,5.448032379150391,FSHOP13.MX
2021-03-04,5.567277431488037,FSHOP13.MX
2021-03-05,5.51510763168335,FSHOP13.MX
2021-03-08,5.589636325836182,FSHOP13.MX
2021-03-09,5.592656135559082,FSHOP13.MX
2021-03-10,5.493603229522705,FSHOP13.MX
2021-03-11,5.493603229522705,FSHOP13.MX
2021-03-12,5.524080753326416,FSHOP13.MX
2021-03-16,5.539320468902588,FSHOP13.MX
2021-03-17,5.478364944458008,FSHOP13.MX
2021-03-18,5.478364944458008,FSHOP13.MX
2021-03-19,5.478364944458008,FSHOP13.MX
2021-03-22,5.524080753326416,FSHOP13.MX
2021-03-23,5.866954803466797,FSHOP13.MX
2021-03-24,5.585036277770996,FSHOP13.MX
2021-03-25,5.539320468902588,FSHOP13.MX
2021-03-26,5.485983371734619,FSHOP13.MX
2021-03-29,5.478364944458008,FSHOP13.MX
2021-03-30,5.485983371734619,FSHOP13.MX
2021-03-31,5.447886943817139,FSHOP13.MX
2021-04-05,5.409789085388184,FSHOP13.MX
2021-04-06,5.4021711349487305,FSHOP13.MX
2021-04-07,5.386931896209717,FSHOP13.MX
2021-04-08,5.371692657470703,FSHOP13.MX
2021-04-09,5.4021711349487305,FSHOP13.MX
2021-04-12,5.4021711349487305,FSHOP13.MX
2021-04-13,5.3945512771606445,FSHOP13.MX
2021-04-14,5.4021711349487305,FSHOP13.MX
2021-04-15,5.4021711349487305,FSHOP13.MX
2021-04-16,5.4021711349487305,FSHOP13.MX
2021-04-19,5.371692657470703,FSHOP13.MX
2021-04-20,5.4021711349487305,FSHOP13.MX
2021-04-21,5.3335957527160645,FSHOP13.MX
2021-04-22,5.3335957527160645,FSHOP13.MX
2021-04-23,5.3335957527160645,FSHOP13.MX
2021-04-26,5.3335957527160645,FSHOP13.MX
2021-04-27,5.3335957527160645,FSHOP13.MX
2021-04-28,5.4021711349487305,FSHOP13.MX
2021-04-29,5.3335957527160645,FSHOP13.MX
2021-04-30,5.3335957527160645,FSHOP13.MX
2021-05-03,5.447886943817139,FSHOP13.MX
2021-05-04,5.409789085388184,FSHOP13.MX
2021-05-05,5.409789085388184,FSHOP13.MX
2021-05-06,5.409789085388184,FSHOP13.MX
2021-05-07,5.5376739501953125,FSHOP13.MX
2021-05-10,5.483077526092529,FSHOP13.MX
2021-05-11,5.4596781730651855,FSHOP13.MX
2021-05-12,5.4596781730651855,FSHOP13.MX
2021-05-13,5.498676300048828,FSHOP13.MX
2021-05-14,5.514275074005127,FSHOP13.MX
2021-05-17,5.506474494934082,FSHOP13.MX
2021-05-18,5.514275074005127,FSHOP13.MX
2021-05-19,5.522075176239014,FSHOP13.MX
2021-05-20,5.529874324798584,FSHOP13.MX
2021-05-21,5.514275074005127,FSHOP13.MX
2021-05-24,5.522075176239014,FSHOP13.MX
2021-05-25,5.514275074005127,FSHOP13.MX
2021-05-26,5.514275074005127,FSHOP13.MX
2021-05-27,5.8652544021606445,FSHOP13.MX
2021-05-28,5.841855525970459,FSHOP13.MX
2021-05-31,5.717062950134277,FSHOP13.MX
2021-06-01,5.693665027618408,FSHOP13.MX
2021-06-02,5.678065299987793,FSHOP13.MX
2021-06-03,5.678065299987793,FSHOP13.MX
2021-06-04,5.693665027618408,FSHOP13.MX
2021-06-07,5.639066696166992,FSHOP13.MX
2021-06-08,5.5376739501953125,FSHOP13.MX
2021-06-09,5.529874324798584,FSHOP13.MX
2021-06-10,5.615668296813965,FSHOP13.MX
2021-06-11,5.529874324798584,FSHOP13.MX
2021-06-14,5.514275074005127,FSHOP13.MX
2021-06-15,5.4596781730651855,FSHOP13.MX
2021-06-16,5.498676300048828,FSHOP13.MX
2021-06-17,5.4596781730651855,FSHOP13.MX
2021-06-18,5.015104293823242,FSHOP13.MX
2021-06-21,5.210092544555664,FSHOP13.MX
2021-06-22,5.529874324798584,FSHOP13.MX
2021-06-23,5.381682395935059,FSHOP13.MX
2021-06-24,5.381682395935059,FSHOP13.MX
2021-06-25,5.389481544494629,FSHOP13.MX
2021-06-28,5.4596781730651855,FSHOP13.MX
2021-06-29,5.381682395935059,FSHOP13.MX
2021-06-30,5.436280250549316,FSHOP13.MX
2021-07-01,5.4596781730651855,FSHOP13.MX
2021-07-02,5.451879024505615,FSHOP13.MX
2021-07-05,5.451879024505615,FSHOP13.MX
2021-07-06,5.42848014831543,FSHOP13.MX
2021-07-07,5.381682395935059,FSHOP13.MX
2021-07-08,5.405081272125244,FSHOP13.MX
2021-07-09,5.342684268951416,FSHOP13.MX
2021-07-12,5.381682395935059,FSHOP13.MX
2021-07-13,5.381682395935059,FSHOP13.MX
2021-07-14,5.381682395935059,FSHOP13.MX
2021-07-15,5.412881374359131,FSHOP13.MX
2021-07-16,5.420680522918701,FSHOP13.MX
2021-07-19,5.397281646728516,FSHOP13.MX
2021-07-20,5.3738837242126465,FSHOP13.MX
2021-07-21,5.303687572479248,FSHOP13.MX
2021-07-22,5.303687572479248,FSHOP13.MX
2021-07-23,5.303687572479248,FSHOP13.MX
2021-07-26,5.420680522918701,FSHOP13.MX
2021-07-27,5.3738837242126465,FSHOP13.MX
2021-07-28,5.295887470245361,FSHOP13.MX
2021-07-29,5.303687572479248,FSHOP13.MX
2021-07-30,5.295887470245361,FSHOP13.MX
2021-08-02,5.3582844734191895,FSHOP13.MX
2021-08-03,5.303687572479248,FSHOP13.MX
2021-08-04,5.295887470245361,FSHOP13.MX
2021-08-05,5.303687572479248,FSHOP13.MX
2021-08-06,5.295887470245361,FSHOP13.MX
2021-08-09,5.303687572479248,FSHOP13.MX
2021-08-10,5.381682395935059,FSHOP13.MX
2021-08-11,5.381682395935059,FSHOP13.MX
2021-08-12,5.381682395935059,FSHOP13.MX
2021-08-13,5.384848594665527,FSHOP13.MX
2021-08-16,5.384848594665527,FSHOP13.MX
2021-08-17,5.432785511016846,FSHOP13.MX
2021-08-18,5.432785511016846,FSHOP13.MX
2021-08-19,5.432785511016846,FSHOP13.MX
2021-08-20,5.432785511016846,FSHOP13.MX
2021-08-23,5.35289192199707,FSHOP13.MX
2021-08-24,5.193104267120361,FSHOP13.MX
2021-08-25,5.27299690246582,FSHOP13.MX
2021-08-26,5.241040229797363,FSHOP13.MX
2021-08-27,5.241040229797363,FSHOP13.MX
2021-08-30,5.288975715637207,FSHOP13.MX
2021-08-31,5.28098726272583,FSHOP13.MX
2021-09-01,5.193104267120361,FSHOP13.MX
2021-09-02,5.217072010040283,FSHOP13.MX
2021-09-03,5.193104267120361,FSHOP13.MX
2021-09-06,5.18511438369751,FSHOP13.MX
2021-09-07,5.193104267120361,FSHOP13.MX
2021-09-08,5.193104267120361,FSHOP13.MX
2021-09-09,5.18511438369751,FSHOP13.MX
2021-09-10,5.169134616851807,FSHOP13.MX
2021-09-13,5.169134616851807,FSHOP13.MX
2021-09-14,5.177124977111816,FSHOP13.MX
2021-09-15,5.169134616851807,FSHOP13.MX
2021-09-17,5.193104267120361,FSHOP13.MX
2021-09-20,5.2010931968688965,FSHOP13.MX
2021-09-21,5.27299690246582,FSHOP13.MX
2021-09-22,5.27299690246582,FSHOP13.MX
2021-09-23,5.27299690246582,FSHOP13.MX
2021-09-24,5.3129448890686035,FSHOP13.MX
2021-09-27,5.27299690246582,FSHOP13.MX
2021-09-28,5.193104267120361,FSHOP13.MX
2021-09-29,5.3129448890686035,FSHOP13.MX
2021-09-30,5.18511438369751,FSHOP13.MX
2021-10-01,5.193104267120361,FSHOP13.MX
2021-10-04,5.193104267120361,FSHOP13.MX
2021-10-05,5.18511438369751,FSHOP13.MX
2021-10-06,5.169134616851807,FSHOP13.MX
2021-10-07,5.193104267120361,FSHOP13.MX
2021-10-08,5.1132097244262695,FSHOP13.MX
2021-10-11,5.073262691497803,FSHOP13.MX
2021-10-12,5.073262691497803,FSHOP13.MX
2021-10-13,5.073262691497803,FSHOP13.MX
2021-10-14,5.073262691497803,FSHOP13.MX
2021-10-15,5.033315658569336,FSHOP13.MX
2021-10-18,4.993369102478027,FSHOP13.MX
2021-10-19,4.985379219055176,FSHOP13.MX
2021-10-20,4.985379219055176,FSHOP13.MX
2021-10-21,5.033315658569336,FSHOP13.MX
2021-10-22,4.985379219055176,FSHOP13.MX
2021-10-25,4.985379219055176,FSHOP13.MX
2021-10-26,4.985379219055176,FSHOP13.MX
2021-10-27,4.945432662963867,FSHOP13.MX
2021-10-28,4.889506816864014,FSHOP13.MX
2021-10-29,4.865538597106934,FSHOP13.MX
2021-11-01,4.873528003692627,FSHOP13.MX
2021-11-03,4.857548713684082,FSHOP13.MX
2021-11-04,4.801623344421387,FSHOP13.MX
2021-11-05,4.809613227844238,FSHOP13.MX
2021-11-08,4.793634414672852,FSHOP13.MX
2021-11-09,4.793634414672852,FSHOP13.MX
2021-11-10,4.793634414672852,FSHOP13.MX
2021-11-11,4.793634414672852,FSHOP13.MX
2021-11-12,4.793634414672852,FSHOP13.MX
2021-11-16,4.793634414672852,FSHOP13.MX
2021-11-17,4.793634414672852,FSHOP13.MX
2021-11-18,4.793634414672852,FSHOP13.MX
2021-11-19,4.713740348815918,FSHOP13.MX
2021-11-22,4.673793792724609,FSHOP13.MX
2021-11-23,4.713740348815918,FSHOP13.MX
2021-11-24,4.681783199310303,FSHOP13.MX
2021-11-25,4.793634414672852,FSHOP13.MX
2021-11-26,4.793634414672852,FSHOP13.MX
2021-11-29,5.009347438812256,FSHOP13.MX
2021-11-30,5.033315658569336,FSHOP13.MX
2021-12-01,5.033315658569336,FSHOP13.MX
2021-12-02,5.017337322235107,FSHOP13.MX
2021-12-03,4.849559783935547,FSHOP13.MX
2021-12-06,4.9534220695495605,FSHOP13.MX
2021-12-07,4.9534220695495605,FSHOP13.MX
2021-12-08,4.9534220695495605,FSHOP13.MX
2021-12-09,5.057283878326416,FSHOP13.MX
2021-12-10,4.9534220695495605,FSHOP13.MX
2021-12-13,5.017337322235107,FSHOP13.MX
2021-12-14,5.025326728820801,FSHOP13.MX
2021-12-15,5.009347438812256,FSHOP13.MX
2021-12-16,4.9534220695495605,FSHOP13.MX
2021-12-17,5.009347438812256,FSHOP13.MX
2021-12-20,4.993369102478027,FSHOP13.MX
2021-12-21,4.993369102478027,FSHOP13.MX
2021-12-22,4.985379219055176,FSHOP13.MX
2021-12-23,5.033315658569336,FSHOP13.MX
2021-12-24,5.033315658569336,FSHOP13.MX
2021-12-27,5.097231864929199,FSHOP13.MX
2021-12-28,5.145167827606201,FSHOP13.MX
2021-12-29,5.193104267120361,FSHOP13.MX
2021-12-30,5.241040229797363,FSHOP13.MX
2021-12-31,5.217072010040283,FSHOP13.MX
2022-01-03,5.3209333419799805,FSHOP13.MX
2022-01-04,5.25701904296875,FSHOP13.MX
2022-01-05,5.18511438369751,FSHOP13.MX
2022-01-06,5.193104267120361,FSHOP13.MX
2022-01-07,5.1611456871032715,FSHOP13.MX
2022-01-10,5.1132097244262695,FSHOP13.MX
2022-01-11,5.105220794677734,FSHOP13.MX
2022-01-12,5.169134616851807,FSHOP13.MX
2022-01-13,5.225060939788818,FSHOP13.MX
2022-01-14,5.296966075897217,FSHOP13.MX
2022-01-17,5.368870258331299,FSHOP13.MX
2022-01-18,5.3129448890686035,FSHOP13.MX
2022-01-19,5.18511438369751,FSHOP13.MX
2022-01-20,5.121198654174805,FSHOP13.MX
2022-01-21,5.27299690246582,FSHOP13.MX
2022-01-24,5.2010931968688965,FSHOP13.MX
2022-01-25,5.1132097244262695,FSHOP13.MX
2022-01-26,5.105220794677734,FSHOP13.MX
2022-01-27,5.1132097244262695,FSHOP13.MX
2022-01-28,5.153156757354736,FSHOP13.MX
2022-01-31,5.233051300048828,FSHOP13.MX
2022-02-01,5.193104267120361,FSHOP13.MX
2022-02-02,5.18511438369751,FSHOP13.MX
2022-02-03,5.193104267120361,FSHOP13.MX
2022-02-04,5.233051300048828,FSHOP13.MX
2022-02-08,5.20908260345459,FSHOP13.MX
2022-02-09,5.097231864929199,FSHOP13.MX
2022-02-10,4.977390289306641,FSHOP13.MX
2022-02-11,5.145167827606201,FSHOP13.MX
2022-02-14,5.18511438369751,FSHOP13.MX
2022-02-15,5.153156757354736,FSHOP13.MX
2022-02-16,5.177124977111816,FSHOP13.MX
2022-02-17,5.18511438369751,FSHOP13.MX
2022-02-18,5.18511438369751,FSHOP13.MX
2022-02-21,5.177124977111816,FSHOP13.MX
2022-02-22,5.13717794418335,FSHOP13.MX
2022-02-23,5.1132097244262695,FSHOP13.MX
2022-02-24,5.025326728820801,FSHOP13.MX
2022-02-25,5.169134616851807,FSHOP13.MX
2022-02-28,5.13717794418335,FSHOP13.MX
2022-03-01,5.057283878326416,FSHOP13.MX
2022-03-02,5.1132097244262695,FSHOP13.MX
2022-03-03,5.089241027832031,FSHOP13.MX
2022-03-04,5.13717794418335,FSHOP13.MX
2022-03-07,5.121198654174805,FSHOP13.MX
2022-03-08,5.13717794418335,FSHOP13.MX
2022-03-09,5.153156757354736,FSHOP13.MX
2022-03-10,5.145167827606201,FSHOP13.MX
2022-03-11,5.153156757354736,FSHOP13.MX
2022-03-14,5.153156757354736,FSHOP13.MX
2022-03-15,5.1132097244262695,FSHOP13.MX
2022-03-16,5.18511438369751,FSHOP13.MX
2022-03-17,5.1132097244262695,FSHOP13.MX
2022-03-18,5.1132097244262695,FSHOP13.MX
2022-03-22,5.177124977111816,FSHOP13.MX
2022-03-23,5.1132097244262695,FSHOP13.MX
2022-03-24,5.193104267120361,FSHOP13.MX
2022-03-25,5.18511438369751,FSHOP13.MX
2022-03-28,5.193104267120361,FSHOP13.MX
2022-03-29,5.193104267120361,FSHOP13.MX
2022-03-30,5.217072010040283,FSHOP13.MX
2022-03-31,5.225060939788818,FSHOP13.MX
2022-04-01,5.193104267120361,FSHOP13.MX
2022-04-04,5.1611456871032715,FSHOP13.MX
2022-04-05,5.193104267120361,FSHOP13.MX
2022-04-06,5.193104267120361,FSHOP13.MX
2022-04-07,5.27299690246582,FSHOP13.MX
2022-04-08,5.241040229797363,FSHOP13.MX
2022-04-11,5.217072010040283,FSHOP13.MX
2022-04-12,5.20908260345459,FSHOP13.MX
2022-04-13,5.233051300048828,FSHOP13.MX
2022-04-18,5.25701904296875,FSHOP13.MX
2022-04-19,5.223959922790527,FSHOP13.MX
2022-04-20,5.23208475112915,FSHOP13.MX
2022-04-21,5.223959922790527,FSHOP13.MX
2022-04-22,5.207711219787598,FSHOP13.MX
2022-04-25,5.167089939117432,FSHOP13.MX
2022-04-26,4.874612808227539,FSHOP13.MX
2022-04-27,4.972105026245117,FSHOP13.MX
2022-04-28,5.037099361419678,FSHOP13.MX
2022-04-29,4.963980674743652,FSHOP13.MX
2022-05-02,4.947731971740723,FSHOP13.MX
2022-05-03,4.980229377746582,FSHOP13.MX
2022-05-04,4.980229377746582,FSHOP13.MX
2022-05-05,4.99647855758667,FSHOP13.MX
2022-05-06,5.004602909088135,FSHOP13.MX
2022-05-09,5.004602909088135,FSHOP13.MX
2022-05-10,5.0127272605896,FSHOP13.MX
2022-05-11,4.9558563232421875,FSHOP13.MX
2022-05-12,4.9152350425720215,FSHOP13.MX
2022-05-13,4.9558563232421875,FSHOP13.MX
2022-05-16,4.630881309509277,FSHOP13.MX
2022-05-17,4.793369293212891,FSHOP13.MX
2022-05-18,4.866487979888916,FSHOP13.MX
2022-05-19,4.793369293212891,FSHOP13.MX
2022-05-20,4.874612808227539,FSHOP13.MX
2022-05-23,4.874612808227539,FSHOP13.MX
2022-05-24,4.923358917236328,FSHOP13.MX
2022-05-25,4.907110691070557,FSHOP13.MX
2022-05-26,4.907110691070557,FSHOP13.MX
2022-05-27,4.907110691070557,FSHOP13.MX
2022-05-30,5.199586868286133,FSHOP13.MX
2022-05-31,5.280829906463623,FSHOP13.MX
2022-06-01,5.240208625793457,FSHOP13.MX
2022-06-02,5.26458215713501,FSHOP13.MX
2022-06-03,5.240208625793457,FSHOP13.MX
2022-06-06,5.280829906463623,FSHOP13.MX
2022-06-07,5.337700366973877,FSHOP13.MX
2022-06-08,5.288955211639404,FSHOP13.MX
2022-06-09,5.272705078125,FSHOP13.MX
2022-06-10,5.167089939117432,FSHOP13.MX
2022-06-13,5.118342876434326,FSHOP13.MX
2022-06-14,5.0614728927612305,FSHOP13.MX
2022-06-15,5.0127272605896,FSHOP13.MX
2022-06-16,5.158965110778809,FSHOP13.MX
2022-06-17,5.0127272605896,FSHOP13.MX
2022-06-20,5.037099361419678,FSHOP13.MX
2022-06-21,5.037099361419678,FSHOP13.MX
2022-06-22,5.028975486755371,FSHOP13.MX
2022-06-23,5.037099361419678,FSHOP13.MX
2022-06-24,5.028975486755371,FSHOP13.MX
2022-06-27,4.9152350425720215,FSHOP13.MX
2022-06-28,4.9152350425720215,FSHOP13.MX
2022-06-29,4.9152350425720215,FSHOP13.MX
2022-06-30,4.9152350425720215,FSHOP13.MX
2022-07-01,4.882736682891846,FSHOP13.MX
2022-07-04,4.923358917236328,FSHOP13.MX
2022-07-05,4.8908610343933105,FSHOP13.MX
2022-07-06,4.923358917236328,FSHOP13.MX
2022-07-07,4.963980674743652,FSHOP13.MX
2022-07-08,5.167089939117432,FSHOP13.MX
2022-07-11,5.020850658416748,FSHOP13.MX
2022-07-12,5.020850658416748,FSHOP13.MX
2022-07-13,5.07772159576416,FSHOP13.MX
2022-07-14,5.07772159576416,FSHOP13.MX
2022-07-15,5.110218048095703,FSHOP13.MX
2022-07-18,5.102095127105713,FSHOP13.MX
2022-07-19,5.110218048095703,FSHOP13.MX
2022-07-20,5.158965110778809,FSHOP13.MX
2022-07-21,5.118342876434326,FSHOP13.MX
2022-07-22,5.3295769691467285,FSHOP13.MX
2022-07-25,5.23208475112915,FSHOP13.MX
2022-07-26,5.240208625793457,FSHOP13.MX
2022-07-27,5.19146203994751,FSHOP13.MX
2022-07-28,5.26458215713501,FSHOP13.MX
2022-07-29,5.26458215713501,FSHOP13.MX
2022-08-01,5.223959922790527,FSHOP13.MX
2022-08-02,5.150840759277344,FSHOP13.MX
2022-08-03,5.126467227935791,FSHOP13.MX
2022-08-04,5.215836048126221,FSHOP13.MX
2022-08-05,5.199586868286133,FSHOP13.MX
2022-08-08,5.19146203994751,FSHOP13.MX
2022-08-09,5.158965110778809,FSHOP13.MX
2022-08-10,5.118342876434326,FSHOP13.MX
2022-08-11,5.07772159576416,FSHOP13.MX
2022-08-12,5.126467227935791,FSHOP13.MX
2022-08-15,5.118342876434326,FSHOP13.MX
2022-08-16,5.126467227935791,FSHOP13.MX
2022-08-17,5.085846424102783,FSHOP13.MX
2022-08-18,5.19146203994751,FSHOP13.MX
2022-08-19,5.183338165283203,FSHOP13.MX
2022-08-22,5.158965110778809,FSHOP13.MX
2022-08-23,5.167089939117432,FSHOP13.MX
2022-08-24,5.167089939117432,FSHOP13.MX
2022-08-25,5.19146203994751,FSHOP13.MX
2022-08-26,5.126467227935791,FSHOP13.MX
2022-08-29,5.118342876434326,FSHOP13.MX
2022-08-30,5.118342876434326,FSHOP13.MX
2022-08-31,5.045224189758301,FSHOP13.MX
2022-09-01,5.167089939117432,FSHOP13.MX
2022-09-02,5.158965110778809,FSHOP13.MX
2022-09-05,5.150840759277344,FSHOP13.MX
2022-09-06,5.07772159576416,FSHOP13.MX
2022-09-07,5.037099361419678,FSHOP13.MX
2022-09-08,5.07772159576416,FSHOP13.MX
2022-09-09,5.085846424102783,FSHOP13.MX
2022-09-12,5.0614728927612305,FSHOP13.MX
2022-09-13,5.069598197937012,FSHOP13.MX
2022-09-14,5.07772159576416,FSHOP13.MX
2022-09-15,4.99647855758667,FSHOP13.MX
2022-09-19,4.9558563232421875,FSHOP13.MX
2022-09-20,4.9558563232421875,FSHOP13.MX
2022-09-21,4.988353729248047,FSHOP13.MX
2022-09-22,5.118342876434326,FSHOP13.MX
2022-09-23,5.118342876434326,FSHOP13.MX
2022-09-26,5.118342876434326,FSHOP13.MX
2022-09-27,5.118342876434326,FSHOP13.MX
2022-09-28,5.158965110778809,FSHOP13.MX
2022-09-29,5.118342876434326,FSHOP13.MX
2022-09-30,5.199586868286133,FSHOP13.MX
2022-10-03,5.183338165283203,FSHOP13.MX
2022-10-04,5.158965110778809,FSHOP13.MX
2022-10-05,5.07772159576416,FSHOP13.MX
2022-10-06,5.240208625793457,FSHOP13.MX
2022-10-07,5.240208625793457,FSHOP13.MX
2022-10-10,5.118342876434326,FSHOP13.MX
2022-10-11,5.183338165283203,FSHOP13.MX
2022-10-12,5.167089939117432,FSHOP13.MX
2022-10-13,5.199586868286133,FSHOP13.MX
2022-10-14,5.199586868286133,FSHOP13.MX
2022-10-17,5.19146203994751,FSHOP13.MX
2022-10-18,5.199586868286133,FSHOP13.MX
2022-10-19,5.207711219787598,FSHOP13.MX
2022-10-20,5.199586868286133,FSHOP13.MX
2022-10-21,5.199586868286133,FSHOP13.MX
2022-10-24,5.199586868286133,FSHOP13.MX
2022-10-25,5.199586868286133,FSHOP13.MX
2022-10-26,5.199586868286133,FSHOP13.MX
2022-10-27,5.19146203994751,FSHOP13.MX
2022-10-28,5.183338165283203,FSHOP13.MX
2022-10-31,5.09397029876709,FSHOP13.MX
2022-11-01,5.19146203994751,FSHOP13.MX
2022-11-03,5.09397029876709,FSHOP13.MX
2022-11-04,5.085846424102783,FSHOP13.MX
2022-11-07,5.085846424102783,FSHOP13.MX
2022-11-08,5.07772159576416,FSHOP13.MX
2022-11-09,5.045224189758301,FSHOP13.MX
2022-11-10,5.037099361419678,FSHOP13.MX
2022-11-11,5.102095127105713,FSHOP13.MX
2022-11-14,5.102095127105713,FSHOP13.MX
2022-11-15,5.085846424102783,FSHOP13.MX
2022-11-16,5.102095127105713,FSHOP13.MX
2022-11-17,5.102095127105713,FSHOP13.MX
2022-11-18,5.102095127105713,FSHOP13.MX
2022-11-22,5.069598197937012,FSHOP13.MX
2022-11-23,5.07772159576416,FSHOP13.MX
2022-11-24,5.053347587585449,FSHOP13.MX
2022-11-25,5.053347587585449,FSHOP13.MX
2022-11-28,5.102095127105713,FSHOP13.MX
2022-11-29,5.102095127105713,FSHOP13.MX
2022-11-30,5.134592533111572,FSHOP13.MX
2022-12-01,5.085846424102783,FSHOP13.MX
2022-12-02,5.118342876434326,FSHOP13.MX
2022-12-05,5.110218048095703,FSHOP13.MX
2022-12-06,5.07772159576416,FSHOP13.MX
2022-12-07,5.07772159576416,FSHOP13.MX
2022-12-08,5.142715930938721,FSHOP13.MX
2022-12-09,5.118342876434326,FSHOP13.MX
2022-12-13,5.17521333694458,FSHOP13.MX
2022-12-14,5.150840759277344,FSHOP13.MX
2022-12-15,5.118342876434326,FSHOP13.MX
2022-12-16,5.240208625793457,FSHOP13.MX
2022-12-19,5.037099361419678,FSHOP13.MX
2022-12-20,5.09397029876709,FSHOP13.MX
2022-12-21,5.118342876434326,FSHOP13.MX
2022-12-22,5.085846424102783,FSHOP13.MX
2022-12-23,5.09397029876709,FSHOP13.MX
2022-12-26,5.118342876434326,FSHOP13.MX
2022-12-27,5.102095127105713,FSHOP13.MX
2022-12-28,5.053347587585449,FSHOP13.MX
2022-12-29,4.9558563232421875,FSHOP13.MX
2022-12-30,5.0614728927612305,FSHOP13.MX
2023-01-02,5.0614728927612305,FSHOP13.MX
2023-01-03,5.0614728927612305,FSHOP13.MX
2023-01-04,5.07772159576416,FSHOP13.MX
2023-01-05,5.118342876434326,FSHOP13.MX
2023-01-06,5.110218048095703,FSHOP13.MX
2023-01-09,5.118342876434326,FSHOP13.MX
2023-01-10,5.158965110778809,FSHOP13.MX
2023-01-11,5.158965110778809,FSHOP13.MX
2023-01-12,5.215836048126221,FSHOP13.MX
2023-01-13,5.223959922790527,FSHOP13.MX
2023-01-16,5.199586868286133,FSHOP13.MX
2023-01-17,5.07772159576416,FSHOP13.MX
2023-01-18,5.07772159576416,FSHOP13.MX
2023-01-19,5.110218048095703,FSHOP13.MX
2023-01-20,5.037099361419678,FSHOP13.MX
2023-01-23,5.020850658416748,FSHOP13.MX
2023-01-24,5.004602909088135,FSHOP13.MX
2023-01-25,4.9558563232421875,FSHOP13.MX
2023-01-26,4.874612808227539,FSHOP13.MX
2023-01-27,4.858363628387451,FSHOP13.MX
2023-01-30,4.793369293212891,FSHOP13.MX
2023-01-31,4.866487979888916,FSHOP13.MX
2023-02-01,4.825867176055908,FSHOP13.MX
2023-02-02,4.931483268737793,FSHOP13.MX
2023-02-03,4.931483268737793,FSHOP13.MX
2023-02-07,4.931483268737793,FSHOP13.MX
2023-02-08,4.923358917236328,FSHOP13.MX
2023-02-09,4.923358917236328,FSHOP13.MX
2023-02-10,4.9152350425720215,FSHOP13.MX
2023-02-13,4.931483268737793,FSHOP13.MX
2023-02-14,4.923358917236328,FSHOP13.MX
2023-02-15,4.898985385894775,FSHOP13.MX
2023-02-16,4.866487979888916,FSHOP13.MX
2023-02-17,4.720249652862549,FSHOP13.MX
2023-02-20,4.712125778198242,FSHOP13.MX
2023-02-21,4.630881309509277,FSHOP13.MX
2023-02-22,4.565887451171875,FSHOP13.MX
2023-02-23,4.614633083343506,FSHOP13.MX
2023-02-24,4.679628372192383,FSHOP13.MX
2023-02-27,4.6390061378479,FSHOP13.MX
2023-02-28,4.565887451171875,FSHOP13.MX
2023-03-01,4.630881309509277,FSHOP13.MX
2023-03-02,4.679628372192383,FSHOP13.MX
2023-03-03,4.647130489349365,FSHOP13.MX
2023-03-06,4.65525484085083,FSHOP13.MX
2023-03-07,4.712125778198242,FSHOP13.MX
2023-03-08,4.752747535705566,FSHOP13.MX
2023-03-09,4.801493167877197,FSHOP13.MX
2023-03-10,4.874612808227539,FSHOP13.MX
2023-03-13,4.728375434875488,FSHOP13.MX
2023-03-14,4.712125778198242,FSHOP13.MX
2023-03-15,4.874612808227539,FSHOP13.MX
2023-03-16,4.866487979888916,FSHOP13.MX
2023-03-17,4.728375434875488,FSHOP13.MX
2023-03-21,4.809617042541504,FSHOP13.MX
2023-03-22,4.720249652862549,FSHOP13.MX
2023-03-23,4.866487979888916,FSHOP13.MX
2023-03-24,4.898985385894775,FSHOP13.MX
2023-03-27,4.9558563232421875,FSHOP13.MX
2023-03-28,4.874612808227539,FSHOP13.MX
2023-03-29,4.9558563232421875,FSHOP13.MX
2023-03-30,4.9558563232421875,FSHOP13.MX
2023-03-31,4.874612808227539,FSHOP13.MX
2023-04-03,4.874612808227539,FSHOP13.MX
2023-04-04,4.874612808227539,FSHOP13.MX
2023-04-05,4.9558563232421875,FSHOP13.MX
2023-04-10,4.9558563232421875,FSHOP13.MX
2023-04-11,4.963980674743652,FSHOP13.MX
2023-04-12,4.99647855758667,FSHOP13.MX
2023-04-13,5.037099361419678,FSHOP13.MX
2023-04-14,5.183338165283203,FSHOP13.MX
2023-04-17,5.126467227935791,FSHOP13.MX
2023-04-18,5.037099361419678,FSHOP13.MX
2023-04-19,5.037099361419678,FSHOP13.MX
2023-04-20,5.158965110778809,FSHOP13.MX
2023-04-21,5.142715930938721,FSHOP13.MX
2023-04-24,5.158965110778809,FSHOP13.MX
2023-04-25,5.150840759277344,FSHOP13.MX
2023-04-26,5.167089939117432,FSHOP13.MX
2023-04-27,5.167089939117432,FSHOP13.MX
2023-04-28,5.150840759277344,FSHOP13.MX
2023-05-02,5.158965110778809,FSHOP13.MX
2023-05-03,5.134592533111572,FSHOP13.MX
2023-05-04,5.102095127105713,FSHOP13.MX
2023-05-05,5.09397029876709,FSHOP13.MX
2023-05-08,5.183338165283203,FSHOP13.MX
2023-05-09,5.053347587585449,FSHOP13.MX
2023-05-10,5.150840759277344,FSHOP13.MX
2023-05-11,5.158965110778809,FSHOP13.MX
2023-05-12,5.037099361419678,FSHOP13.MX
2023-05-15,5.150840759277344,FSHOP13.MX
2023-05-16,5.167089939117432,FSHOP13.MX
2023-05-17,5.167089939117432,FSHOP13.MX
2023-05-18,5.102095127105713,FSHOP13.MX
2023-05-19,5.09397029876709,FSHOP13.MX
2023-05-22,5.045224189758301,FSHOP13.MX
2023-05-23,4.99647855758667,FSHOP13.MX
2023-05-24,5.09397029876709,FSHOP13.MX
2023-05-25,5.028975486755371,FSHOP13.MX
2023-05-26,4.963980674743652,FSHOP13.MX
2023-05-29,4.963980674743652,FSHOP13.MX
2023-05-30,4.858363628387451,FSHOP13.MX
2023-05-31,4.963980674743652,FSHOP13.MX
2023-06-01,4.882736682891846,FSHOP13.MX
2023-06-02,5.07772159576416,FSHOP13.MX
2023-06-05,4.9558563232421875,FSHOP13.MX
2023-06-06,5.118342876434326,FSHOP13.MX
2023-06-07,4.972105026245117,FSHOP13.MX
2023-06-08,4.99647855758667,FSHOP13.MX
2023-06-09,5.004602909088135,FSHOP13.MX
2023-06-12,4.8908610343933105,FSHOP13.MX
2023-06-13,4.99647855758667,FSHOP13.MX
2023-06-14,4.99647855758667,FSHOP13.MX
2023-06-15,4.9152350425720215,FSHOP13.MX
2023-06-16,4.752747535705566,FSHOP13.MX
2023-06-19,4.752747535705566,FSHOP13.MX
2023-06-20,4.874612808227539,FSHOP13.MX
2023-06-21,4.704001426696777,FSHOP13.MX
2023-06-22,4.468395709991455,FSHOP13.MX
2023-06-23,4.866487979888916,FSHOP13.MX
2023-06-26,4.99647855758667,FSHOP13.MX
2023-06-27,5.037099361419678,FSHOP13.MX
2023-06-28,5.037099361419678,FSHOP13.MX
2023-06-29,5.020850658416748,FSHOP13.MX
2023-06-30,5.037099361419678,FSHOP13.MX
2023-07-03,5.07772159576416,FSHOP13.MX
2023-07-04,5.0614728927612305,FSHOP13.MX
2023-07-05,5.0614728927612305,FSHOP13.MX
2023-07-06,5.028975486755371,FSHOP13.MX
2023-07-07,5.037099361419678,FSHOP13.MX
2023-07-10,5.020850658416748,FSHOP13.MX
2023-07-11,5.020850658416748,FSHOP13.MX
2023-07-12,4.988353729248047,FSHOP13.MX
2023-07-13,5.07772159576416,FSHOP13.MX
2023-07-14,5.0127272605896,FSHOP13.MX
2023-07-17,5.037099361419678,FSHOP13.MX
2023-07-18,5.0614728927612305,FSHOP13.MX
2023-07-19,5.0614728927612305,FSHOP13.MX
2023-07-20,5.07772159576416,FSHOP13.MX
2023-07-21,5.069598197937012,FSHOP13.MX
2023-07-24,5.037099361419678,FSHOP13.MX
2023-07-25,5.07772159576416,FSHOP13.MX
2023-07-26,5.240208625793457,FSHOP13.MX
2023-07-27,5.118342876434326,FSHOP13.MX
2023-07-28,5.240208625793457,FSHOP13.MX
2023-07-31,5.215836048126221,FSHOP13.MX
2023-08-01,5.142715930938721,FSHOP13.MX
2023-08-02,5.110218048095703,FSHOP13.MX
2023-08-03,5.07772159576416,FSHOP13.MX
2023-08-04,5.085846424102783,FSHOP13.MX
2023-08-07,5.085846424102783,FSHOP13.MX
2023-08-08,4.99647855758667,FSHOP13.MX
2023-08-09,4.9558563232421875,FSHOP13.MX
2023-08-10,4.874612808227539,FSHOP13.MX
2023-08-11,4.937619686126709,FSHOP13.MX
2023-08-14,4.929405212402344,FSHOP13.MX
2023-08-15,4.929405212402344,FSHOP13.MX
2023-08-16,4.9622673988342285,FSHOP13.MX
2023-08-17,4.97869873046875,FSHOP13.MX
2023-08-18,4.9951300621032715,FSHOP13.MX
2023-08-21,4.970482349395752,FSHOP13.MX
2023-08-22,4.970482349395752,FSHOP13.MX
2023-08-23,4.970482349395752,FSHOP13.MX
2023-08-24,4.9951300621032715,FSHOP13.MX
2023-08-25,5.011561393737793,FSHOP13.MX
2023-08-28,5.011561393737793,FSHOP13.MX
2023-08-29,4.986914157867432,FSHOP13.MX
2023-08-30,4.97869873046875,FSHOP13.MX
2023-08-31,4.896543025970459,FSHOP13.MX
2023-09-01,4.986914157867432,FSHOP13.MX
2023-09-04,4.945835590362549,FSHOP13.MX
2023-09-05,4.945835590362549,FSHOP13.MX
2023-09-06,4.929405212402344,FSHOP13.MX
2023-09-07,4.937619686126709,FSHOP13.MX
2023-09-08,4.929405212402344,FSHOP13.MX
2023-09-11,4.912972927093506,FSHOP13.MX
2023-09-12,4.912972927093506,FSHOP13.MX
2023-09-13,4.912972927093506,FSHOP13.MX
2023-09-14,4.9622673988342285,FSHOP13.MX
2023-09-15,4.896543025970459,FSHOP13.MX
2023-09-18,4.896543025970459,FSHOP13.MX
2023-09-19,4.847248077392578,FSHOP13.MX
2023-09-20,5.011561393737793,FSHOP13.MX
2023-09-21,5.011561393737793,FSHOP13.MX
2023-09-22,5.011561393737793,FSHOP13.MX
2023-09-25,4.9951300621032715,FSHOP13.MX
2023-09-26,5.085502624511719,FSHOP13.MX
2023-09-27,5.093717575073242,FSHOP13.MX
2023-09-28,5.175875186920166,FSHOP13.MX
2023-09-29,5.101934432983398,FSHOP13.MX
2023-10-02,5.151227951049805,FSHOP13.MX
2023-10-03,5.093717575073242,FSHOP13.MX
2023-10-04,5.077286720275879,FSHOP13.MX
2023-10-05,5.134796619415283,FSHOP13.MX
2023-10-06,5.134796619415283,FSHOP13.MX
2023-10-09,5.085502624511719,FSHOP13.MX
2023-10-10,5.134796619415283,FSHOP13.MX
2023-10-11,5.143013000488281,FSHOP13.MX
2023-10-12,5.1101484298706055,FSHOP13.MX
2023-10-13,5.1101484298706055,FSHOP13.MX
2023-10-16,5.019777774810791,FSHOP13.MX
2023-10-17,5.143013000488281,FSHOP13.MX
2023-10-18,4.97869873046875,FSHOP13.MX
2023-10-19,5.011561393737793,FSHOP13.MX
2023-10-20,5.093717575073242,FSHOP13.MX
2023-10-23,5.052639484405518,FSHOP13.MX
2023-10-24,5.077286720275879,FSHOP13.MX
2023-10-25,5.044423580169678,FSHOP13.MX
2023-10-26,4.9951300621032715,FSHOP13.MX
2023-10-27,4.986914157867432,FSHOP13.MX
2023-10-30,5.011561393737793,FSHOP13.MX
2023-10-31,5.011561393737793,FSHOP13.MX
2023-11-01,4.97869873046875,FSHOP13.MX
2023-11-03,5.085502624511719,FSHOP13.MX
2023-11-06,5.052639484405518,FSHOP13.MX
2023-11-07,5.089709758758545,FSHOP13.MX
2023-11-08,5.098081111907959,FSHOP13.MX
2023-11-09,5.106452941894531,FSHOP13.MX
2023-11-10,5.131566047668457,FSHOP13.MX
2023-11-13,5.106452941894531,FSHOP13.MX
2023-11-14,5.106452941894531,FSHOP13.MX
2023-11-15,5.106452941894531,FSHOP13.MX
2023-11-16,5.190164566040039,FSHOP13.MX
2023-11-17,5.114824295043945,FSHOP13.MX
2023-11-21,5.106452941894531,FSHOP13.MX
2023-11-22,5.106452941894531,FSHOP13.MX
2023-11-23,5.106452941894531,FSHOP13.MX
2023-11-24,5.106452941894531,FSHOP13.MX
2023-11-27,5.022740840911865,FSHOP13.MX
2023-11-28,5.0059967041015625,FSHOP13.MX
2023-11-29,4.989255905151367,FSHOP13.MX
2023-11-30,5.106452941894531,FSHOP13.MX
2023-12-01,5.190164566040039,FSHOP13.MX
2023-12-04,5.139936923980713,FSHOP13.MX
2023-12-05,5.139936923980713,FSHOP13.MX
2023-12-06,5.098081111907959,FSHOP13.MX
2023-12-07,5.089709758758545,FSHOP13.MX
2023-12-08,5.022740840911865,FSHOP13.MX
2023-12-11,5.148308753967285,FSHOP13.MX
2023-12-13,5.148308753967285,FSHOP13.MX
2023-12-14,5.106452941894531,FSHOP13.MX
2023-12-15,4.939027786254883,FSHOP13.MX
2023-12-18,5.047853469848633,FSHOP13.MX
2023-12-19,5.072967052459717,FSHOP13.MX
2023-12-20,5.139936923980713,FSHOP13.MX
2023-12-21,5.148308753967285,FSHOP13.MX
2023-12-22,5.131566047668457,FSHOP13.MX
2023-12-26,5.123194217681885,FSHOP13.MX
2023-12-27,5.123194217681885,FSHOP13.MX
2023-12-28,5.131566047668457,FSHOP13.MX
2023-12-29,5.131566047668457,FSHOP13.MX
2024-01-02,5.148308753967285,FSHOP13.MX
2024-01-03,5.148308753967285,FSHOP13.MX
2024-01-04,5.089709758758545,FSHOP13.MX
2024-01-05,5.106452941894531,FSHOP13.MX
2024-01-08,5.148308753967285,FSHOP13.MX
2024-01-09,5.148308753967285,FSHOP13.MX
2024-01-10,5.148308753967285,FSHOP13.MX
2024-01-11,5.131566047668457,FSHOP13.MX
2024-01-12,5.123194217681885,FSHOP13.MX
2024-01-15,5.139936923980713,FSHOP13.MX
2024-01-16,5.139936923980713,FSHOP13.MX
2024-01-17,5.131566047668457,FSHOP13.MX
2024-01-18,5.139936923980713,FSHOP13.MX
2024-01-19,5.131566047668457,FSHOP13.MX
2024-01-22,5.148308753967285,FSHOP13.MX
2024-01-23,5.3994460105896,FSHOP13.MX
2024-01-24,5.391074180603027,FSHOP13.MX
2024-01-25,5.349217891693115,FSHOP13.MX
2024-01-26,5.2738776206970215,FSHOP13.MX
2024-01-29,5.2738776206970215,FSHOP13.MX
2024-01-30,5.265505790710449,FSHOP13.MX
2024-01-31,5.315733432769775,FSHOP13.MX
2024-02-01,5.3994460105896,FSHOP13.MX
2024-02-02,5.349217891693115,FSHOP13.MX
2024-02-06,5.282247543334961,FSHOP13.MX
2024-02-07,5.2738776206970215,FSHOP13.MX
2024-02-08,5.307362079620361,FSHOP13.MX
2024-02-09,5.248763561248779,FSHOP13.MX
2024-02-12,5.290619850158691,FSHOP13.MX
2024-02-13,5.282247543334961,FSHOP13.MX
2024-02-14,5.265505790710449,FSHOP13.MX
2024-02-15,5.232021331787109,FSHOP13.MX
2024-02-16,5.190164566040039,FSHOP13.MX
2024-02-19,5.223649501800537,FSHOP13.MX
2024-02-20,5.298990726470947,FSHOP13.MX
2024-02-21,5.298990726470947,FSHOP13.MX
2024-02-22,5.365960597991943,FSHOP13.MX
2024-02-23,5.3575897216796875,FSHOP13.MX
2024-02-26,5.396624565124512,FSHOP13.MX
2024-02-27,5.362468242645264,FSHOP13.MX
2024-02-28,5.379547595977783,FSHOP13.MX
2024-02-29,5.38808536529541,FSHOP13.MX
2024-03-01,5.396624565124512,FSHOP13.MX
2024-03-04,5.371007919311523,FSHOP13.MX
2024-03-05,5.396624565124512,FSHOP13.MX
2024-03-06,5.285617828369141,FSHOP13.MX
2024-03-07,5.285617828369141,FSHOP13.MX
2024-03-08,5.285617828369141,FSHOP13.MX
2024-03-11,5.319773197174072,FSHOP13.MX
2024-03-12,5.285617828369141,FSHOP13.MX
2024-03-13,5.217306613922119,FSHOP13.MX
2024-03-14,5.294157028198242,FSHOP13.MX
2024-03-15,5.285617828369141,FSHOP13.MX
2024-03-19,5.260001182556152,FSHOP13.MX
2024-03-20,5.285617828369141,FSHOP13.MX
2024-03-21,5.285617828369141,FSHOP13.MX
2024-03-22,5.285617828369141,FSHOP13.MX
2024-03-25,5.285617828369141,FSHOP13.MX
2024-03-26,5.294157028198242,FSHOP13.MX
2024-03-27,5.311234474182129,FSHOP13.MX
2024-04-01,5.319773197174072,FSHOP13.MX
2024-04-02,5.285617828369141,FSHOP13.MX
2024-04-03,5.302696704864502,FSHOP13.MX
2024-04-04,5.302696704864502,FSHOP13.MX
2024-04-05,5.328312873840332,FSHOP13.MX
2024-04-08,5.328312873840332,FSHOP13.MX
2024-04-09,5.268540382385254,FSHOP13.MX
2024-04-10,5.260001182556152,FSHOP13.MX
2024-04-11,5.251462459564209,FSHOP13.MX
2024-04-12,5.260001182556152,FSHOP13.MX
2024-04-15,4.867208480834961,FSHOP13.MX
2024-04-16,5.080682754516602,FSHOP13.MX
2024-04-17,5.242922782897949,FSHOP13.MX
2024-04-18,5.234384536743164,FSHOP13.MX
2024-04-19,5.123378276824951,FSHOP13.MX
2024-04-22,5.200228691101074,FSHOP13.MX
2024-04-23,5.336852550506592,FSHOP13.MX
2024-04-24,5.302696704864502,FSHOP13.MX
2024-04-25,5.379547595977783,FSHOP13.MX
2024-04-26,5.362468242645264,FSHOP13.MX
2024-04-29,5.371007919311523,FSHOP13.MX
2024-04-30,5.38808536529541,FSHOP13.MX
2024-05-02,5.405163288116455,FSHOP13.MX
2024-05-03,5.319773197174072,FSHOP13.MX
2024-05-06,5.294157028198242,FSHOP13.MX
2024-05-07,5.319773197174072,FSHOP13.MX
2024-05-08,5.294157028198242,FSHOP13.MX
2024-05-09,5.328312873840332,FSHOP13.MX
2024-05-10,5.208767890930176,FSHOP13.MX
2024-05-13,5.208767890930176,FSHOP13.MX
2024-05-14,5.242922782897949,FSHOP13.MX
2024-05-15,5.208767890930176,FSHOP13.MX
2024-05-16,5.319773197174072,FSHOP13.MX
2024-05-17,5.379547595977783,FSHOP13.MX
2024-05-20,5.362468242645264,FSHOP13.MX
2024-05-21,5.277078628540039,FSHOP13.MX
2024-05-22,5.2258453369140625,FSHOP13.MX
2024-05-23,5.379547595977783,FSHOP13.MX
2024-05-24,5.362468242645264,FSHOP13.MX
2024-05-27,5.3539299964904785,FSHOP13.MX
2024-05-28,5.251462459564209,FSHOP13.MX
2024-05-29,5.251462459564209,FSHOP13.MX
2024-05-30,5.294157028198242,FSHOP13.MX
2024-05-31,5.260001182556152,FSHOP13.MX
2024-06-03,5.208767890930176,FSHOP13.MX
2024-06-04,5.277078628540039,FSHOP13.MX
2024-06-05,5.336852550506592,FSHOP13.MX
2024-06-06,5.319773197174072,FSHOP13.MX
2024-06-07,5.319773197174072,FSHOP13.MX
2024-06-10,5.208767890930176,FSHOP13.MX
2024-06-11,5.208767890930176,FSHOP13.MX
2024-06-12,5.277078628540039,FSHOP13.MX
2024-06-13,5.251462459564209,FSHOP13.MX
2024-06-14,5.191689491271973,FSHOP13.MX
2024-06-17,5.285617828369141,FSHOP13.MX
2024-06-18,5.285617828369141,FSHOP13.MX
2024-06-19,5.285617828369141,FSHOP13.MX
2024-06-20,5.285617828369141,FSHOP13.MX
2024-06-21,5.277078628540039,FSHOP13.MX
2024-06-24,5.268540382385254,FSHOP13.MX
2024-06-25,5.268540382385254,FSHOP13.MX
2024-06-26,5.234384536743164,FSHOP13.MX
2024-06-27,5.260001182556152,FSHOP13.MX
2024-06-28,5.242922782897949,FSHOP13.MX
2024-07-01,5.49055290222168,FSHOP13.MX
2024-07-02,5.550325393676758,FSHOP13.MX
2024-07-03,5.533247947692871,FSHOP13.MX
2024-07-04,5.541787147521973,FSHOP13.MX
2024-07-05,5.464936256408691,FSHOP13.MX
2024-07-08,5.464936256408691,FSHOP13.MX
2024-07-09,5.499092102050781,FSHOP13.MX
2024-07-10,5.541787147521973,FSHOP13.MX
2024-07-11,5.507631301879883,FSHOP13.MX
2024-07-12,5.507631301879883,FSHOP13.MX
2024-07-15,5.541787147521973,FSHOP13.MX
2024-07-16,5.5247087478637695,FSHOP13.MX
2024-07-17,5.464936256408691,FSHOP13.MX
2024-07-18,5.507631301879883,FSHOP13.MX
2024-07-19,5.593021392822266,FSHOP13.MX
2024-07-22,5.541787147521973,FSHOP13.MX
2024-07-23,5.550325393676758,FSHOP13.MX
2024-07-24,5.763799667358398,FSHOP13.MX
2024-07-25,5.789417266845703,FSHOP13.MX
2024-07-26,5.815033435821533,FSHOP13.MX
2024-07-29,5.9260406494140625,FSHOP13.MX
2024-07-30,5.934578895568848,FSHOP13.MX
2024-07-31,5.934578895568848,FSHOP13.MX
2024-08-01,5.9687347412109375,FSHOP13.MX
2024-08-02,5.934578895568848,FSHOP13.MX
2024-08-05,6.105358600616455,FSHOP13.MX
2024-08-06,6.042603492736816,FSHOP13.MX
2024-08-07,6.042603492736816,FSHOP13.MX
2024-08-08,6.337789058685303,FSHOP13.MX
2024-08-09,6.4159255027771,FSHOP13.MX
2024-08-12,6.337789058685303,FSHOP13.MX
2024-08-13,6.086012840270996,FSHOP13.MX
2024-08-14,6.155467987060547,FSHOP13.MX
2024-08-15,6.1381049156188965,FSHOP13.MX
2024-08-16,6.094695091247559,FSHOP13.MX
2024-08-19,6.198878288269043,FSHOP13.MX
2024-08-20,6.337789058685303,FSHOP13.MX
2024-08-21,6.250969409942627,FSHOP13.MX
2024-08-22,6.250969409942627,FSHOP13.MX
2024-08-23,6.233605861663818,FSHOP13.MX
2024-08-26,6.224924087524414,FSHOP13.MX
2024-08-27,6.250969409942627,FSHOP13.MX
2024-08-28,6.337789058685303,FSHOP13.MX
2024-08-29,6.320425510406494,FSHOP13.MX
2024-08-30,6.172832489013672,FSHOP13.MX
2024-09-02,6.164150238037109,FSHOP13.MX
2024-09-03,6.198878288269043,FSHOP13.MX
2024-09-04,6.155467987060547,FSHOP13.MX
2024-09-05,6.12074089050293,FSHOP13.MX
2024-09-06,6.155467987060547,FSHOP13.MX
2024-09-09,6.294379711151123,FSHOP13.MX
2024-09-10,6.094695091247559,FSHOP13.MX
2024-09-11,6.337789058685303,FSHOP13.MX
2024-09-12,6.32910680770874,FSHOP13.MX
2024-09-13,6.32910680770874,FSHOP13.MX
2024-09-17,6.51142692565918,FSHOP13.MX
2024-09-18,6.372515678405762,FSHOP13.MX
2024-09-19,6.294379711151123,FSHOP13.MX
2024-09-20,6.51142692565918,FSHOP13.MX
2024-09-23,6.598246097564697,FSHOP13.MX
2024-09-24,6.598246097564697,FSHOP13.MX
2024-09-25,6.676383018493652,FSHOP13.MX
2024-09-26,6.66770076751709,FSHOP13.MX
2024-09-27,6.771884441375732,FSHOP13.MX
2024-09-30,6.858702659606934,FSHOP13.MX
2024-10-02,6.858702659606934,FSHOP13.MX
2024-10-03,6.945521354675293,FSHOP13.MX
2024-10-04,6.945521354675293,FSHOP13.MX
2024-10-07,6.815293312072754,FSHOP13.MX
2024-10-08,6.850020408630371,FSHOP13.MX
2024-10-09,6.771884441375732,FSHOP13.MX
2024-10-10,6.771884441375732,FSHOP13.MX
2024-10-11,6.858702659606934,FSHOP13.MX
2024-10-14,6.815293312072754,FSHOP13.MX
2024-10-15,6.771884441375732,FSHOP13.MX
2024-10-16,6.841339111328125,FSHOP13.MX
2024-10-17,6.702428340911865,FSHOP13.MX
2024-10-18,6.80661153793335,FSHOP13.MX
2024-10-21,6.815293312072754,FSHOP13.MX
2024-10-22,6.815293312072754,FSHOP13.MX
2024-10-23,6.815293312072754,FSHOP13.MX
2024-10-24,6.945521354675293,FSHOP13.MX
2024-10-25,6.928158760070801,FSHOP13.MX
2024-10-28,6.928158760070801,FSHOP13.MX
2024-10-29,6.945521354675293,FSHOP13.MX
2024-10-30,6.9368391036987305,FSHOP13.MX
2024-10-31,6.9368391036987305,FSHOP13.MX
2024-11-01,6.858702659606934,FSHOP13.MX
2024-11-04,6.902111530303955,FSHOP13.MX
2024-11-05,6.9368391036987305,FSHOP13.MX
2024-11-06,7.061689376831055,FSHOP13.MX
2024-11-07,6.902602195739746,FSHOP13.MX
2024-11-08,6.893764495849609,FSHOP13.MX
2024-11-11,6.876087665557861,FSHOP13.MX
2024-11-12,6.80538272857666,FSHOP13.MX
2024-11-13,6.937955379486084,FSHOP13.MX
2024-11-14,6.849573135375977,FSHOP13.MX
2024-11-15,6.893764495849609,FSHOP13.MX
2024-11-19,6.884926795959473,FSHOP13.MX
2024-11-20,6.884926795959473,FSHOP13.MX
2024-11-21,6.778868675231934,FSHOP13.MX
2024-11-22,6.823058605194092,FSHOP13.MX
2024-11-25,6.884926795959473,FSHOP13.MX
2024-11-26,6.884926795959473,FSHOP13.MX
2024-11-27,6.796544551849365,FSHOP13.MX
2024-11-28,6.884926795959473,FSHOP13.MX
2024-11-29,6.893764495849609,FSHOP13.MX
2024-12-02,6.770030498504639,FSHOP13.MX
2024-12-03,6.761192321777344,FSHOP13.MX
2024-12-04,6.637457847595215,FSHOP13.MX
2024-12-05,6.717001438140869,FSHOP13.MX
2024-12-06,6.62861967086792,FSHOP13.MX
2024-12-09,6.80538272857666,FSHOP13.MX
2024-12-10,6.982146263122559,FSHOP13.MX
2024-12-11,6.893764495849609,FSHOP13.MX
2024-12-13,6.876087665557861,FSHOP13.MX
2024-12-16,6.973307132720947,FSHOP13.MX
2024-12-17,6.893764495849609,FSHOP13.MX
2024-12-18,6.982146263122559,FSHOP13.MX
2024-12-19,7.026337146759033,FSHOP13.MX
2024-12-20,7.512435436248779,FSHOP13.MX
2024-12-23,7.424054145812988,FSHOP13.MX
2024-12-24,7.256129264831543,FSHOP13.MX
2024-12-26,7.494758605957031,FSHOP13.MX
2024-12-27,7.485921859741211,FSHOP13.MX
2024-12-30,7.724551677703857,FSHOP13.MX
2024-12-31,7.768743515014648,FSHOP13.MX
2025-01-02,7.689198970794678,FSHOP13.MX
2025-01-03,7.689198970794678,FSHOP13.MX
2025-01-06,7.689198970794678,FSHOP13.MX
2025-01-07,7.689198970794678,FSHOP13.MX
2025-01-08,7.865962028503418,FSHOP13.MX
2025-01-09,7.865962028503418,FSHOP13.MX
2025-01-10,7.777580261230469,FSHOP13.MX
2025-01-13,7.689198970794678,FSHOP13.MX
2025-01-14,7.804093837738037,FSHOP13.MX
2025-01-15,7.865962028503418,FSHOP13.MX
2025-01-16,7.600817680358887,FSHOP13.MX
2025-01-17,7.910152912139893,FSHOP13.MX
2025-01-20,7.715712070465088,FSHOP13.MX
2025-01-21,7.609654903411865,FSHOP13.MX
2025-01-22,7.865962028503418,FSHOP13.MX
2025-01-23,7.645007610321045,FSHOP13.MX
2025-01-24,7.645007610321045,FSHOP13.MX
2025-01-27,7.742228031158447,FSHOP13.MX
2025-01-28,7.742228031158447,FSHOP13.MX
2025-01-29,7.556626796722412,FSHOP13.MX
2025-01-30,7.63616943359375,FSHOP13.MX
2025-01-31,7.689198970794678,FSHOP13.MX
2025-02-04,7.689198970794678,FSHOP13.MX
2025-02-05,7.600817680358887,FSHOP13.MX
2025-02-06,7.954343318939209,FSHOP13.MX
2025-02-07,7.600817680358887,FSHOP13.MX
2025-02-10,7.600817680358887,FSHOP13.MX
2025-02-11,7.715712070465088,FSHOP13.MX
2025-02-12,7.689198970794678,FSHOP13.MX
2025-02-13,7.715712070465088,FSHOP13.MX
2025-02-14,7.768743515014648,FSHOP13.MX
2025-02-17,7.591978073120117,FSHOP13.MX
2025-02-18,7.600817680358887,FSHOP13.MX
2025-02-19,7.600817680358887,FSHOP13.MX
2025-02-20,7.645007610321045,FSHOP13.MX
2025-02-21,7.680360794067383,FSHOP13.MX
2025-02-24,7.839447021484375,FSHOP13.MX
2025-02-25,7.82177209854126,FSHOP13.MX
2025-02-26,7.698037624359131,FSHOP13.MX
2025-02-27,7.839447021484375,FSHOP13.MX
2025-02-28,7.848285675048828,FSHOP13.MX
2025-03-03,7.883638381958008,FSHOP13.MX
2025-03-04,7.963733196258545,FSHOP13.MX
2025-03-05,7.819919586181641,FSHOP13.MX
2025-03-06,7.999688148498535,FSHOP13.MX
2025-03-07,7.9907002449035645,FSHOP13.MX
2025-03-10,7.90980339050293,FSHOP13.MX
2025-03-11,7.981709957122803,FSHOP13.MX
2025-03-12,7.981709957122803,FSHOP13.MX
2025-03-13,7.981709957122803,FSHOP13.MX
2025-03-14,7.8109307289123535,FSHOP13.MX
2025-03-18,7.9457573890686035,FSHOP13.MX
2025-03-19,7.981709957122803,FSHOP13.MX
2025-03-20,7.981709957122803,FSHOP13.MX
2025-03-21,7.972722053527832,FSHOP13.MX
2025-03-24,7.9457573890686035,FSHOP13.MX
2025-03-25,7.972722053527832,FSHOP13.MX
2025-03-26,7.864861965179443,FSHOP13.MX
2025-03-27,7.972722053527832,FSHOP13.MX
2025-03-28,7.954747200012207,FSHOP13.MX
2025-03-31,7.819919586181641,FSHOP13.MX
2025-04-01,7.981709957122803,FSHOP13.MX
2025-04-02,7.981709957122803,FSHOP13.MX
2025-04-03,7.981709957122803,FSHOP13.MX
2025-04-04,7.900815486907959,FSHOP13.MX
2025-04-07,7.819919586181641,FSHOP13.MX
2025-04-08,7.8109307289123535,FSHOP13.MX
2025-04-09,7.8109307289123535,FSHOP13.MX
2025-04-10,7.8109307289123535,FSHOP13.MX
2025-04-11,7.936768531799316,FSHOP13.MX
2025-04-14,7.855873107910156,FSHOP13.MX
2025-04-15,7.8109307289123535,FSHOP13.MX
2025-04-16,7.748012542724609,FSHOP13.MX
2025-04-21,7.90980339050293,FSHOP13.MX
2025-04-22,7.864861965179443,FSHOP13.MX
2025-04-23,7.900815486907959,FSHOP13.MX
2025-04-24,7.918792247772217,FSHOP13.MX
2025-04-25,7.981709957122803,FSHOP13.MX
2025-04-28,7.90980339050293,FSHOP13.MX
2025-04-29,7.900815486907959,FSHOP13.MX
2025-04-30,7.981709957122803,FSHOP13.MX
2025-05-02,7.9907002449035645,FSHOP13.MX
2025-05-05,7.9907002449035645,FSHOP13.MX
2025-05-06,7.9907002449035645,FSHOP13.MX
2025-05-07,7.954747200012207,FSHOP13.MX
2025-05-08,8.08957290649414,FSHOP13.MX
2025-05-09,8.233155250549316,FSHOP13.MX
2025-05-12,8.233155250549316,FSHOP13.MX
2025-05-13,8.233155250549316,FSHOP13.MX
2025-05-14,8.14167594909668,FSHOP13.MX
2025-05-15,8.233155250549316,FSHOP13.MX
2025-05-16,8.278894424438477,FSHOP13.MX
2025-05-19,8.187416076660156,FSHOP13.MX
2025-05-20,8.278894424438477,FSHOP13.MX
2025-05-21,8.187416076660156,FSHOP13.MX
2025-05-22,7.8306450843811035,FSHOP13.MX
2025-05-23,8.178267478942871,FSHOP13.MX
2025-05-26,8.14167594909668,FSHOP13.MX
2025-05-27,8.06849193572998,FSHOP13.MX
2025-05-28,8.06849193572998,FSHOP13.MX
2025-05-29,8.132528305053711,FSHOP13.MX
2025-05-30,8.050196647644043,FSHOP13.MX
2025-06-02,8.004457473754883,FSHOP13.MX
2025-06-03,7.995308876037598,FSHOP13.MX
2025-06-04,8.004457473754883,FSHOP13.MX
2025-06-05,7.995308876037598,FSHOP13.MX
2025-06-06,7.986159801483154,FSHOP13.MX
2025-06-09,8.086788177490234,FSHOP13.MX
2025-06-10,8.004457473754883,FSHOP13.MX
2025-06-11,8.031900405883789,FSHOP13.MX
2025-06-12,8.02275276184082,FSHOP13.MX
2025-06-13,8.02275276184082,FSHOP13.MX
2025-06-16,7.967864990234375,FSHOP13.MX
2025-06-17,8.013605117797852,FSHOP13.MX
2025-06-18,8.013605117797852,FSHOP13.MX
2025-06-19,7.9770121574401855,FSHOP13.MX
2025-06-20,8.260599136352539,FSHOP13.MX
2025-06-23,8.599072456359863,FSHOP13.MX
2025-06-24,8.41611385345459,FSHOP13.MX
2025-06-25,8.41611385345459,FSHOP13.MX
2025-06-26,8.41611385345459,FSHOP13.MX
2025-06-27,8.269747734069824,FSHOP13.MX
2025-06-30,8.105084419250488,FSHOP13.MX
2025-07-01,8.031900405883789,FSHOP13.MX
2025-07-02,7.967864990234375,FSHOP13.MX
2025-07-03,8.132528305053711,FSHOP13.MX
2025-07-04,8.132528305053711,FSHOP13.MX
2025-07-07,8.14167594909668,FSHOP13.MX
2025-07-08,8.233155250549316,FSHOP13.MX
2025-07-09,8.14167594909668,FSHOP13.MX
2025-07-10,7.8672380447387695,FSHOP13.MX
2025-07-11,7.958715915679932,FSHOP13.MX
2025-07-14,7.858089447021484,FSHOP13.MX
2025-07-15,7.949569225311279,FSHOP13.MX
2025-07-16,7.885534286499023,FSHOP13.MX
2025-07-17,7.940422058105469,FSHOP13.MX
2025-07-18,7.894680976867676,FSHOP13.MX
2025-07-21,7.803201198577881,FSHOP13.MX
2025-07-22,7.8397932052612305,FSHOP13.MX
2025-07-23,7.894680976867676,FSHOP13.MX
2025-07-24,7.903829097747803,FSHOP13.MX
2025-07-25,8.004457473754883,FSHOP13.MX
2025-07-28,8.14167594909668,FSHOP13.MX
2025-07-29,8.14167594909668,FSHOP13.MX
2025-07-30,8.14167594909668,FSHOP13.MX
2025-07-31,8.013605117797852,FSHOP13.MX
2025-08-01,7.912976264953613,FSHOP13.MX
2025-08-04,8.02275276184082,FSHOP13.MX
2025-08-05,8.004457473754883,FSHOP13.MX
2025-08-06,8.09593677520752,FSHOP13.MX
2025-08-07,8.086788177490234,FSHOP13.MX
2025-08-08,8.132528305053711,FSHOP13.MX
2025-08-11,8.150823593139648,FSHOP13.MX
2025-08-12,8.332387924194336,FSHOP13.MX
2025-08-13,8.2951078414917,FSHOP13.MX
2025-08-14,8.285786628723145,FSHOP13.MX
2025-08-15,8.229865074157715,FSHOP13.MX
2025-08-18,8.099379539489746,FSHOP13.MX
2025-08-19,8.024816513061523,FSHOP13.MX
2025-08-20,8.090060234069824,FSHOP13.MX
2025-08-21,8.08073902130127,FSHOP13.MX
2025-08-22,8.164623260498047,FSHOP13.MX
2025-08-25,8.099379539489746,FSHOP13.MX
2025-08-26,8.062098503112793,FSHOP13.MX
2025-08-27,8.052779197692871,FSHOP13.MX
2025-08-28,8.108699798583984,FSHOP13.MX
2025-08-29,8.099379539489746,FSHOP13.MX
2025-09-01,8.285786628723145,FSHOP13.MX
2025-09-02,8.248505592346191,FSHOP13.MX
2025-09-03,8.164623260498047,FSHOP13.MX
2025-09-04,8.248505592346191,FSHOP13.MX
2025-09-05,8.267145156860352,FSHOP13.MX
2025-09-08,8.164623260498047,FSHOP13.MX
2025-09-09,8.267145156860352,FSHOP13.MX
2025-09-10,8.173943519592285,FSHOP13.MX
2025-09-11,8.25782585144043,FSHOP13.MX
2025-09-12,8.248505592346191,FSHOP13.MX
2025-09-15,8.14598274230957,FSHOP13.MX
2025-09-17,8.14598274230957,FSHOP13.MX
2025-09-18,8.14598274230957,FSHOP13.MX
2025-09-19,8.1366605758667,FSHOP13.MX
2025-09-22,8.1366605758667,FSHOP13.MX
2025-09-23,8.015498161315918,FSHOP13.MX
2025-09-24,8.043457984924316,FSHOP13.MX
2025-09-25,8.071418762207031,FSHOP13.MX
2025-09-26,8.043457984924316,FSHOP13.MX
2025-09-29,8.034138679504395,FSHOP13.MX
2025-09-30,8.015498161315918,FSHOP13.MX
2025-10-01,8.071418762207031,FSHOP13.MX
2025-10-02,8.08073902130127,FSHOP13.MX
2025-10-03,8.08073902130127,FSHOP13.MX
2025-10-06,8.090060234069824,FSHOP13.MX
2025-10-07,8.034138679504395,FSHOP13.MX
2025-10-08,8.090060234069824,FSHOP13.MX
2025-10-09,8.071418762207031,FSHOP13.MX
2025-10-10,7.996856212615967,FSHOP13.MX
2025-10-13,7.98753547668457,FSHOP13.MX
2025-10-14,7.978214740753174,FSHOP13.MX
2025-10-15,7.931613922119141,FSHOP13.MX
2025-10-16,7.931613922119141,FSHOP13.MX
2025-10-17,7.735886573791504,FSHOP13.MX
2025-10-20,7.875692367553711,FSHOP13.MX
2025-10-21,7.735886573791504,FSHOP13.MX
2025-10-22,7.959575176239014,FSHOP13.MX
2025-10-23,7.912972450256348,FSHOP13.MX
2025-10-24,7.875692367553711,FSHOP13.MX
2025-10-27,7.931613922119141,FSHOP13.MX
2025-10-28,7.782488822937012,FSHOP13.MX
2025-10-29,7.931613922119141,FSHOP13.MX
2025-10-30,7.922293186187744,FSHOP13.MX
2025-10-31,8.024816513061523,FSHOP13.MX
2025-11-03,8.211224555969238,FSHOP13.MX
2025-11-04,8.108699798583984,FSHOP13.MX
2025-11-05,8.201904296875,FSHOP13.MX
2025-11-06,8.285786628723145,FSHOP13.MX
2025-11-07,8.07919979095459,FSHOP13.MX
2025-11-10,8.174250602722168,FSHOP13.MX
2025-11-11,8.16474437713623,FSHOP13.MX
2025-11-12,8.07919979095459,FSHOP13.MX
2025-11-13,8.117219924926758,FSHOP13.MX
2025-11-14,8.278803825378418,FSHOP13.MX
2025-11-18,8.259793281555176,FSHOP13.MX
2025-11-19,8.16474437713623,FSHOP13.MX
2025-11-20,8.16474437713623,FSHOP13.MX
2025-11-21,8.193259239196777,FSHOP13.MX
2025-11-24,8.259793281555176,FSHOP13.MX
2025-11-25,8.259793281555176,FSHOP13.MX
2025-11-26,8.259793281555176,FSHOP13.MX
2025-11-27,8.183754920959473,FSHOP13.MX
2025-11-28,8.221774101257324,FSHOP13.MX
2025-12-01,8.193259239196777,FSHOP13.MX
2025-12-02,8.193259239196777,FSHOP13.MX
2025-12-03,8.174250602722168,FSHOP13.MX
2025-12-04,8.16474437713623,FSHOP13.MX
2025-12-05,8.155240058898926,FSHOP13.MX
2025-12-08,8.145734786987305,FSHOP13.MX
2025-12-09,8.16474437713623,FSHOP13.MX
2025-12-10,8.259793281555176,FSHOP13.MX
2025-12-11,8.231278419494629,FSHOP13.MX
2025-12-15,8.221774101257324,FSHOP13.MX
2025-12-16,8.250289916992188,FSHOP13.MX
2025-12-17,8.250289916992188,FSHOP13.MX
2025-12-18,8.21226978302002,FSHOP13.MX
2025-12-19,8.269298553466797,FSHOP13.MX
2025-12-22,8.630487442016602,FSHOP13.MX
2025-12-23,8.468901634216309,FSHOP13.MX
2025-12-24,8.535435676574707,FSHOP13.MX
2025-12-26,8.554447174072266,FSHOP13.MX
2025-12-29,8.773059844970703,FSHOP13.MX
2025-12-30,8.773059844970703,FSHOP13.MX
2025-12-31,8.735040664672852,FSHOP13.MX
2026-01-02,8.639991760253906,FSHOP13.MX
2026-01-05,8.649497032165527,FSHOP13.MX
2026-01-06,8.639991760253906,FSHOP13.MX
2026-01-07,8.649497032165527,FSHOP13.MX
2026-01-08,8.649497032165527,FSHOP13.MX
2026-01-09,8.687516212463379,FSHOP13.MX
2026-01-12,8.649497032165527,FSHOP13.MX
2026-01-13,8.754050254821777,FSHOP13.MX
2026-01-14,8.792071342468262,FSHOP13.MX
2026-01-15,8.792071342468262,FSHOP13.MX
2026-01-16,8.792071342468262,FSHOP13.MX
2026-01-19,8.934643745422363,FSHOP13.MX
2026-01-20,8.934643745422363,FSHOP13.MX
2026-01-21,8.839595794677734,FSHOP13.MX
2026-01-22,8.830090522766113,FSHOP13.MX
2026-01-23,8.78256607055664,FSHOP13.MX
2026-01-26,8.839595794677734,FSHOP13.MX
2026-01-27,8.830090522766113,FSHOP13.MX
2026-01-28,8.697020530700684,FSHOP13.MX
2026-01-29,8.744544982910156,FSHOP13.MX
2026-01-30,8.744544982910156,FSHOP13.MX
2026-02-03,8.792071342468262,FSHOP13.MX
2026-02-04,8.535435676574707,FSHOP13.MX
2026-02-05,8.535435676574707,FSHOP13.MX
2026-02-06,8.544940948486328,FSHOP13.MX
2026-02-09,8.887120246887207,FSHOP13.MX
2026-02-10,8.716031074523926,FSHOP13.MX
2026-02-11,8.735040664672852,FSHOP13.MX
2026-02-12,8.554447174072266,FSHOP13.MX
2026-02-13,8.544940948486328,FSHOP13.MX
2026-02-16,8.554447174072266,FSHOP13.MX
2026-02-17,8.706526756286621,FSHOP13.MX
2026-02-18,8.868110656738281,FSHOP13.MX
2026-02-19,8.963159561157227,FSHOP13.MX
2026-02-20,9.0106840133667,FSHOP13.MX
2026-02-23,9.077219009399414,FSHOP13.MX
2026-02-24,9.200783729553223,FSHOP13.MX
2026-02-25,9.295831680297852,FSHOP13.MX
2026-02-26,9.295831680297852,FSHOP13.MX
2026-02-27,9.533455848693848,FSHOP13.MX
2026-03-02,9.676030158996582,FSHOP13.MX
2026-03-03,9.733059883117676,FSHOP13.MX
2026-03-04,9.907703399658203,FSHOP13.MX
2026-03-05,9.927054405212402,FSHOP13.MX
2026-03-06,9.869001388549805,FSHOP13.MX
2026-03-09,9.946405410766602,FSHOP13.MX
2026-03-10,9.956080436706543,FSHOP13.MX
2026-03-11,10.0044584274292,FSHOP13.MX
2026-03-12,10.110888481140137,FSHOP13.MX
2026-03-13,10.091538429260254,FSHOP13.MX
2026-03-17,10.06251049041748,FSHOP13.MX
2026-03-18,10.226994514465332,FSHOP13.MX
2026-03-19,10.110888481140137,FSHOP13.MX
2026-03-20,10.139914512634277,FSHOP13.MX
2026-03-23,10.391477584838867,FSHOP13.MX
2026-03-24,10.449530601501465,FSHOP13.MX
2026-03-25,10.28504753112793,FSHOP13.MX
2026-03-26,10.352775573730469,FSHOP13.MX
2026-03-27,10.343099594116211,FSHOP13.MX
2026-03-30,10.497908592224121,FSHOP13.MX
2026-03-31,10.53661060333252,FSHOP13.MX
2026-04-01,10.884928703308105,FSHOP13.MX
2026-04-06,11.32032585144043,FSHOP13.MX
2026-04-07,11.30097484588623,FSHOP13.MX
2026-04-08,11.281623840332031,FSHOP13.MX
2026-04-09,11.204219818115234,FSHOP13.MX
2026-04-10,11.233245849609375,FSHOP13.MX
2026-04-13,11.271947860717773,FSHOP13.MX
2026-04-14,11.291298866271973,FSHOP13.MX
2026-04-15,11.204219818115234,FSHOP13.MX
2026-04-16,11.291298866271973,FSHOP13.MX
2026-04-17,11.281623840332031,FSHOP13.MX
2026-04-20,11.281623840332031,FSHOP13.MX
2026-04-21,11.271947860717773,FSHOP13.MX
2026-04-23,11.223570823669434,FSHOP13.MX
2026-04-24,11.223570823669434,FSHOP13.MX
2026-04-27,11.542861938476562,FSHOP13.MX
2026-04-28,11.552536964416504,FSHOP13.MX
2026-04-29,11.542861938476562,FSHOP13.MX
2026-04-30,11.513834953308105,FSHOP13.MX
2026-05-04,11.90085506439209,FSHOP13.MX
2026-05-05,11.90085506439209,FSHOP13.MX
2026-05-06,11.794424057006836,FSHOP13.MX
2026-05-07,12.007285118103027,FSHOP13.MX
2026-05-08,12.191120147705078,FSHOP13.MX
2026-05-11,12.383953094482422,FSHOP13.MX
2026-05-12,12.580523490905762,FSHOP13.MX
2026-05-13,12.315152168273926,FSHOP13.MX
2026-05-14,12.275837898254395,FSHOP13.MX
2026-05-15,11.853211402893066,FSHOP13.MX
2026-05-18,12.285666465759277,FSHOP13.MX
2026-05-19,12.285666465759277,FSHOP13.MX
2026-05-20,12.580523490905762,FSHOP13.MX
2026-05-21,12.374123573303223,FSHOP13.MX
2026-05-22,12.570693969726562,FSHOP13.MX
2026-05-25,12.580523490905762,FSHOP13.MX
2026-05-26,12.138238906860352,FSHOP13.MX
2026-05-27,11.892525672912598,FSHOP13.MX
2026-05-28,11.99081039428711,FSHOP13.MX
2026-05-29,11.892525672912598,FSHOP13.MX
2026-06-01,11.79423999786377,FSHOP13.MX
2026-06-02,11.872868537902832,FSHOP13.MX
2026-06-03,11.774582862854004,FSHOP13.MX
2026-06-04,11.754925727844238,FSHOP13.MX
2026-06-05,11.754925727844238,FSHOP13.MX
2026-06-08,11.754925727844238,FSHOP13.MX
2026-06-09,11.745097160339355,FSHOP13.MX
2026-06-10,11.725440979003906,FSHOP13.MX
2026-06-11,11.686126708984375,FSHOP13.MX
2026-06-12,11.754925727844238,FSHOP13.MX
2026-06-15,11.784411430358887,FSHOP13.MX
2026-06-16,11.745097160339355,FSHOP13.MX
2026-06-17,11.754925727844238,FSHOP13.MX
2026-06-18,11.499383926391602,FSHOP13.MX
2026-06-19,11.381442070007324,FSHOP13.MX
2026-06-22,11.243842124938965,FSHOP13.MX
2026-06-23,11.06692886352539,FSHOP13.MX
2026-06-24,11.587841033935547,FSHOP13.MX
2026-06-25,11.59766960144043,FSHOP13.MX
2026-06-26,11.646812438964844,FSHOP13.MX
2026-06-29,11.705782890319824,FSHOP13.MX
2026-06-30,11.735268592834473,FSHOP13.MX
2026-07-01,11.745097160339355,FSHOP13.MX
2026-07-02,11.617326736450195,FSHOP13.MX
2026-07-03,11.79423999786377,FSHOP13.MX
2026-07-06,11.754925727844238,FSHOP13.MX
2026-07-07,11.735268592834473,FSHOP13.MX
2026-07-08,11.754925727844238,FSHOP13.MX
2026-07-09,11.695954322814941,FSHOP13.MX
2026-07-10,11.66646957397461,FSHOP13.MX
2026-07-13,11.686126708984375,FSHOP13.MX
2026-07-14,11.646812438964844,FSHOP13.MX
2026-07-15,11.686126708984375,FSHOP13.MX
2026-07-16,11.686126708984375,FSHOP13.MX
2026-07-17,11.695954322814941,FSHOP13.MX
2026-07-20,11.646812438964844,FSHOP13.MX
2026-07-21,11.695954322814941,FSHOP13.MX
2026-07-22,11.65664005279541,FSHOP13.MX
2026-07-23,11.676298141479492,FSHOP13.MX
2026-07-24,11.695954322814941,FSHOP13.MX
2026-07-27,11.695954322814941,FSHOP13.MX
2026-07-28,11.695954322814941,FSHOP13.MX
2026-07-29,11.695954322814941,FSHOP13.MX
2026-07-30,11.695954322814941,FSHOP13.MX
2026-07-31,11.59766960144043,FSHOP13.MX
2026-08-03,11.695954322814941,FSHOP13.MX
2026-08-04,11.850000381469727,FSHOP13.MX
2026-08-05,11.789999961853027,FSHOP13.MX
2026-08-06,11.829999923706055,FSHOP13.MX
2026-08-07,11.800000190734863,FSHOP13.MX
2026-08-10,11.90999984741211,FSHOP13.MX
2026-08-11,11.949999809265137,FSHOP13.MX
2026-08-12,12.069999694824219,FSHOP13.MX
2026-08-13,12.140000343322754,FSHOP13.MX
2026-08-14,12.119999885559082,FSHOP13.MX
2026-08-17,12.109999656677246,FSHOP13.MX
2026-08-18,11.979999542236328,FSHOP13.MX
2026-08-19,11.920000076293945,FSHOP13.MX
2026-08-20,11.949999809265137,FSHOP13.MX
2026-08-21,11.920000076293945,FSHOP13.MX
2026-08-24,11.800000190734863,FSHOP13.MX
2026-08-25,11.859999656677246,FSHOP13.MX
2026-08-26,11.699999809265137,FSHOP13.MX
2026-08-27,11.890000343322754,FSHOP13.MX
2026-08-28,11.880000114440918,FSHOP13.MX
2026-08-31,11.920000076293945,FSHOP13.MX
2026-09-01,11.880000114440918,FSHOP13.MX
2026-09-02,11.979999542236328,FSHOP13.MX
2026-09-03,11.880000114440918,FSHOP13.MX
2026-09-04,12.0,FSHOP13.MX
2026-09-07,11.970000267028809,FSHOP13.MX
2026-09-08,11.920000076293945,FSHOP13.MX
2026-09-09,11.970000267028809,FSHOP13.MX
2026-09-10,11.850000381469727,FSHOP13.MX
2026-09-11,11.829999923706055,FSHOP13.MX
2026-09-14,11.84000015258789,FSHOP13.MX
2026-09-15,11.829999923706055,FSHOP13.MX
2026-09-17,11.869999885559082,FSHOP13.MX
2026-09-18,11.9399995803833,FSHOP13.MX
2026-09-21,11.869999885559082,FSHOP13.MX
2026-09-22,11.84000015258789,FSHOP13.MX
2026-09-23,11.859999656677246,FSHOP13.MX
2026-09-24,11.770000457763672,FSHOP13.MX
2026-09-25,11.850000381469727,FSHOP13.MX
2026-09-28,11.850000381469727,FSHOP13.MX
2014-06-04,11.308235168457031,FIBRAPL14.MX
2014-06-05,11.2705659866333,FIBRAPL14.MX
2014-06-06,11.308235168457031,FIBRAPL14.MX
2014-06-09,11.299867630004883,FIBRAPL14.MX
2014-06-10,11.312421798706055,FIBRAPL14.MX
2014-06-11,11.52168083190918,FIBRAPL14.MX
2014-06-12,11.408679962158203,FIBRAPL14.MX
2014-06-13,11.509123802185059,FIBRAPL14.MX
2014-06-16,11.45889663696289,FIBRAPL14.MX
2014-06-17,11.580266952514648,FIBRAPL14.MX
2014-06-18,11.509123802185059,FIBRAPL14.MX
2014-06-19,11.546788215637207,FIBRAPL14.MX
2014-06-20,11.500750541687012,FIBRAPL14.MX
2014-06-23,11.509123802185059,FIBRAPL14.MX
2014-06-24,11.504935264587402,FIBRAPL14.MX
2014-06-25,11.509123802185059,FIBRAPL14.MX
2014-06-26,11.49656867980957,FIBRAPL14.MX
2014-06-27,11.5133056640625,FIBRAPL14.MX
2014-06-30,11.52168083190918,FIBRAPL14.MX
2014-07-01,11.525860786437988,FIBRAPL14.MX
2014-07-02,11.534229278564453,FIBRAPL14.MX
2014-07-03,11.555155754089355,FIBRAPL14.MX
2014-07-04,11.571901321411133,FIBRAPL14.MX
2014-07-07,11.555155754089355,FIBRAPL14.MX
2014-07-08,11.571901321411133,FIBRAPL14.MX
2014-07-09,11.52168083190918,FIBRAPL14.MX
2014-07-10,11.429608345031738,FIBRAPL14.MX
2014-07-11,11.429608345031738,FIBRAPL14.MX
2014-07-14,11.48400592803955,FIBRAPL14.MX
2014-07-15,11.5133056640625,FIBRAPL14.MX
2014-07-16,11.626307487487793,FIBRAPL14.MX
2014-07-17,11.571901321411133,FIBRAPL14.MX
2014-07-18,11.601195335388184,FIBRAPL14.MX
2014-07-21,11.613746643066406,FIBRAPL14.MX
2014-07-22,11.613746643066406,FIBRAPL14.MX
2014-07-23,11.613746643066406,FIBRAPL14.MX
2014-07-24,11.605377197265625,FIBRAPL14.MX
2014-07-25,11.592825889587402,FIBRAPL14.MX
2014-07-28,11.655595779418945,FIBRAPL14.MX
2014-07-29,11.739304542541504,FIBRAPL14.MX
2014-07-30,11.626307487487793,FIBRAPL14.MX
2014-07-31,11.555155754089355,FIBRAPL14.MX
2014-08-01,11.509123802185059,FIBRAPL14.MX
2014-08-04,11.651412963867188,FIBRAPL14.MX
2014-08-05,11.592825889587402,FIBRAPL14.MX
2014-08-06,11.559342384338379,FIBRAPL14.MX
2014-08-07,11.756044387817383,FIBRAPL14.MX
2014-08-08,11.990408897399902,FIBRAPL14.MX
2014-08-11,11.756044387817383,FIBRAPL14.MX
2014-08-12,11.672341346740723,FIBRAPL14.MX
2014-08-13,11.772784233093262,FIBRAPL14.MX
2014-08-14,11.718378067016602,FIBRAPL14.MX
2014-08-15,11.746551513671875,FIBRAPL14.MX
2014-08-18,11.82640552520752,FIBRAPL14.MX
2014-08-19,11.872636795043945,FIBRAPL14.MX
2014-08-20,12.023929595947266,FIBRAPL14.MX
2014-08-21,12.09117317199707,FIBRAPL14.MX
2014-08-22,11.977701187133789,FIBRAPL14.MX
2014-08-25,12.116390228271484,FIBRAPL14.MX
2014-08-26,12.107985496520996,FIBRAPL14.MX
2014-08-27,12.107985496520996,FIBRAPL14.MX
2014-08-28,12.145807266235352,FIBRAPL14.MX
2014-08-29,12.154214859008789,FIBRAPL14.MX
2014-09-01,12.271891593933105,FIBRAPL14.MX
2014-09-02,12.250880241394043,FIBRAPL14.MX
2014-09-03,12.192038536071777,FIBRAPL14.MX
2014-09-04,12.040741920471191,FIBRAPL14.MX
2014-09-05,12.12059211730957,FIBRAPL14.MX
2014-09-08,12.145807266235352,FIBRAPL14.MX
2014-09-09,12.078561782836914,FIBRAPL14.MX
2014-09-10,12.099580764770508,FIBRAPL14.MX
2014-09-11,12.09117317199707,FIBRAPL14.MX
2014-09-12,11.977701187133789,FIBRAPL14.MX
2014-09-15,11.96088981628418,FIBRAPL14.MX
2014-09-17,11.914665222167969,FIBRAPL14.MX
2014-09-18,12.158417701721191,FIBRAPL14.MX
2014-09-19,12.183632850646973,FIBRAPL14.MX
2014-09-22,12.086969375610352,FIBRAPL14.MX
2014-09-23,12.028129577636719,FIBRAPL14.MX
2014-09-24,12.12059211730957,FIBRAPL14.MX
2014-09-25,11.998714447021484,FIBRAPL14.MX
2014-09-26,11.994515419006348,FIBRAPL14.MX
2014-09-29,12.057552337646484,FIBRAPL14.MX
2014-09-30,11.868430137634277,FIBRAPL14.MX
2014-10-01,11.759159088134766,FIBRAPL14.MX
2014-10-02,11.754959106445312,FIBRAPL14.MX
2014-10-03,11.780168533325195,FIBRAPL14.MX
2014-10-06,11.889443397521973,FIBRAPL14.MX
2014-10-07,11.952481269836426,FIBRAPL14.MX
2014-10-08,11.872636795043945,FIBRAPL14.MX
2014-10-09,11.902047157287598,FIBRAPL14.MX
2014-10-10,11.767566680908203,FIBRAPL14.MX
2014-10-13,11.612066268920898,FIBRAPL14.MX
2014-10-14,11.712928771972656,FIBRAPL14.MX
2014-10-15,11.704524040222168,FIBRAPL14.MX
2014-10-16,11.616264343261719,FIBRAPL14.MX
2014-10-17,11.767566680908203,FIBRAPL14.MX
2014-10-20,11.767566680908203,FIBRAPL14.MX
2014-10-21,11.914665222167969,FIBRAPL14.MX
2014-10-22,11.830606460571289,FIBRAPL14.MX
2014-10-23,11.767566680908203,FIBRAPL14.MX
2014-10-24,11.754959106445312,FIBRAPL14.MX
2014-10-27,11.876834869384766,FIBRAPL14.MX
2014-10-28,11.805389404296875,FIBRAPL14.MX
2014-10-29,11.767566680908203,FIBRAPL14.MX
2014-10-30,11.683509826660156,FIBRAPL14.MX
2014-10-31,11.60366153717041,FIBRAPL14.MX
2014-11-03,11.801185607910156,FIBRAPL14.MX
2014-11-04,11.813798904418945,FIBRAPL14.MX
2014-11-05,11.839014053344727,FIBRAPL14.MX
2014-11-06,12.099580764770508,FIBRAPL14.MX
2014-11-07,12.5870943069458,FIBRAPL14.MX
2014-11-10,12.545063018798828,FIBRAPL14.MX
2014-11-11,12.507241249084473,FIBRAPL14.MX
2014-11-12,12.574480056762695,FIBRAPL14.MX
2014-11-13,12.505733489990234,FIBRAPL14.MX
2014-11-14,12.582012176513672,FIBRAPL14.MX
2014-11-18,12.63710880279541,FIBRAPL14.MX
2014-11-19,12.70067024230957,FIBRAPL14.MX
2014-11-20,12.69643783569336,FIBRAPL14.MX
2014-11-21,12.709146499633789,FIBRAPL14.MX
2014-11-24,12.687960624694824,FIBRAPL14.MX
2014-11-25,12.476069450378418,FIBRAPL14.MX
2014-11-26,12.450645446777344,FIBRAPL14.MX
2014-11-27,12.522684097290039,FIBRAPL14.MX
2014-11-28,12.501495361328125,FIBRAPL14.MX
2014-12-01,12.454882621765137,FIBRAPL14.MX
2014-12-02,12.183662414550781,FIBRAPL14.MX
2014-12-03,12.137044906616211,FIBRAPL14.MX
2014-12-04,12.149761199951172,FIBRAPL14.MX
2014-12-05,12.387073516845703,FIBRAPL14.MX
2014-12-08,12.4082670211792,FIBRAPL14.MX
2014-12-09,12.46335506439209,FIBRAPL14.MX
2014-12-10,12.196372985839844,FIBRAPL14.MX
2014-12-11,12.306554794311523,FIBRAPL14.MX
2014-12-15,12.009912490844727,FIBRAPL14.MX
2014-12-16,11.641226768493652,FIBRAPL14.MX
2014-12-17,11.848878860473633,FIBRAPL14.MX
2014-12-18,11.848878860473633,FIBRAPL14.MX
2014-12-19,11.882777214050293,FIBRAPL14.MX
2014-12-22,11.772594451904297,FIBRAPL14.MX
2014-12-23,11.446284294128418,FIBRAPL14.MX
2014-12-24,11.547989845275879,FIBRAPL14.MX
2014-12-26,11.58189582824707,FIBRAPL14.MX
2014-12-29,11.488664627075195,FIBRAPL14.MX
2014-12-30,11.526805877685547,FIBRAPL14.MX
2014-12-31,11.564945220947266,FIBRAPL14.MX
2015-01-02,11.399672508239746,FIBRAPL14.MX
2015-01-05,10.992841720581055,FIBRAPL14.MX
2015-01-06,11.02250862121582,FIBRAPL14.MX
2015-01-07,11.230159759521484,FIBRAPL14.MX
2015-01-08,11.336097717285156,FIBRAPL14.MX
2015-01-09,11.336097717285156,FIBRAPL14.MX
2015-01-12,11.331862449645996,FIBRAPL14.MX
2015-01-13,11.518327713012695,FIBRAPL14.MX
2015-01-14,11.501378059387207,FIBRAPL14.MX
2015-01-15,11.713262557983398,FIBRAPL14.MX
2015-01-16,11.747170448303223,FIBRAPL14.MX
2015-01-19,11.806493759155273,FIBRAPL14.MX
2015-01-20,12.014152526855469,FIBRAPL14.MX
2015-01-21,12.11162281036377,FIBRAPL14.MX
2015-01-22,12.255705833435059,FIBRAPL14.MX
2015-01-23,12.30232048034668,FIBRAPL14.MX
2015-01-26,12.433688163757324,FIBRAPL14.MX
2015-01-27,12.565061569213867,FIBRAPL14.MX
2015-01-28,12.3489351272583,FIBRAPL14.MX
2015-01-29,12.226036071777344,FIBRAPL14.MX
2015-01-30,12.370126724243164,FIBRAPL14.MX
2015-02-03,12.365891456604004,FIBRAPL14.MX
2015-02-04,12.56082534790039,FIBRAPL14.MX
2015-02-05,12.569302558898926,FIBRAPL14.MX
2015-02-06,12.382837295532227,FIBRAPL14.MX
2015-02-09,12.416744232177734,FIBRAPL14.MX
2015-02-10,12.293842315673828,FIBRAPL14.MX
2015-02-11,11.776829719543457,FIBRAPL14.MX
2015-02-12,12.268415451049805,FIBRAPL14.MX
2015-02-13,12.242992401123047,FIBRAPL14.MX
2015-02-16,12.268415451049805,FIBRAPL14.MX
2015-02-17,12.187899589538574,FIBRAPL14.MX
2015-02-18,12.060766220092773,FIBRAPL14.MX
2015-02-19,11.891252517700195,FIBRAPL14.MX
2015-02-20,12.048051834106445,FIBRAPL14.MX
2015-02-23,12.22179889678955,FIBRAPL14.MX
2015-02-24,12.242992401123047,FIBRAPL14.MX
2015-02-25,12.00113296508789,FIBRAPL14.MX
2015-02-26,12.261842727661133,FIBRAPL14.MX
2015-02-27,12.270390510559082,FIBRAPL14.MX
2015-03-02,12.253296852111816,FIBRAPL14.MX
2015-03-03,12.167817115783691,FIBRAPL14.MX
2015-03-04,11.924198150634766,FIBRAPL14.MX
2015-03-05,11.877187728881836,FIBRAPL14.MX
2015-03-06,11.620757102966309,FIBRAPL14.MX
2015-03-09,11.800260543823242,FIBRAPL14.MX
2015-03-10,11.667767524719238,FIBRAPL14.MX
2015-03-11,11.821629524230957,FIBRAPL14.MX
2015-03-12,11.915653228759766,FIBRAPL14.MX
2015-03-13,11.7105073928833,FIBRAPL14.MX
2015-03-17,11.847271919250488,FIBRAPL14.MX
2015-03-18,11.96694278717041,FIBRAPL14.MX
2015-03-19,11.958395004272461,FIBRAPL14.MX
2015-03-20,11.830175399780273,FIBRAPL14.MX
2015-03-23,11.804532051086426,FIBRAPL14.MX
2015-03-24,11.800260543823242,FIBRAPL14.MX
2015-03-25,11.701959609985352,FIBRAPL14.MX
2015-03-26,11.7105073928833,FIBRAPL14.MX
2015-03-27,11.894286155700684,FIBRAPL14.MX
2015-03-30,11.90283203125,FIBRAPL14.MX
2015-03-31,11.667767524719238,FIBRAPL14.MX
2015-04-01,11.894286155700684,FIBRAPL14.MX
2015-04-06,11.834449768066406,FIBRAPL14.MX
2015-04-07,11.791712760925293,FIBRAPL14.MX
2015-04-08,11.847271919250488,FIBRAPL14.MX
2015-04-09,11.714781761169434,FIBRAPL14.MX
2015-04-10,11.667767524719238,FIBRAPL14.MX
2015-04-13,11.723331451416016,FIBRAPL14.MX
2015-04-14,11.93275260925293,FIBRAPL14.MX
2015-04-15,12.009683609008789,FIBRAPL14.MX
2015-04-16,11.954122543334961,FIBRAPL14.MX
2015-04-17,12.060967445373535,FIBRAPL14.MX
2015-04-20,11.838728904724121,FIBRAPL14.MX
2015-04-21,11.817357063293457,FIBRAPL14.MX
2015-04-22,11.689140319824219,FIBRAPL14.MX
2015-04-23,11.719053268432617,FIBRAPL14.MX
2015-04-24,11.748974800109863,FIBRAPL14.MX
2015-04-27,11.719053268432617,FIBRAPL14.MX
2015-04-28,11.74470329284668,FIBRAPL14.MX
2015-04-29,11.74470329284668,FIBRAPL14.MX
2015-04-30,11.755834579467773,FIBRAPL14.MX
2015-05-04,11.678007125854492,FIBRAPL14.MX
2015-05-05,11.543976783752441,FIBRAPL14.MX
2015-05-06,11.509392738342285,FIBRAPL14.MX
2015-05-07,11.33211898803711,FIBRAPL14.MX
2015-05-08,11.466154098510742,FIBRAPL14.MX
2015-05-11,11.45750617980957,FIBRAPL14.MX
2015-05-12,11.435881614685059,FIBRAPL14.MX
2015-05-13,11.431563377380371,FIBRAPL14.MX
2015-05-14,11.427236557006836,FIBRAPL14.MX
2015-05-15,11.392651557922363,FIBRAPL14.MX
2015-05-18,11.366711616516113,FIBRAPL14.MX
2015-05-19,11.323472023010254,FIBRAPL14.MX
2015-05-20,11.24997329711914,FIBRAPL14.MX
2015-05-21,11.29321002960205,FIBRAPL14.MX
2015-05-22,11.306182861328125,FIBRAPL14.MX
2015-05-25,11.686656951904297,FIBRAPL14.MX
2015-05-26,11.907157897949219,FIBRAPL14.MX
2015-05-27,11.647744178771973,FIBRAPL14.MX
2015-05-28,11.53532886505127,FIBRAPL14.MX
2015-05-29,11.388326644897461,FIBRAPL14.MX
2015-06-01,11.280235290527344,FIBRAPL14.MX
2015-06-02,11.254298210144043,FIBRAPL14.MX
2015-06-03,11.323472023010254,FIBRAPL14.MX
2015-06-04,11.297532081604004,FIBRAPL14.MX
2015-06-05,11.62612247467041,FIBRAPL14.MX
2015-06-08,11.29321002960205,FIBRAPL14.MX
2015-06-09,11.254298210144043,FIBRAPL14.MX
2015-06-10,11.198086738586426,FIBRAPL14.MX
2015-06-11,11.288881301879883,FIBRAPL14.MX
2015-06-12,11.29321002960205,FIBRAPL14.MX
2015-06-15,11.262944221496582,FIBRAPL14.MX
2015-06-16,11.09864330291748,FIBRAPL14.MX
2015-06-17,10.98190975189209,FIBRAPL14.MX
2015-06-18,11.124588012695312,FIBRAPL14.MX
2015-06-19,11.453181266784668,FIBRAPL14.MX
2015-06-22,11.543976783752441,FIBRAPL14.MX
2015-06-23,11.505064010620117,FIBRAPL14.MX
2015-06-24,11.358062744140625,FIBRAPL14.MX
2015-06-25,11.245649337768555,FIBRAPL14.MX
2015-06-26,11.362388610839844,FIBRAPL14.MX
2015-06-29,11.414268493652344,FIBRAPL14.MX
2015-06-30,11.409945487976074,FIBRAPL14.MX
2015-07-01,11.258617401123047,FIBRAPL14.MX
2015-07-02,11.388326644897461,FIBRAPL14.MX
2015-07-03,11.444534301757812,FIBRAPL14.MX
2015-07-06,11.327799797058105,FIBRAPL14.MX
2015-07-07,11.45750617980957,FIBRAPL14.MX
2015-07-08,11.51803970336914,FIBRAPL14.MX
2015-07-09,11.526680946350098,FIBRAPL14.MX
2015-07-10,11.600186347961426,FIBRAPL14.MX
2015-07-13,11.613158226013184,FIBRAPL14.MX
2015-07-14,11.656390190124512,FIBRAPL14.MX
2015-07-15,11.604506492614746,FIBRAPL14.MX
2015-07-16,11.630451202392578,FIBRAPL14.MX
2015-07-17,11.665037155151367,FIBRAPL14.MX
2015-07-20,11.608832359313965,FIBRAPL14.MX
2015-07-21,11.665037155151367,FIBRAPL14.MX
2015-07-22,11.591537475585938,FIBRAPL14.MX
2015-07-23,11.639095306396484,FIBRAPL14.MX
2015-07-24,11.600186347961426,FIBRAPL14.MX
2015-07-27,11.578566551208496,FIBRAPL14.MX
2015-07-28,11.587212562561035,FIBRAPL14.MX
2015-07-29,11.608832359313965,FIBRAPL14.MX
2015-07-30,11.62612247467041,FIBRAPL14.MX
2015-07-31,11.751508712768555,FIBRAPL14.MX
2015-08-03,11.861303329467773,FIBRAPL14.MX
2015-08-04,11.861303329467773,FIBRAPL14.MX
2015-08-05,11.87887191772461,FIBRAPL14.MX
2015-08-06,11.791008949279785,FIBRAPL14.MX
2015-08-07,11.817371368408203,FIBRAPL14.MX
2015-08-10,12.10731315612793,FIBRAPL14.MX
2015-08-11,12.10731315612793,FIBRAPL14.MX
2015-08-12,12.098526000976562,FIBRAPL14.MX
2015-08-13,12.120495796203613,FIBRAPL14.MX
2015-08-14,12.120495796203613,FIBRAPL14.MX
2015-08-17,12.458752632141113,FIBRAPL14.MX
2015-08-18,12.47193717956543,FIBRAPL14.MX
2015-08-19,12.21274471282959,FIBRAPL14.MX
2015-08-20,12.19078254699707,FIBRAPL14.MX
2015-08-21,12.11170768737793,FIBRAPL14.MX
2015-08-24,11.799802780151367,FIBRAPL14.MX
2015-08-25,11.729510307312012,FIBRAPL14.MX
2015-08-26,12.054595947265625,FIBRAPL14.MX
2015-08-27,12.019451141357422,FIBRAPL14.MX
2015-08-28,11.848121643066406,FIBRAPL14.MX
2015-08-31,11.439560890197754,FIBRAPL14.MX
2015-09-01,11.421998023986816,FIBRAPL14.MX
2015-09-02,11.44395923614502,FIBRAPL14.MX
2015-09-03,11.624072074890137,FIBRAPL14.MX
2015-09-04,11.364883422851562,FIBRAPL14.MX
2015-09-07,11.59771728515625,FIBRAPL14.MX
2015-09-08,11.63286304473877,FIBRAPL14.MX
2015-09-09,11.729510307312012,FIBRAPL14.MX
2015-09-10,11.826155662536621,FIBRAPL14.MX
2015-09-11,11.957945823669434,FIBRAPL14.MX
2015-09-14,11.817371368408203,FIBRAPL14.MX
2015-09-15,11.7734375,FIBRAPL14.MX
2015-09-17,11.834943771362305,FIBRAPL14.MX
2015-09-18,11.698756217956543,FIBRAPL14.MX
2015-09-21,11.725117683410645,FIBRAPL14.MX
2015-09-22,11.74268627166748,FIBRAPL14.MX
2015-09-23,11.56257152557373,FIBRAPL14.MX
2015-09-24,11.694367408752441,FIBRAPL14.MX
2015-09-25,11.509856224060059,FIBRAPL14.MX
2015-09-28,11.356096267700195,FIBRAPL14.MX
2015-09-29,11.360491752624512,FIBRAPL14.MX
2015-09-30,11.391243934631348,FIBRAPL14.MX
2015-10-01,11.400026321411133,FIBRAPL14.MX
2015-10-02,11.417600631713867,FIBRAPL14.MX
2015-10-05,11.417600631713867,FIBRAPL14.MX
2015-10-06,11.378059387207031,FIBRAPL14.MX
2015-10-07,11.505460739135742,FIBRAPL14.MX
2015-10-08,11.571356773376465,FIBRAPL14.MX
2015-10-09,11.637252807617188,FIBRAPL14.MX
2015-10-12,11.619678497314453,FIBRAPL14.MX
2015-10-13,11.509856224060059,FIBRAPL14.MX
2015-10-14,11.545002937316895,FIBRAPL14.MX
2015-10-15,11.646039009094238,FIBRAPL14.MX
2015-10-16,11.843729972839355,FIBRAPL14.MX
2015-10-19,11.733903884887695,FIBRAPL14.MX
2015-10-20,11.81297492980957,FIBRAPL14.MX
2015-10-21,11.861303329467773,FIBRAPL14.MX
2015-10-22,12.037022590637207,FIBRAPL14.MX
2015-10-23,12.028238296508789,FIBRAPL14.MX
2015-10-26,12.058993339538574,FIBRAPL14.MX
2015-10-27,12.037022590637207,FIBRAPL14.MX
2015-10-28,11.979911804199219,FIBRAPL14.MX
2015-10-29,12.045808792114258,FIBRAPL14.MX
2015-10-30,12.072172164916992,FIBRAPL14.MX
2015-11-03,12.093440055847168,FIBRAPL14.MX
2015-11-04,12.151473045349121,FIBRAPL14.MX
2015-11-05,12.169333457946777,FIBRAPL14.MX
2015-11-06,11.99969482421875,FIBRAPL14.MX
2015-11-09,11.736308097839355,FIBRAPL14.MX
2015-11-10,11.754161834716797,FIBRAPL14.MX
2015-11-11,11.914876937866211,FIBRAPL14.MX
2015-11-12,11.959511756896973,FIBRAPL14.MX
2015-11-13,11.758626937866211,FIBRAPL14.MX
2015-11-17,12.053265571594238,FIBRAPL14.MX
2015-11-18,12.27200984954834,FIBRAPL14.MX
2015-11-19,12.571104049682617,FIBRAPL14.MX
2015-11-20,12.49521541595459,FIBRAPL14.MX
2015-11-23,12.450573921203613,FIBRAPL14.MX
2015-11-24,12.553250312805176,FIBRAPL14.MX
2015-11-25,12.535391807556152,FIBRAPL14.MX
2015-11-26,12.388076782226562,FIBRAPL14.MX
2015-11-27,12.517537117004395,FIBRAPL14.MX
2015-11-30,12.004154205322266,FIBRAPL14.MX
2015-12-01,12.334507942199707,FIBRAPL14.MX
2015-12-02,12.218436241149902,FIBRAPL14.MX
2015-12-03,12.276473999023438,FIBRAPL14.MX
2015-12-04,12.312188148498535,FIBRAPL14.MX
2015-12-07,12.133617401123047,FIBRAPL14.MX
2015-12-08,12.039872169494629,FIBRAPL14.MX
2015-12-09,12.20950984954834,FIBRAPL14.MX
2015-12-10,12.013087272644043,FIBRAPL14.MX
2015-12-11,11.709522247314453,FIBRAPL14.MX
2015-12-14,11.638093948364258,FIBRAPL14.MX
2015-12-15,11.745233535766602,FIBRAPL14.MX
2015-12-16,11.825590133666992,FIBRAPL14.MX
2015-12-17,11.85683822631836,FIBRAPL14.MX
2015-12-18,11.830057144165039,FIBRAPL14.MX
2015-12-21,11.821127891540527,FIBRAPL14.MX
2015-12-22,11.754161834716797,FIBRAPL14.MX
2015-12-23,11.691664695739746,FIBRAPL14.MX
2015-12-24,11.821127891540527,FIBRAPL14.MX
2015-12-28,11.941654205322266,FIBRAPL14.MX
2015-12-29,11.81666374206543,FIBRAPL14.MX
2015-12-30,11.825590133666992,FIBRAPL14.MX
2015-12-31,11.660416603088379,FIBRAPL14.MX
2016-01-04,11.72737979888916,FIBRAPL14.MX
2016-01-05,11.64702033996582,FIBRAPL14.MX
2016-01-06,11.6246976852417,FIBRAPL14.MX
2016-01-07,11.593453407287598,FIBRAPL14.MX
2016-01-08,11.606849670410156,FIBRAPL14.MX
2016-01-11,11.812195777893066,FIBRAPL14.MX
2016-01-12,11.888090133666992,FIBRAPL14.MX
2016-01-13,11.571131706237793,FIBRAPL14.MX
2016-01-14,11.611310958862305,FIBRAPL14.MX
2016-01-15,11.606849670410156,FIBRAPL14.MX
2016-01-18,11.6246976852417,FIBRAPL14.MX
2016-01-19,11.606849670410156,FIBRAPL14.MX
2016-01-20,11.486312866210938,FIBRAPL14.MX
2016-01-21,11.508635520935059,FIBRAPL14.MX
2016-01-22,11.423818588256836,FIBRAPL14.MX
2016-01-25,11.548813819885254,FIBRAPL14.MX
2016-01-26,11.562201499938965,FIBRAPL14.MX
2016-01-27,11.562201499938965,FIBRAPL14.MX
2016-01-28,11.562201499938965,FIBRAPL14.MX
2016-01-29,11.7139892578125,FIBRAPL14.MX
2016-02-02,11.60238265991211,FIBRAPL14.MX
2016-02-03,11.58452320098877,FIBRAPL14.MX
2016-02-04,11.580061912536621,FIBRAPL14.MX
2016-02-05,11.60238265991211,FIBRAPL14.MX
2016-02-08,11.553277015686035,FIBRAPL14.MX
2016-02-09,11.524106979370117,FIBRAPL14.MX
2016-02-10,11.737936973571777,FIBRAPL14.MX
2016-02-11,11.610548973083496,FIBRAPL14.MX
2016-02-12,11.724287986755371,FIBRAPL14.MX
2016-02-15,11.765235900878906,FIBRAPL14.MX
2016-02-16,11.929022789001465,FIBRAPL14.MX
2016-02-17,12.083703994750977,FIBRAPL14.MX
2016-02-18,12.0382080078125,FIBRAPL14.MX
2016-02-19,12.106451988220215,FIBRAPL14.MX
2016-02-22,12.083703994750977,FIBRAPL14.MX
2016-02-23,12.101907730102539,FIBRAPL14.MX
2016-02-24,12.147401809692383,FIBRAPL14.MX
2016-02-25,12.106451988220215,FIBRAPL14.MX
2016-02-26,12.070054054260254,FIBRAPL14.MX
2016-02-29,12.042760848999023,FIBRAPL14.MX
2016-03-01,12.001813888549805,FIBRAPL14.MX
2016-03-02,12.01091194152832,FIBRAPL14.MX
2016-03-03,12.006361961364746,FIBRAPL14.MX
2016-03-04,11.988163948059082,FIBRAPL14.MX
2016-03-07,11.965413093566895,FIBRAPL14.MX
2016-03-08,11.93812084197998,FIBRAPL14.MX
2016-03-09,11.95176887512207,FIBRAPL14.MX
2016-03-10,11.965413093566895,FIBRAPL14.MX
2016-03-11,12.047311782836914,FIBRAPL14.MX
2016-03-14,12.001813888549805,FIBRAPL14.MX
2016-03-15,12.006361961364746,FIBRAPL14.MX
2016-03-16,12.01546573638916,FIBRAPL14.MX
2016-03-17,12.174696922302246,FIBRAPL14.MX
2016-03-18,12.279336929321289,FIBRAPL14.MX
2016-03-22,12.415824890136719,FIBRAPL14.MX
2016-03-23,12.37488079071045,FIBRAPL14.MX
2016-03-28,12.393077850341797,FIBRAPL14.MX
2016-03-29,12.37488079071045,FIBRAPL14.MX
2016-03-30,12.525016784667969,FIBRAPL14.MX
2016-03-31,12.484066009521484,FIBRAPL14.MX
2016-04-01,12.470418930053711,FIBRAPL14.MX
2016-04-04,12.506818771362305,FIBRAPL14.MX
2016-04-05,12.406723022460938,FIBRAPL14.MX
2016-04-06,12.543213844299316,FIBRAPL14.MX
2016-04-07,12.525016784667969,FIBRAPL14.MX
2016-04-08,12.616008758544922,FIBRAPL14.MX
2016-04-11,12.64785099029541,FIBRAPL14.MX
2016-04-12,12.679703712463379,FIBRAPL14.MX
2016-04-13,12.734297752380371,FIBRAPL14.MX
2016-04-14,12.470418930053711,FIBRAPL14.MX
2016-04-15,12.543213844299316,FIBRAPL14.MX
2016-04-18,12.606912612915039,FIBRAPL14.MX
2016-04-19,12.529563903808594,FIBRAPL14.MX
2016-04-20,12.625106811523438,FIBRAPL14.MX
2016-04-21,12.525016784667969,FIBRAPL14.MX
2016-04-22,12.506818771362305,FIBRAPL14.MX
2016-04-25,12.452220916748047,FIBRAPL14.MX
2016-04-26,12.420374870300293,FIBRAPL14.MX
2016-04-27,12.288437843322754,FIBRAPL14.MX
2016-04-28,12.388526916503906,FIBRAPL14.MX
2016-04-29,12.329383850097656,FIBRAPL14.MX
2016-05-02,12.579609870910645,FIBRAPL14.MX
2016-05-03,12.547764778137207,FIBRAPL14.MX
2016-05-04,12.297536849975586,FIBRAPL14.MX
2016-05-05,12.688799858093262,FIBRAPL14.MX
2016-05-06,12.704483985900879,FIBRAPL14.MX
2016-05-09,12.769278526306152,FIBRAPL14.MX
2016-05-10,12.74150276184082,FIBRAPL14.MX
2016-05-11,12.727620124816895,FIBRAPL14.MX
2016-05-12,12.607282638549805,FIBRAPL14.MX
2016-05-13,12.704483985900879,FIBRAPL14.MX
2016-05-16,12.699850082397461,FIBRAPL14.MX
2016-05-17,12.658198356628418,FIBRAPL14.MX
2016-05-18,12.667452812194824,FIBRAPL14.MX
2016-05-19,12.70910930633545,FIBRAPL14.MX
2016-05-20,12.820183753967285,FIBRAPL14.MX
2016-05-23,12.875722885131836,FIBRAPL14.MX
2016-05-24,13.04697322845459,FIBRAPL14.MX
2016-05-25,13.232101440429688,FIBRAPL14.MX
2016-05-26,13.15804672241211,FIBRAPL14.MX
2016-05-27,13.14416217803955,FIBRAPL14.MX
2016-05-30,13.04697322845459,FIBRAPL14.MX
2016-05-31,12.861838340759277,FIBRAPL14.MX
2016-06-01,13.04697322845459,FIBRAPL14.MX
2016-06-02,13.107136726379395,FIBRAPL14.MX
2016-06-03,13.27375316619873,FIBRAPL14.MX
2016-06-06,13.324664115905762,FIBRAPL14.MX
2016-06-07,13.241353034973145,FIBRAPL14.MX
2016-06-08,13.199703216552734,FIBRAPL14.MX
2016-06-09,13.125649452209473,FIBRAPL14.MX
2016-06-10,13.162671089172363,FIBRAPL14.MX
2016-06-13,13.023832321166992,FIBRAPL14.MX
2016-06-14,13.023832321166992,FIBRAPL14.MX
2016-06-15,13.065485954284668,FIBRAPL14.MX
2016-06-16,13.139537811279297,FIBRAPL14.MX
2016-06-17,13.130279541015625,FIBRAPL14.MX
2016-06-20,13.227468490600586,FIBRAPL14.MX
2016-06-21,13.056225776672363,FIBRAPL14.MX
2016-06-22,13.14416217803955,FIBRAPL14.MX
2016-06-23,13.283007621765137,FIBRAPL14.MX
2016-06-24,13.236723899841309,FIBRAPL14.MX
2016-06-27,13.162671089172363,FIBRAPL14.MX
2016-06-28,13.306148529052734,FIBRAPL14.MX
2016-06-29,13.34317684173584,FIBRAPL14.MX
2016-06-30,13.699548721313477,FIBRAPL14.MX
2016-07-01,13.560704231262207,FIBRAPL14.MX
2016-07-04,13.565327644348145,FIBRAPL14.MX
2016-07-05,13.45888900756836,FIBRAPL14.MX
2016-07-06,13.463508605957031,FIBRAPL14.MX
2016-07-07,13.472768783569336,FIBRAPL14.MX
2016-07-08,13.662524223327637,FIBRAPL14.MX
2016-07-11,13.875419616699219,FIBRAPL14.MX
2016-07-12,13.898565292358398,FIBRAPL14.MX
2016-07-13,14.009637832641602,FIBRAPL14.MX
2016-07-14,13.935589790344238,FIBRAPL14.MX
2016-07-15,13.967986106872559,FIBRAPL14.MX
2016-07-18,13.875419616699219,FIBRAPL14.MX
2016-07-19,13.805994033813477,FIBRAPL14.MX
2016-07-20,13.847648620605469,FIBRAPL14.MX
2016-07-21,13.824511528015137,FIBRAPL14.MX
2016-07-22,13.838393211364746,FIBRAPL14.MX
2016-07-25,13.843025207519531,FIBRAPL14.MX
2016-07-26,13.759716987609863,FIBRAPL14.MX
2016-07-27,13.713432312011719,FIBRAPL14.MX
2016-07-28,13.787487030029297,FIBRAPL14.MX
2016-07-29,13.690292358398438,FIBRAPL14.MX
2016-08-01,13.690292358398438,FIBRAPL14.MX
2016-08-02,13.935932159423828,FIBRAPL14.MX
2016-08-03,13.804058074951172,FIBRAPL14.MX
2016-08-04,13.879414558410645,FIBRAPL14.MX
2016-08-05,13.705157279968262,FIBRAPL14.MX
2016-08-08,13.700446128845215,FIBRAPL14.MX
2016-08-09,13.709870338439941,FIBRAPL14.MX
2016-08-10,13.719286918640137,FIBRAPL14.MX
2016-08-11,13.964183807373047,FIBRAPL14.MX
2016-08-12,14.284442901611328,FIBRAPL14.MX
2016-08-15,14.472835540771484,FIBRAPL14.MX
2016-08-16,14.61883544921875,FIBRAPL14.MX
2016-08-17,14.53877067565918,FIBRAPL14.MX
2016-08-18,14.331542015075684,FIBRAPL14.MX
2016-08-19,14.449286460876465,FIBRAPL14.MX
2016-08-22,14.435158729553223,FIBRAPL14.MX
2016-08-23,14.65180492401123,FIBRAPL14.MX
2016-08-24,14.510513305664062,FIBRAPL14.MX
2016-08-25,14.727157592773438,FIBRAPL14.MX
2016-08-26,14.783671379089355,FIBRAPL14.MX
2016-08-29,14.807219505310059,FIBRAPL14.MX
2016-08-30,14.82135009765625,FIBRAPL14.MX
2016-08-31,14.826062202453613,FIBRAPL14.MX
2016-09-01,14.727157592773438,FIBRAPL14.MX
2016-09-02,14.877866744995117,FIBRAPL14.MX
2016-09-05,14.990898132324219,FIBRAPL14.MX
2016-09-06,14.840185165405273,FIBRAPL14.MX
2016-09-07,14.816640853881836,FIBRAPL14.MX
2016-09-08,14.788382530212402,FIBRAPL14.MX
2016-09-09,14.510513305664062,FIBRAPL14.MX
2016-09-12,14.449286460876465,FIBRAPL14.MX
2016-09-13,14.275026321411133,FIBRAPL14.MX
2016-09-14,14.124320030212402,FIBRAPL14.MX
2016-09-15,14.246770858764648,FIBRAPL14.MX
2016-09-19,14.275026321411133,FIBRAPL14.MX
2016-09-20,14.31270694732666,FIBRAPL14.MX
2016-09-21,14.750700950622559,FIBRAPL14.MX
2016-09-22,15.2263765335083,FIBRAPL14.MX
2016-09-23,15.066250801086426,FIBRAPL14.MX
2016-09-26,14.708322525024414,FIBRAPL14.MX
2016-09-27,14.764833450317383,FIBRAPL14.MX
2016-09-28,14.943801879882812,FIBRAPL14.MX
2016-09-29,14.65650749206543,FIBRAPL14.MX
2016-09-30,14.957935333251953,FIBRAPL14.MX
2016-10-03,15.146316528320312,FIBRAPL14.MX
2016-10-04,15.028576850891113,FIBRAPL14.MX
2016-10-05,15.221673965454102,FIBRAPL14.MX
2016-10-06,14.882576942443848,FIBRAPL14.MX
2016-10-07,14.863736152648926,FIBRAPL14.MX
2016-10-10,15.052119255065918,FIBRAPL14.MX
2016-10-11,15.198118209838867,FIBRAPL14.MX
2016-10-12,14.868449211120605,FIBRAPL14.MX
2016-10-13,15.052119255065918,FIBRAPL14.MX
2016-10-14,15.089801788330078,FIBRAPL14.MX
2016-10-17,15.320574760437012,FIBRAPL14.MX
2016-10-18,15.348837852478027,FIBRAPL14.MX
2016-10-19,15.475990295410156,FIBRAPL14.MX
2016-10-20,15.410064697265625,FIBRAPL14.MX
2016-10-21,15.692643165588379,FIBRAPL14.MX
2016-10-24,15.97050952911377,FIBRAPL14.MX
2016-10-25,15.574894905090332,FIBRAPL14.MX
2016-10-26,15.405346870422363,FIBRAPL14.MX
2016-10-27,15.424187660217285,FIBRAPL14.MX
2016-10-28,15.353543281555176,FIBRAPL14.MX
2016-10-31,15.205489158630371,FIBRAPL14.MX
2016-11-01,15.282044410705566,FIBRAPL14.MX
2016-11-03,14.870565414428711,FIBRAPL14.MX
2016-11-04,15.05716323852539,FIBRAPL14.MX
2016-11-07,15.774856567382812,FIBRAPL14.MX
2016-11-08,15.856193542480469,FIBRAPL14.MX
2016-11-09,15.39208698272705,FIBRAPL14.MX
2016-11-10,14.5739164352417,FIBRAPL14.MX
2016-11-11,14.085888862609863,FIBRAPL14.MX
2016-11-14,13.502166748046875,FIBRAPL14.MX
2016-11-15,14.339469909667969,FIBRAPL14.MX
2016-11-16,14.157660484313965,FIBRAPL14.MX
2016-11-17,14.023687362670898,FIBRAPL14.MX
2016-11-18,13.85622787475586,FIBRAPL14.MX
2016-11-22,13.908858299255371,FIBRAPL14.MX
2016-11-23,13.798811912536621,FIBRAPL14.MX
2016-11-24,14.19593620300293,FIBRAPL14.MX
2016-11-25,14.157660484313965,FIBRAPL14.MX
2016-11-28,14.047611236572266,FIBRAPL14.MX
2016-11-29,13.865797996520996,FIBRAPL14.MX
2016-11-30,14.435165405273438,FIBRAPL14.MX
2016-12-01,14.191147804260254,FIBRAPL14.MX
2016-12-02,14.234213829040527,FIBRAPL14.MX
2016-12-05,14.334688186645508,FIBRAPL14.MX
2016-12-06,14.35383415222168,FIBRAPL14.MX
2016-12-07,14.401671409606934,FIBRAPL14.MX
2016-12-08,14.406460762023926,FIBRAPL14.MX
2016-12-09,14.439949989318848,FIBRAPL14.MX
2016-12-13,14.530856132507324,FIBRAPL14.MX
2016-12-14,14.439949989318848,FIBRAPL14.MX
2016-12-15,14.392104148864746,FIBRAPL14.MX
2016-12-16,14.516502380371094,FIBRAPL14.MX
2016-12-19,14.286844253540039,FIBRAPL14.MX
2016-12-20,14.119380950927734,FIBRAPL14.MX
2016-12-21,13.994982719421387,FIBRAPL14.MX
2016-12-22,14.042826652526855,FIBRAPL14.MX
2016-12-23,13.990195274353027,FIBRAPL14.MX
2016-12-26,13.947137832641602,FIBRAPL14.MX
2016-12-27,14.01890754699707,FIBRAPL14.MX
2016-12-28,13.932781219482422,FIBRAPL14.MX
2016-12-29,14.296416282653809,FIBRAPL14.MX
2016-12-30,14.210289001464844,FIBRAPL14.MX
2017-01-02,14.210289001464844,FIBRAPL14.MX
2017-01-03,14.32512378692627,FIBRAPL14.MX
2017-01-04,14.219856262207031,FIBRAPL14.MX
2017-01-05,14.238997459411621,FIBRAPL14.MX
2017-01-06,14.081103324890137,FIBRAPL14.MX
2017-01-09,13.703119277954102,FIBRAPL14.MX
2017-01-10,13.65048885345459,FIBRAPL14.MX
2017-01-11,13.750962257385254,FIBRAPL14.MX
2017-01-12,13.55958366394043,FIBRAPL14.MX
2017-01-13,13.64091968536377,FIBRAPL14.MX
2017-01-16,13.727041244506836,FIBRAPL14.MX
2017-01-17,13.554794311523438,FIBRAPL14.MX
2017-01-18,13.602643966674805,FIBRAPL14.MX
2017-01-19,13.325135231018066,FIBRAPL14.MX
2017-01-20,13.358633041381836,FIBRAPL14.MX
2017-01-23,13.817953109741211,FIBRAPL14.MX
2017-01-24,13.985411643981934,FIBRAPL14.MX
2017-01-25,14.095457077026367,FIBRAPL14.MX
2017-01-26,14.167223930358887,FIBRAPL14.MX
2017-01-27,14.06674861907959,FIBRAPL14.MX
2017-01-30,13.8370943069458,FIBRAPL14.MX
2017-01-31,13.669628143310547,FIBRAPL14.MX
2017-02-01,13.746179580688477,FIBRAPL14.MX
2017-02-02,13.870587348937988,FIBRAPL14.MX
2017-02-03,13.899291038513184,FIBRAPL14.MX
2017-02-07,14.320337295532227,FIBRAPL14.MX
2017-02-08,14.276857376098633,FIBRAPL14.MX
2017-02-09,14.09638500213623,FIBRAPL14.MX
2017-02-10,14.120773315429688,FIBRAPL14.MX
2017-02-13,14.184187889099121,FIBRAPL14.MX
2017-02-14,14.18906021118164,FIBRAPL14.MX
2017-02-15,14.208572387695312,FIBRAPL14.MX
2017-02-16,14.115897178649902,FIBRAPL14.MX
2017-02-17,14.145167350769043,FIBRAPL14.MX
2017-02-20,14.179305076599121,FIBRAPL14.MX
2017-02-21,14.491473197937012,FIBRAPL14.MX
2017-02-22,14.5695161819458,FIBRAPL14.MX
2017-02-23,14.242714881896973,FIBRAPL14.MX
2017-02-24,14.467082977294922,FIBRAPL14.MX
2017-02-27,14.43781852722168,FIBRAPL14.MX
2017-02-28,14.457329750061035,FIBRAPL14.MX
2017-03-01,14.725603103637695,FIBRAPL14.MX
2017-03-02,14.506109237670898,FIBRAPL14.MX
2017-03-03,14.789008140563965,FIBRAPL14.MX
2017-03-06,14.706089973449707,FIBRAPL14.MX
2017-03-07,14.608535766601562,FIBRAPL14.MX
2017-03-08,14.789008140563965,FIBRAPL14.MX
2017-03-09,14.637803077697754,FIBRAPL14.MX
2017-03-10,14.828028678894043,FIBRAPL14.MX
2017-03-13,14.540252685546875,FIBRAPL14.MX
2017-03-14,14.68170166015625,FIBRAPL14.MX
2017-03-15,14.720724105834961,FIBRAPL14.MX
2017-03-16,14.784131050109863,FIBRAPL14.MX
2017-03-17,14.828028678894043,FIBRAPL14.MX
2017-03-21,14.667070388793945,FIBRAPL14.MX
2017-03-22,14.784131050109863,FIBRAPL14.MX
2017-03-23,14.954852104187012,FIBRAPL14.MX
2017-03-24,14.974360466003418,FIBRAPL14.MX
2017-03-27,14.9109525680542,FIBRAPL14.MX
2017-03-28,15.413350105285645,FIBRAPL14.MX
2017-03-29,15.418228149414062,FIBRAPL14.MX
2017-03-30,15.608457565307617,FIBRAPL14.MX
2017-03-31,15.662108421325684,FIBRAPL14.MX
2017-04-03,16.320594787597656,FIBRAPL14.MX
2017-04-04,16.340103149414062,FIBRAPL14.MX
2017-04-05,16.0084228515625,FIBRAPL14.MX
2017-04-06,16.05232048034668,FIBRAPL14.MX
2017-04-07,15.954767227172852,FIBRAPL14.MX
2017-04-10,15.764541625976562,FIBRAPL14.MX
2017-04-11,15.58406925201416,FIBRAPL14.MX
2017-04-12,15.754785537719727,FIBRAPL14.MX
2017-04-17,15.574311256408691,FIBRAPL14.MX
2017-04-18,15.618209838867188,FIBRAPL14.MX
2017-04-19,15.657231330871582,FIBRAPL14.MX
2017-04-20,15.730396270751953,FIBRAPL14.MX
2017-04-21,15.603575706481934,FIBRAPL14.MX
2017-04-24,15.891358375549316,FIBRAPL14.MX
2017-04-25,15.979156494140625,FIBRAPL14.MX
2017-04-26,15.720643997192383,FIBRAPL14.MX
2017-04-27,15.769411087036133,FIBRAPL14.MX
2017-04-28,15.593817710876465,FIBRAPL14.MX
2017-05-02,15.996210098266602,FIBRAPL14.MX
2017-05-03,15.475236892700195,FIBRAPL14.MX
2017-05-04,15.534781455993652,FIBRAPL14.MX
2017-05-05,15.6737060546875,FIBRAPL14.MX
2017-05-08,16.01109504699707,FIBRAPL14.MX
2017-05-09,15.892005920410156,FIBRAPL14.MX
2017-05-10,16.08551788330078,FIBRAPL14.MX
2017-05-11,15.951562881469727,FIBRAPL14.MX
2017-05-12,15.847360610961914,FIBRAPL14.MX
2017-05-15,15.92177677154541,FIBRAPL14.MX
2017-05-16,16.006126403808594,FIBRAPL14.MX
2017-05-17,15.678669929504395,FIBRAPL14.MX
2017-05-18,15.738208770751953,FIBRAPL14.MX
2017-05-19,15.60424518585205,FIBRAPL14.MX
2017-05-22,16.065673828125,FIBRAPL14.MX
2017-05-23,16.055744171142578,FIBRAPL14.MX
2017-05-24,16.39313316345215,FIBRAPL14.MX
2017-05-25,16.105363845825195,FIBRAPL14.MX
2017-05-26,16.090478897094727,FIBRAPL14.MX
2017-05-29,16.283979415893555,FIBRAPL14.MX
2017-05-30,15.996210098266602,FIBRAPL14.MX
2017-05-31,15.976362228393555,FIBRAPL14.MX
2017-06-01,15.807669639587402,FIBRAPL14.MX
2017-06-02,15.74316692352295,FIBRAPL14.MX
2017-06-05,16.1500186920166,FIBRAPL14.MX
2017-06-06,16.249252319335938,FIBRAPL14.MX
2017-06-07,16.29886817932129,FIBRAPL14.MX
2017-06-08,16.130170822143555,FIBRAPL14.MX
2017-06-09,16.179786682128906,FIBRAPL14.MX
2017-06-12,16.140090942382812,FIBRAPL14.MX
2017-06-13,16.70075798034668,FIBRAPL14.MX
2017-06-14,16.502294540405273,FIBRAPL14.MX
2017-06-15,16.799989700317383,FIBRAPL14.MX
2017-06-16,16.884334564208984,FIBRAPL14.MX
2017-06-19,16.78510093688965,FIBRAPL14.MX
2017-06-20,16.571758270263672,FIBRAPL14.MX
2017-06-21,16.79006004333496,FIBRAPL14.MX
2017-06-22,16.924034118652344,FIBRAPL14.MX
2017-06-23,16.90418243408203,FIBRAPL14.MX
2017-06-26,17.226682662963867,FIBRAPL14.MX
2017-06-27,17.216764450073242,FIBRAPL14.MX
2017-06-28,17.112565994262695,FIBRAPL14.MX
2017-06-29,17.00837516784668,FIBRAPL14.MX
2017-06-30,17.162185668945312,FIBRAPL14.MX
2017-07-03,17.43506622314453,FIBRAPL14.MX
2017-07-04,17.42514991760254,FIBRAPL14.MX
2017-07-05,17.072879791259766,FIBRAPL14.MX
2017-07-06,17.09272003173828,FIBRAPL14.MX
2017-07-07,16.97861099243164,FIBRAPL14.MX
2017-07-10,17.236610412597656,FIBRAPL14.MX
2017-07-11,17.003416061401367,FIBRAPL14.MX
2017-07-12,17.251493453979492,FIBRAPL14.MX
2017-07-13,17.306074142456055,FIBRAPL14.MX
2017-07-14,17.256458282470703,FIBRAPL14.MX
2017-07-17,17.529346466064453,FIBRAPL14.MX
2017-07-18,17.47476577758789,FIBRAPL14.MX
2017-07-19,17.405302047729492,FIBRAPL14.MX
2017-07-20,17.246532440185547,FIBRAPL14.MX
2017-07-21,17.191951751708984,FIBRAPL14.MX
2017-07-24,17.330875396728516,FIBRAPL14.MX
2017-07-25,17.623613357543945,FIBRAPL14.MX
2017-07-26,17.613693237304688,FIBRAPL14.MX
2017-07-27,17.39042091369629,FIBRAPL14.MX
2017-07-28,17.573997497558594,FIBRAPL14.MX
2017-07-31,17.47476577758789,FIBRAPL14.MX
2017-08-01,17.81148338317871,FIBRAPL14.MX
2017-08-02,17.902158737182617,FIBRAPL14.MX
2017-08-03,17.997861862182617,FIBRAPL14.MX
2017-08-04,18.09356689453125,FIBRAPL14.MX
2017-08-07,18.2547607421875,FIBRAPL14.MX
2017-08-08,18.05831527709961,FIBRAPL14.MX
2017-08-09,17.84674835205078,FIBRAPL14.MX
2017-08-10,17.73089027404785,FIBRAPL14.MX
2017-08-11,17.856822967529297,FIBRAPL14.MX
2017-08-14,17.937416076660156,FIBRAPL14.MX
2017-08-15,17.947490692138672,FIBRAPL14.MX
2017-08-16,18.088533401489258,FIBRAPL14.MX
2017-08-17,17.725852966308594,FIBRAPL14.MX
2017-08-18,17.73592758178711,FIBRAPL14.MX
2017-08-21,17.967641830444336,FIBRAPL14.MX
2017-08-22,17.77119255065918,FIBRAPL14.MX
2017-08-23,17.86689567565918,FIBRAPL14.MX
2017-08-24,17.87697410583496,FIBRAPL14.MX
2017-08-25,17.947490692138672,FIBRAPL14.MX
2017-08-28,17.82155990600586,FIBRAPL14.MX
2017-08-29,17.84674835205078,FIBRAPL14.MX
2017-08-30,17.861860275268555,FIBRAPL14.MX
2017-08-31,18.335355758666992,FIBRAPL14.MX
2017-09-01,18.15401840209961,FIBRAPL14.MX
2017-09-04,18.143938064575195,FIBRAPL14.MX
2017-09-05,18.164093017578125,FIBRAPL14.MX
2017-09-06,18.189281463623047,FIBRAPL14.MX
2017-09-07,18.345430374145508,FIBRAPL14.MX
2017-09-08,18.33031463623047,FIBRAPL14.MX
2017-09-11,19.121152877807617,FIBRAPL14.MX
2017-09-12,18.904552459716797,FIBRAPL14.MX
2017-09-13,18.48647117614746,FIBRAPL14.MX
2017-09-14,18.45624351501465,FIBRAPL14.MX
2017-09-15,18.839069366455078,FIBRAPL14.MX
2017-09-18,18.491506576538086,FIBRAPL14.MX
2017-09-19,17.796375274658203,FIBRAPL14.MX
2017-09-20,18.194313049316406,FIBRAPL14.MX
2017-09-21,18.743370056152344,FIBRAPL14.MX
2017-09-22,19.020410537719727,FIBRAPL14.MX
2017-09-25,18.647663116455078,FIBRAPL14.MX
2017-09-26,18.551956176757812,FIBRAPL14.MX
2017-09-27,18.642623901367188,FIBRAPL14.MX
2017-09-28,18.471359252929688,FIBRAPL14.MX
2017-09-29,18.224533081054688,FIBRAPL14.MX
2017-10-02,18.491506576538086,FIBRAPL14.MX
2017-10-03,18.426027297973633,FIBRAPL14.MX
2017-10-04,18.405874252319336,FIBRAPL14.MX
2017-10-05,18.42098617553711,FIBRAPL14.MX
2017-10-06,18.446176528930664,FIBRAPL14.MX
2017-10-09,18.360536575317383,FIBRAPL14.MX
2017-10-10,17.796375274658203,FIBRAPL14.MX
2017-10-11,18.09861183166504,FIBRAPL14.MX
2017-10-12,18.436098098754883,FIBRAPL14.MX
2017-10-13,18.6174373626709,FIBRAPL14.MX
2017-10-16,18.904552459716797,FIBRAPL14.MX
2017-10-17,19.000261306762695,FIBRAPL14.MX
2017-10-18,18.9599666595459,FIBRAPL14.MX
2017-10-19,18.899518966674805,FIBRAPL14.MX
2017-10-20,18.904552459716797,FIBRAPL14.MX
2017-10-23,18.06334686279297,FIBRAPL14.MX
2017-10-24,18.1792049407959,FIBRAPL14.MX
2017-10-25,17.861860275268555,FIBRAPL14.MX
2017-10-26,17.932376861572266,FIBRAPL14.MX
2017-10-27,18.088533401489258,FIBRAPL14.MX
2017-10-30,18.405874252319336,FIBRAPL14.MX
2017-10-31,18.899518966674805,FIBRAPL14.MX
2017-11-01,18.622472763061523,FIBRAPL14.MX
2017-11-03,18.436098098754883,FIBRAPL14.MX
2017-11-06,18.642623901367188,FIBRAPL14.MX
2017-11-07,18.471359252929688,FIBRAPL14.MX
2017-11-08,18.309192657470703,FIBRAPL14.MX
2017-11-09,18.600872039794922,FIBRAPL14.MX
2017-11-10,18.544584274291992,FIBRAPL14.MX
2017-11-13,18.360363006591797,FIBRAPL14.MX
2017-11-14,17.986814498901367,FIBRAPL14.MX
2017-11-15,17.792356491088867,FIBRAPL14.MX
2017-11-16,18.406421661376953,FIBRAPL14.MX
2017-11-17,18.67251205444336,FIBRAPL14.MX
2017-11-21,18.733917236328125,FIBRAPL14.MX
2017-11-22,18.38595199584961,FIBRAPL14.MX
2017-11-23,18.437122344970703,FIBRAPL14.MX
2017-11-24,18.411535263061523,FIBRAPL14.MX
2017-11-27,18.6878662109375,FIBRAPL14.MX
2017-11-28,18.6878662109375,FIBRAPL14.MX
2017-11-29,18.406421661376953,FIBRAPL14.MX
2017-11-30,18.237550735473633,FIBRAPL14.MX
2017-12-01,18.401296615600586,FIBRAPL14.MX
2017-12-04,17.971460342407227,FIBRAPL14.MX
2017-12-05,18.07891845703125,FIBRAPL14.MX
2017-12-06,17.956111907958984,FIBRAPL14.MX
2017-12-07,17.546733856201172,FIBRAPL14.MX
2017-12-08,17.971460342407227,FIBRAPL14.MX
2017-12-11,18.109622955322266,FIBRAPL14.MX
2017-12-13,17.99192237854004,FIBRAPL14.MX
2017-12-14,17.971460342407227,FIBRAPL14.MX
2017-12-15,17.848648071289062,FIBRAPL14.MX
2017-12-18,17.889589309692383,FIBRAPL14.MX
2017-12-19,17.91516876220703,FIBRAPL14.MX
2017-12-20,17.92540168762207,FIBRAPL14.MX
2017-12-21,17.812824249267578,FIBRAPL14.MX
2017-12-22,17.342042922973633,FIBRAPL14.MX
2017-12-26,17.388105392456055,FIBRAPL14.MX
2017-12-27,17.306228637695312,FIBRAPL14.MX
2017-12-28,17.495561599731445,FIBRAPL14.MX
2017-12-29,17.403457641601562,FIBRAPL14.MX
2018-01-02,17.71559715270996,FIBRAPL14.MX
2018-01-03,17.57232093811035,FIBRAPL14.MX
2018-01-04,17.362518310546875,FIBRAPL14.MX
2018-01-05,18.38595199584961,FIBRAPL14.MX
2018-01-08,18.483177185058594,FIBRAPL14.MX
2018-01-09,18.345014572143555,FIBRAPL14.MX
2018-01-10,18.478055953979492,FIBRAPL14.MX
2018-01-11,18.196611404418945,FIBRAPL14.MX
2018-01-12,17.8537654876709,FIBRAPL14.MX
2018-01-15,17.8537654876709,FIBRAPL14.MX
2018-01-16,17.79747200012207,FIBRAPL14.MX
2018-01-17,17.78723907470703,FIBRAPL14.MX
2018-01-18,17.393218994140625,FIBRAPL14.MX
2018-01-19,17.0247859954834,FIBRAPL14.MX
2018-01-22,17.101543426513672,FIBRAPL14.MX
2018-01-23,16.96337890625,FIBRAPL14.MX
2018-01-24,17.265291213989258,FIBRAPL14.MX
2018-01-25,17.239702224731445,FIBRAPL14.MX
2018-01-26,17.587671279907227,FIBRAPL14.MX
2018-01-29,17.25506019592285,FIBRAPL14.MX
2018-01-30,17.377864837646484,FIBRAPL14.MX
2018-01-31,17.306228637695312,FIBRAPL14.MX
2018-02-01,17.79747200012207,FIBRAPL14.MX
2018-02-02,17.618375778198242,FIBRAPL14.MX
2018-02-06,17.649076461791992,FIBRAPL14.MX
2018-02-07,17.761655807495117,FIBRAPL14.MX
2018-02-08,17.761655807495117,FIBRAPL14.MX
2018-02-09,18.68274688720703,FIBRAPL14.MX
2018-02-12,18.232437133789062,FIBRAPL14.MX
2018-02-13,18.692977905273438,FIBRAPL14.MX
2018-02-14,18.206846237182617,FIBRAPL14.MX
2018-02-15,18.6878662109375,FIBRAPL14.MX
2018-02-16,18.534351348876953,FIBRAPL14.MX
2018-02-19,18.67763328552246,FIBRAPL14.MX
2018-02-20,18.585521697998047,FIBRAPL14.MX
2018-02-21,18.447357177734375,FIBRAPL14.MX
2018-02-22,18.273372650146484,FIBRAPL14.MX
2018-02-23,18.309192657470703,FIBRAPL14.MX
2018-02-26,18.05844497680664,FIBRAPL14.MX
2018-02-27,17.986814498901367,FIBRAPL14.MX
2018-02-28,18.09939193725586,FIBRAPL14.MX
2018-03-01,18.140329360961914,FIBRAPL14.MX
2018-03-02,17.904935836791992,FIBRAPL14.MX
2018-03-05,17.82817840576172,FIBRAPL14.MX
2018-03-06,17.82817840576172,FIBRAPL14.MX
2018-03-07,17.848648071289062,FIBRAPL14.MX
2018-03-08,17.997045516967773,FIBRAPL14.MX
2018-03-09,18.140329360961914,FIBRAPL14.MX
2018-03-12,18.01750946044922,FIBRAPL14.MX
2018-03-13,17.741182327270508,FIBRAPL14.MX
2018-03-14,17.919870376586914,FIBRAPL14.MX
2018-03-15,18.04987335205078,FIBRAPL14.MX
2018-03-16,17.862661361694336,FIBRAPL14.MX
2018-03-20,18.04467010498047,FIBRAPL14.MX
2018-03-21,18.83510398864746,FIBRAPL14.MX
2018-03-22,18.684297561645508,FIBRAPL14.MX
2018-03-23,17.987468719482422,FIBRAPL14.MX
2018-03-26,18.294281005859375,FIBRAPL14.MX
2018-03-27,18.12267303466797,FIBRAPL14.MX
2018-03-28,18.07587242126465,FIBRAPL14.MX
2018-04-02,18.09147834777832,FIBRAPL14.MX
2018-04-03,18.512678146362305,FIBRAPL14.MX
2018-04-04,18.679094314575195,FIBRAPL14.MX
2018-04-05,18.918298721313477,FIBRAPL14.MX
2018-04-06,18.809099197387695,FIBRAPL14.MX
2018-04-09,19.219913482666016,FIBRAPL14.MX
2018-04-10,18.575092315673828,FIBRAPL14.MX
2018-04-11,18.315080642700195,FIBRAPL14.MX
2018-04-12,18.294281005859375,FIBRAPL14.MX
2018-04-13,18.27347755432129,FIBRAPL14.MX
2018-04-16,18.252681732177734,FIBRAPL14.MX
2018-04-17,18.58549690246582,FIBRAPL14.MX
2018-04-18,18.237079620361328,FIBRAPL14.MX
2018-04-19,18.257877349853516,FIBRAPL14.MX
2018-04-20,18.5906925201416,FIBRAPL14.MX
2018-04-23,18.95990753173828,FIBRAPL14.MX
2018-04-24,18.460683822631836,FIBRAPL14.MX
2018-04-25,18.237079620361328,FIBRAPL14.MX
2018-04-26,18.361881256103516,FIBRAPL14.MX
2018-04-27,18.50925064086914,FIBRAPL14.MX
2018-04-30,18.35601806640625,FIBRAPL14.MX
2018-05-02,19.07990074157715,FIBRAPL14.MX
2018-05-03,19.08518409729004,FIBRAPL14.MX
2018-05-04,18.778722763061523,FIBRAPL14.MX
2018-05-07,18.86855125427246,FIBRAPL14.MX
2018-05-08,18.79986000061035,FIBRAPL14.MX
2018-05-09,18.736448287963867,FIBRAPL14.MX
2018-05-10,19.1433048248291,FIBRAPL14.MX
2018-05-11,19.608287811279297,FIBRAPL14.MX
2018-05-14,18.95309066772461,FIBRAPL14.MX
2018-05-15,18.429988861083984,FIBRAPL14.MX
2018-05-16,18.292612075805664,FIBRAPL14.MX
2018-05-17,18.19750213623047,FIBRAPL14.MX
2018-05-18,18.08125877380371,FIBRAPL14.MX
2018-05-21,17.674402236938477,FIBRAPL14.MX
2018-05-22,18.07069206237793,FIBRAPL14.MX
2018-05-23,18.715320587158203,FIBRAPL14.MX
2018-05-24,18.572656631469727,FIBRAPL14.MX
2018-05-25,19.15915870666504,FIBRAPL14.MX
2018-05-28,18.82628059387207,FIBRAPL14.MX
2018-05-29,18.28204345703125,FIBRAPL14.MX
2018-05-30,18.572656631469727,FIBRAPL14.MX
2018-05-31,18.403573989868164,FIBRAPL14.MX
2018-06-01,18.984792709350586,FIBRAPL14.MX
2018-06-04,19.17500877380371,FIBRAPL14.MX
2018-06-05,18.96365737915039,FIBRAPL14.MX
2018-06-06,18.820995330810547,FIBRAPL14.MX
2018-06-07,18.255630493164062,FIBRAPL14.MX
2018-06-08,18.171079635620117,FIBRAPL14.MX
2018-06-11,18.123525619506836,FIBRAPL14.MX
2018-06-12,18.35073471069336,FIBRAPL14.MX
2018-06-13,18.503965377807617,FIBRAPL14.MX
2018-06-14,18.440561294555664,FIBRAPL14.MX
2018-06-15,18.7734375,FIBRAPL14.MX
2018-06-18,18.503965377807617,FIBRAPL14.MX
2018-06-19,18.250337600708008,FIBRAPL14.MX
2018-06-20,18.831562042236328,FIBRAPL14.MX
2018-06-21,19.354660034179688,FIBRAPL14.MX
2018-06-22,19.0323486328125,FIBRAPL14.MX
2018-06-25,19.275405883789062,FIBRAPL14.MX
2018-06-26,19.13802719116211,FIBRAPL14.MX
2018-06-27,19.127458572387695,FIBRAPL14.MX
2018-06-28,19.44977378845215,FIBRAPL14.MX
2018-06-29,19.354660034179688,FIBRAPL14.MX
2018-07-02,19.280683517456055,FIBRAPL14.MX
2018-07-03,19.470901489257812,FIBRAPL14.MX
2018-07-04,19.761518478393555,FIBRAPL14.MX
2018-07-05,20.32688331604004,FIBRAPL14.MX
2018-07-06,20.237060546875,FIBRAPL14.MX
2018-07-09,19.867197036743164,FIBRAPL14.MX
2018-07-10,19.550161361694336,FIBRAPL14.MX
2018-07-11,19.296541213989258,FIBRAPL14.MX
2018-07-12,19.196144104003906,FIBRAPL14.MX
2018-07-13,19.211999893188477,FIBRAPL14.MX
2018-07-16,19.359943389892578,FIBRAPL14.MX
2018-07-17,19.750947952270508,FIBRAPL14.MX
2018-07-18,19.692829132080078,FIBRAPL14.MX
2018-07-19,19.51845359802246,FIBRAPL14.MX
2018-07-20,19.867197036743164,FIBRAPL14.MX
2018-07-23,20.030988693237305,FIBRAPL14.MX
2018-07-24,19.793222427368164,FIBRAPL14.MX
2018-07-25,19.420398712158203,FIBRAPL14.MX
2018-07-26,19.42577362060547,FIBRAPL14.MX
2018-07-27,19.640483856201172,FIBRAPL14.MX
2018-07-30,19.876657485961914,FIBRAPL14.MX
2018-07-31,19.876657485961914,FIBRAPL14.MX
2018-08-01,19.683422088623047,FIBRAPL14.MX
2018-08-02,19.4096622467041,FIBRAPL14.MX
2018-08-03,19.747833251953125,FIBRAPL14.MX
2018-08-06,19.404296875,FIBRAPL14.MX
2018-08-07,19.661949157714844,FIBRAPL14.MX
2018-08-08,19.415037155151367,FIBRAPL14.MX
2018-08-09,19.30768394470215,FIBRAPL14.MX
2018-08-10,18.636720657348633,FIBRAPL14.MX
2018-08-13,19.119808197021484,FIBRAPL14.MX
2018-08-14,19.849822998046875,FIBRAPL14.MX
2018-08-15,19.570697784423828,FIBRAPL14.MX
2018-08-16,19.34524917602539,FIBRAPL14.MX
2018-08-17,19.822978973388672,FIBRAPL14.MX
2018-08-20,19.83371353149414,FIBRAPL14.MX
2018-08-21,19.9786434173584,FIBRAPL14.MX
2018-08-22,20.204084396362305,FIBRAPL14.MX
2018-08-23,20.18798065185547,FIBRAPL14.MX
2018-08-24,20.42416763305664,FIBRAPL14.MX
2018-08-27,20.263132095336914,FIBRAPL14.MX
2018-08-28,20.204084396362305,FIBRAPL14.MX
2018-08-29,20.413429260253906,FIBRAPL14.MX
2018-08-30,20.182621002197266,FIBRAPL14.MX
2018-08-31,20.204084396362305,FIBRAPL14.MX
2018-09-03,20.150409698486328,FIBRAPL14.MX
2018-09-04,20.284605026245117,FIBRAPL14.MX
2018-09-05,20.043054580688477,FIBRAPL14.MX
2018-09-06,20.02158546447754,FIBRAPL14.MX
2018-09-07,20.16651153564453,FIBRAPL14.MX
2018-09-10,19.90886116027832,FIBRAPL14.MX
2018-09-11,19.90886116027832,FIBRAPL14.MX
2018-09-12,20.230924606323242,FIBRAPL14.MX
2018-09-13,20.13430404663086,FIBRAPL14.MX
2018-09-14,20.112836837768555,FIBRAPL14.MX
2018-09-17,20.07526397705078,FIBRAPL14.MX
2018-09-18,20.08599853515625,FIBRAPL14.MX
2018-09-19,20.198720932006836,FIBRAPL14.MX
2018-09-20,20.27923583984375,FIBRAPL14.MX
2018-09-21,20.558359146118164,FIBRAPL14.MX
2018-09-24,20.13967514038086,FIBRAPL14.MX
2018-09-25,20.112836837768555,FIBRAPL14.MX
2018-09-26,20.096736907958984,FIBRAPL14.MX
2018-09-27,20.3865909576416,FIBRAPL14.MX
2018-09-28,20.289968490600586,FIBRAPL14.MX
2018-10-01,20.440261840820312,FIBRAPL14.MX
2018-10-02,20.928733825683594,FIBRAPL14.MX
2018-10-03,20.31144142150879,FIBRAPL14.MX
2018-10-04,20.477842330932617,FIBRAPL14.MX
2018-10-05,20.53688621520996,FIBRAPL14.MX
2018-10-08,20.456375122070312,FIBRAPL14.MX
2018-10-09,20.42953109741211,FIBRAPL14.MX
2018-10-10,20.150409698486328,FIBRAPL14.MX
2018-10-11,20.47247314453125,FIBRAPL14.MX
2018-10-12,19.962541580200195,FIBRAPL14.MX
2018-10-15,19.87129020690918,FIBRAPL14.MX
2018-10-16,20.155780792236328,FIBRAPL14.MX
2018-10-17,19.747833251953125,FIBRAPL14.MX
2018-10-18,19.431137084960938,FIBRAPL14.MX
2018-10-19,19.098339080810547,FIBRAPL14.MX
2018-10-22,19.205690383911133,FIBRAPL14.MX
2018-10-23,19.415037155151367,FIBRAPL14.MX
2018-10-24,19.649120330810547,FIBRAPL14.MX
2018-10-25,19.769163131713867,FIBRAPL14.MX
2018-10-26,19.921945571899414,FIBRAPL14.MX
2018-10-29,19.627296447753906,FIBRAPL14.MX
2018-10-30,19.376291275024414,FIBRAPL14.MX
2018-10-31,19.539989471435547,FIBRAPL14.MX
2018-11-01,20.45124053955078,FIBRAPL14.MX
2018-11-05,20.107471466064453,FIBRAPL14.MX
2018-11-06,19.916494369506836,FIBRAPL14.MX
2018-11-07,19.834640502929688,FIBRAPL14.MX
2018-11-08,19.780075073242188,FIBRAPL14.MX
2018-11-09,19.916494369506836,FIBRAPL14.MX
2018-11-12,20.080188751220703,FIBRAPL14.MX
2018-11-13,19.57818031311035,FIBRAPL14.MX
2018-11-14,19.479965209960938,FIBRAPL14.MX
2018-11-15,19.354467391967773,FIBRAPL14.MX
2018-11-16,19.338096618652344,FIBRAPL14.MX
2018-11-20,19.14711570739746,FIBRAPL14.MX
2018-11-21,18.606918334960938,FIBRAPL14.MX
2018-11-22,18.879741668701172,FIBRAPL14.MX
2018-11-23,18.154020309448242,FIBRAPL14.MX
2018-11-26,17.701122283935547,FIBRAPL14.MX
2018-11-27,18.09400177001953,FIBRAPL14.MX
2018-11-28,19.430856704711914,FIBRAPL14.MX
2018-11-29,18.6942195892334,FIBRAPL14.MX
2018-11-30,18.09400177001953,FIBRAPL14.MX
2018-12-03,18.61783218383789,FIBRAPL14.MX
2018-12-04,17.87027931213379,FIBRAPL14.MX
2018-12-05,18.006689071655273,FIBRAPL14.MX
2018-12-06,17.63564109802246,FIBRAPL14.MX
2018-12-07,17.744775772094727,FIBRAPL14.MX
2018-12-10,17.231857299804688,FIBRAPL14.MX
2018-12-11,17.019052505493164,FIBRAPL14.MX
2018-12-13,16.904462814331055,FIBRAPL14.MX
2018-12-14,17.28096580505371,FIBRAPL14.MX
2018-12-17,16.8935489654541,FIBRAPL14.MX
2018-12-18,17.199113845825195,FIBRAPL14.MX
2018-12-19,17.199113845825195,FIBRAPL14.MX
2018-12-20,16.975400924682617,FIBRAPL14.MX
2018-12-21,16.244216918945312,FIBRAPL14.MX
2018-12-24,16.511592864990234,FIBRAPL14.MX
2018-12-26,16.511592864990234,FIBRAPL14.MX
2018-12-27,16.200565338134766,FIBRAPL14.MX
2018-12-28,16.260587692260742,FIBRAPL14.MX
2018-12-31,16.533414840698242,FIBRAPL14.MX
2019-01-02,17.564708709716797,FIBRAPL14.MX
2019-01-03,17.466487884521484,FIBRAPL14.MX
2019-01-04,17.89210319519043,FIBRAPL14.MX
2019-01-07,17.57561683654785,FIBRAPL14.MX
2019-01-08,18.001232147216797,FIBRAPL14.MX
2019-01-09,18.279510498046875,FIBRAPL14.MX
2019-01-10,18.743328094482422,FIBRAPL14.MX
2019-01-11,18.519609451293945,FIBRAPL14.MX
2019-01-14,18.197662353515625,FIBRAPL14.MX
2019-01-15,18.32862663269043,FIBRAPL14.MX
2019-01-16,18.361370086669922,FIBRAPL14.MX
2019-01-17,18.241323471069336,FIBRAPL14.MX
2019-01-18,18.579633712768555,FIBRAPL14.MX
2019-01-21,18.71059226989746,FIBRAPL14.MX
2019-01-22,18.126731872558594,FIBRAPL14.MX
2019-01-23,18.11582374572754,FIBRAPL14.MX
2019-01-24,18.410480499267578,FIBRAPL14.MX
2019-01-25,18.39411163330078,FIBRAPL14.MX
2019-01-28,18.203128814697266,FIBRAPL14.MX
2019-01-29,18.208580017089844,FIBRAPL14.MX
2019-01-30,18.07762908935547,FIBRAPL14.MX
2019-01-31,18.143108367919922,FIBRAPL14.MX
2019-02-01,18.410480499267578,FIBRAPL14.MX
2019-02-05,19.452682495117188,FIBRAPL14.MX
2019-02-06,19.425397872924805,FIBRAPL14.MX
2019-02-07,19.485424041748047,FIBRAPL14.MX
2019-02-08,19.24533462524414,FIBRAPL14.MX
2019-02-11,19.125286102294922,FIBRAPL14.MX
2019-02-12,19.17439842224121,FIBRAPL14.MX
2019-02-13,18.683305740356445,FIBRAPL14.MX
2019-02-14,18.726959228515625,FIBRAPL14.MX
2019-02-15,18.672391891479492,FIBRAPL14.MX
2019-02-18,18.535974502563477,FIBRAPL14.MX
2019-02-19,18.961589813232422,FIBRAPL14.MX
2019-02-20,18.601457595825195,FIBRAPL14.MX
2019-02-21,18.51415252685547,FIBRAPL14.MX
2019-02-22,18.765151977539062,FIBRAPL14.MX
2019-02-25,19.11983299255371,FIBRAPL14.MX
2019-02-26,19.11983299255371,FIBRAPL14.MX
2019-02-27,19.098005294799805,FIBRAPL14.MX
2019-02-28,19.31081199645996,FIBRAPL14.MX
2019-03-01,19.185312271118164,FIBRAPL14.MX
2019-03-04,19.425397872924805,FIBRAPL14.MX
2019-03-05,19.47451400756836,FIBRAPL14.MX
2019-03-06,19.47451400756836,FIBRAPL14.MX
2019-03-07,19.60546875,FIBRAPL14.MX
2019-03-08,19.649120330810547,FIBRAPL14.MX
2019-03-11,19.653898239135742,FIBRAPL14.MX
2019-03-12,20.047197341918945,FIBRAPL14.MX
2019-03-13,19.981647491455078,FIBRAPL14.MX
2019-03-14,20.200145721435547,FIBRAPL14.MX
2019-03-15,20.7573184967041,FIBRAPL14.MX
2019-03-19,20.271156311035156,FIBRAPL14.MX
2019-03-20,20.63034439086914,FIBRAPL14.MX
2019-03-21,21.035186767578125,FIBRAPL14.MX
2019-03-22,20.680252075195312,FIBRAPL14.MX
2019-03-25,20.907634735107422,FIBRAPL14.MX
2019-03-26,20.93535804748535,FIBRAPL14.MX
2019-03-27,20.54161262512207,FIBRAPL14.MX
2019-03-28,20.757898330688477,FIBRAPL14.MX
2019-03-29,20.741260528564453,FIBRAPL14.MX
2019-04-01,21.440031051635742,FIBRAPL14.MX
2019-04-02,21.351295471191406,FIBRAPL14.MX
2019-04-03,21.10727882385254,FIBRAPL14.MX
2019-04-04,21.37348175048828,FIBRAPL14.MX
2019-04-05,21.58976173400879,FIBRAPL14.MX
2019-04-08,21.600852966308594,FIBRAPL14.MX
2019-04-09,21.36238670349121,FIBRAPL14.MX
2019-04-10,21.207107543945312,FIBRAPL14.MX
2019-04-11,20.66361427307129,FIBRAPL14.MX
2019-04-12,20.158950805664062,FIBRAPL14.MX
2019-04-15,20.896543502807617,FIBRAPL14.MX
2019-04-16,21.123918533325195,FIBRAPL14.MX
2019-04-17,20.552703857421875,FIBRAPL14.MX
2019-04-22,20.652523040771484,FIBRAPL14.MX
2019-04-23,20.85218048095703,FIBRAPL14.MX
2019-04-24,21.17383575439453,FIBRAPL14.MX
2019-04-25,21.2126522064209,FIBRAPL14.MX
2019-04-26,21.570505142211914,FIBRAPL14.MX
2019-04-29,21.67751121520996,FIBRAPL14.MX
2019-04-30,22.832059860229492,FIBRAPL14.MX
2019-05-02,22.9447078704834,FIBRAPL14.MX
2019-05-03,23.113664627075195,FIBRAPL14.MX
2019-05-06,23.344575881958008,FIBRAPL14.MX
2019-05-07,22.561729431152344,FIBRAPL14.MX
2019-05-08,22.347713470458984,FIBRAPL14.MX
2019-05-09,22.235078811645508,FIBRAPL14.MX
2019-05-10,21.98163414001465,FIBRAPL14.MX
2019-05-13,21.964744567871094,FIBRAPL14.MX
2019-05-14,22.556095123291016,FIBRAPL14.MX
2019-05-15,21.908418655395508,FIBRAPL14.MX
2019-05-16,21.970375061035156,FIBRAPL14.MX
2019-05-17,21.95347785949707,FIBRAPL14.MX
2019-05-20,21.784513473510742,FIBRAPL14.MX
2019-05-21,21.58739471435547,FIBRAPL14.MX
2019-05-22,21.52544593811035,FIBRAPL14.MX
2019-05-23,21.424068450927734,FIBRAPL14.MX
2019-05-24,21.108678817749023,FIBRAPL14.MX
2019-05-27,21.255115509033203,FIBRAPL14.MX
2019-05-28,22.01542854309082,FIBRAPL14.MX
2019-05-29,21.66623878479004,FIBRAPL14.MX
2019-05-30,22.505413055419922,FIBRAPL14.MX
2019-05-31,21.598665237426758,FIBRAPL14.MX
2019-06-03,22.178756713867188,FIBRAPL14.MX
2019-06-04,21.457862854003906,FIBRAPL14.MX
2019-06-05,21.604291915893555,FIBRAPL14.MX
2019-06-06,21.68313980102539,FIBRAPL14.MX
2019-06-07,21.68877410888672,FIBRAPL14.MX
2019-06-10,22.19001579284668,FIBRAPL14.MX
2019-06-11,21.98163414001465,FIBRAPL14.MX
2019-06-12,22.09990692138672,FIBRAPL14.MX
2019-06-13,22.0435848236084,FIBRAPL14.MX
2019-06-14,21.98163414001465,FIBRAPL14.MX
2019-06-17,21.85209846496582,FIBRAPL14.MX
2019-06-18,21.970375061035156,FIBRAPL14.MX
2019-06-19,21.98163414001465,FIBRAPL14.MX
2019-06-20,22.26886558532715,FIBRAPL14.MX
2019-06-21,23.068613052368164,FIBRAPL14.MX
2019-06-24,22.28013038635254,FIBRAPL14.MX
2019-06-25,22.42656135559082,FIBRAPL14.MX
2019-06-26,22.741954803466797,FIBRAPL14.MX
2019-06-27,22.21817970275879,FIBRAPL14.MX
2019-06-28,22.42656135559082,FIBRAPL14.MX
2019-07-01,22.302661895751953,FIBRAPL14.MX
2019-07-02,22.471620559692383,FIBRAPL14.MX
2019-07-03,22.251976013183594,FIBRAPL14.MX
2019-07-04,22.35334587097168,FIBRAPL14.MX
2019-07-05,22.251976013183594,FIBRAPL14.MX
2019-07-08,23.05171012878418,FIBRAPL14.MX
2019-07-09,22.27449607849121,FIBRAPL14.MX
2019-07-10,22.35334587097168,FIBRAPL14.MX
2019-07-11,22.12807273864746,FIBRAPL14.MX
2019-07-12,22.077377319335938,FIBRAPL14.MX
2019-07-15,22.054853439331055,FIBRAPL14.MX
2019-07-16,22.09990692138672,FIBRAPL14.MX
2019-07-17,22.0435848236084,FIBRAPL14.MX
2019-07-18,22.0435848236084,FIBRAPL14.MX
2019-07-19,21.829572677612305,FIBRAPL14.MX
2019-07-22,21.930946350097656,FIBRAPL14.MX
2019-07-23,21.959108352661133,FIBRAPL14.MX
2019-07-24,21.964744567871094,FIBRAPL14.MX
2019-07-25,21.964744567871094,FIBRAPL14.MX
2019-07-26,22.238948822021484,FIBRAPL14.MX
2019-07-29,21.878686904907227,FIBRAPL14.MX
2019-07-30,21.810070037841797,FIBRAPL14.MX
2019-07-31,22.004497528076172,FIBRAPL14.MX
2019-08-01,21.735733032226562,FIBRAPL14.MX
2019-08-02,21.93016242980957,FIBRAPL14.MX
2019-08-05,21.40977668762207,FIBRAPL14.MX
2019-08-06,21.83865737915039,FIBRAPL14.MX
2019-08-07,21.901565551757812,FIBRAPL14.MX
2019-08-08,23.188207626342773,FIBRAPL14.MX
2019-08-09,22.8508243560791,FIBRAPL14.MX
2019-08-12,22.238948822021484,FIBRAPL14.MX
2019-08-13,22.24466323852539,FIBRAPL14.MX
2019-08-14,22.261821746826172,FIBRAPL14.MX
2019-08-15,22.461965560913086,FIBRAPL14.MX
2019-08-16,22.810789108276367,FIBRAPL14.MX
2019-08-19,22.370471954345703,FIBRAPL14.MX
2019-08-20,22.250385284423828,FIBRAPL14.MX
2019-08-21,22.301855087280273,FIBRAPL14.MX
2019-08-22,22.58777618408203,FIBRAPL14.MX
2019-08-23,22.204639434814453,FIBRAPL14.MX
2019-08-26,22.238948822021484,FIBRAPL14.MX
2019-08-27,22.330446243286133,FIBRAPL14.MX
2019-08-28,22.073118209838867,FIBRAPL14.MX
2019-08-29,22.32472801208496,FIBRAPL14.MX
2019-08-30,22.387632369995117,FIBRAPL14.MX
2019-09-02,22.427658081054688,FIBRAPL14.MX
2019-09-03,22.67927360534668,FIBRAPL14.MX
2019-09-04,22.8508243560791,FIBRAPL14.MX
2019-09-05,22.890851974487305,FIBRAPL14.MX
2019-09-06,23.205364227294922,FIBRAPL14.MX
2019-09-09,22.95947265625,FIBRAPL14.MX
2019-09-10,23.01093292236328,FIBRAPL14.MX
2019-09-11,23.12531089782715,FIBRAPL14.MX
2019-09-12,22.896568298339844,FIBRAPL14.MX
2019-09-13,23.119585037231445,FIBRAPL14.MX
2019-09-17,23.108152389526367,FIBRAPL14.MX
2019-09-18,23.119585037231445,FIBRAPL14.MX
2019-09-19,23.108152389526367,FIBRAPL14.MX
2019-09-20,23.599933624267578,FIBRAPL14.MX
2019-09-23,23.399789810180664,FIBRAPL14.MX
2019-09-24,23.456974029541016,FIBRAPL14.MX
2019-09-25,23.462696075439453,FIBRAPL14.MX
2019-09-26,23.445541381835938,FIBRAPL14.MX
2019-09-27,23.462696075439453,FIBRAPL14.MX
2019-09-30,23.468408584594727,FIBRAPL14.MX
2019-10-01,23.445541381835938,FIBRAPL14.MX
2019-10-02,23.12531089782715,FIBRAPL14.MX
2019-10-03,23.2911376953125,FIBRAPL14.MX
2019-10-04,23.06240463256836,FIBRAPL14.MX
2019-10-07,23.33116912841797,FIBRAPL14.MX
2019-10-08,23.148178100585938,FIBRAPL14.MX
2019-10-09,23.188207626342773,FIBRAPL14.MX
2019-10-10,23.582775115966797,FIBRAPL14.MX
2019-10-11,23.451257705688477,FIBRAPL14.MX
2019-10-14,23.29686164855957,FIBRAPL14.MX
2019-10-15,23.662839889526367,FIBRAPL14.MX
2019-10-16,23.554183959960938,FIBRAPL14.MX
2019-10-17,23.599933624267578,FIBRAPL14.MX
2019-10-18,23.342607498168945,FIBRAPL14.MX
2019-10-21,23.548465728759766,FIBRAPL14.MX
2019-10-22,23.376911163330078,FIBRAPL14.MX
2019-10-23,23.319734573364258,FIBRAPL14.MX
2019-10-24,23.29686164855957,FIBRAPL14.MX
2019-10-25,23.439821243286133,FIBRAPL14.MX
2019-10-28,23.641138076782227,FIBRAPL14.MX
2019-10-29,23.54248809814453,FIBRAPL14.MX
2019-10-30,23.588909149169922,FIBRAPL14.MX
2019-10-31,23.826828002929688,FIBRAPL14.MX
2019-11-01,24.279460906982422,FIBRAPL14.MX
2019-11-04,24.215625762939453,FIBRAPL14.MX
2019-11-05,23.716569900512695,FIBRAPL14.MX
2019-11-06,23.971900939941406,FIBRAPL14.MX
2019-11-07,24.279460906982422,FIBRAPL14.MX
2019-11-08,24.383907318115234,FIBRAPL14.MX
2019-11-11,24.18080711364746,FIBRAPL14.MX
2019-11-12,24.16339874267578,FIBRAPL14.MX
2019-11-13,24.354896545410156,FIBRAPL14.MX
2019-11-14,24.482563018798828,FIBRAPL14.MX
2019-11-15,24.59281349182129,FIBRAPL14.MX
2019-11-19,24.262048721313477,FIBRAPL14.MX
2019-11-20,24.360700607299805,FIBRAPL14.MX
2019-11-21,24.383907318115234,FIBRAPL14.MX
2019-11-22,24.16339874267578,FIBRAPL14.MX
2019-11-25,24.22142791748047,FIBRAPL14.MX
2019-11-26,24.639238357543945,FIBRAPL14.MX
2019-11-27,24.354896545410156,FIBRAPL14.MX
2019-11-28,24.0821590423584,FIBRAPL14.MX
2019-11-29,24.070547103881836,FIBRAPL14.MX
2019-12-02,23.51346778869629,FIBRAPL14.MX
2019-12-03,23.52507781982422,FIBRAPL14.MX
2019-12-04,23.908069610595703,FIBRAPL14.MX
2019-12-05,24.0821590423584,FIBRAPL14.MX
2019-12-06,23.374204635620117,FIBRAPL14.MX
2019-12-09,23.11886978149414,FIBRAPL14.MX
2019-12-10,23.54248809814453,FIBRAPL14.MX
2019-12-11,23.472848892211914,FIBRAPL14.MX
2019-12-13,23.91387367248535,FIBRAPL14.MX
2019-12-16,24.256244659423828,FIBRAPL14.MX
2019-12-17,24.407119750976562,FIBRAPL14.MX
2019-12-18,24.116973876953125,FIBRAPL14.MX
2019-12-19,24.23883628845215,FIBRAPL14.MX
2019-12-20,24.325881958007812,FIBRAPL14.MX
2019-12-23,24.204025268554688,FIBRAPL14.MX
2019-12-24,24.34328842163086,FIBRAPL14.MX
2019-12-26,24.424522399902344,FIBRAPL14.MX
2019-12-27,24.13438606262207,FIBRAPL14.MX
2019-12-30,23.832630157470703,FIBRAPL14.MX
2019-12-31,23.832630157470703,FIBRAPL14.MX
2020-01-02,24.604419708251953,FIBRAPL14.MX
2020-01-03,24.354896545410156,FIBRAPL14.MX
2020-01-06,24.33458709716797,FIBRAPL14.MX
2020-01-07,24.302669525146484,FIBRAPL14.MX
2020-01-08,24.34909439086914,FIBRAPL14.MX
2020-01-09,23.916772842407227,FIBRAPL14.MX
2020-01-10,24.00092124938965,FIBRAPL14.MX
2020-01-13,24.546388626098633,FIBRAPL14.MX
2020-01-14,24.372304916381836,FIBRAPL14.MX
2020-01-15,24.140186309814453,FIBRAPL14.MX
2020-01-16,24.441936492919922,FIBRAPL14.MX
2020-01-17,25.109272003173828,FIBRAPL14.MX
2020-01-20,24.81913185119629,FIBRAPL14.MX
2020-01-21,24.645044326782227,FIBRAPL14.MX
2020-01-22,24.45354652404785,FIBRAPL14.MX
2020-01-23,24.45354652404785,FIBRAPL14.MX
2020-01-24,24.441936492919922,FIBRAPL14.MX
2020-01-27,23.77460289001465,FIBRAPL14.MX
2020-01-28,24.302669525146484,FIBRAPL14.MX
2020-01-29,24.504396438598633,FIBRAPL14.MX
2020-01-30,24.127777099609375,FIBRAPL14.MX
2020-01-31,24.583850860595703,FIBRAPL14.MX
2020-02-04,24.76921844482422,FIBRAPL14.MX
2020-02-05,25.581329345703125,FIBRAPL14.MX
2020-02-06,24.6456356048584,FIBRAPL14.MX
2020-02-07,24.274890899658203,FIBRAPL14.MX
2020-02-10,24.118947982788086,FIBRAPL14.MX
2020-02-11,24.592674255371094,FIBRAPL14.MX
2020-02-12,25.157617568969727,FIBRAPL14.MX
2020-02-13,25.363588333129883,FIBRAPL14.MX
2020-02-14,24.922225952148438,FIBRAPL14.MX
2020-02-17,24.946317672729492,FIBRAPL14.MX
2020-02-18,25.633024215698242,FIBRAPL14.MX
2020-02-19,25.49686622619629,FIBRAPL14.MX
2020-02-20,25.479108810424805,FIBRAPL14.MX
2020-02-21,25.45542335510254,FIBRAPL14.MX
2020-02-24,24.662166595458984,FIBRAPL14.MX
2020-02-25,24.703603744506836,FIBRAPL14.MX
2020-02-26,24.863435745239258,FIBRAPL14.MX
2020-02-27,24.5141658782959,FIBRAPL14.MX
2020-02-28,24.614803314208984,FIBRAPL14.MX
2020-03-02,24.703603744506836,FIBRAPL14.MX
2020-03-03,24.792404174804688,FIBRAPL14.MX
2020-03-04,24.816076278686523,FIBRAPL14.MX
2020-03-05,25.02919578552246,FIBRAPL14.MX
2020-03-06,24.082021713256836,FIBRAPL14.MX
2020-03-09,23.72682762145996,FIBRAPL14.MX
2020-03-10,25.058837890625,FIBRAPL14.MX
2020-03-11,23.655643463134766,FIBRAPL14.MX
2020-03-12,22.716157913208008,FIBRAPL14.MX
2020-03-13,24.03504753112793,FIBRAPL14.MX
2020-03-17,22.951032638549805,FIBRAPL14.MX
2020-03-18,20.680620193481445,FIBRAPL14.MX
2020-03-19,20.18678855895996,FIBRAPL14.MX
2020-03-20,19.783292770385742,FIBRAPL14.MX
2020-03-23,18.596899032592773,FIBRAPL14.MX
2020-03-24,19.2834415435791,FIBRAPL14.MX
2020-03-25,21.09014129638672,FIBRAPL14.MX
2020-03-26,21.168426513671875,FIBRAPL14.MX
2020-03-27,21.12626838684082,FIBRAPL14.MX
2020-03-30,21.39124870300293,FIBRAPL14.MX
2020-03-31,21.529769897460938,FIBRAPL14.MX
2020-04-01,20.85526466369629,FIBRAPL14.MX
2020-04-02,21.078094482421875,FIBRAPL14.MX
2020-04-03,20.746864318847656,FIBRAPL14.MX
2020-04-06,21.915191650390625,FIBRAPL14.MX
2020-04-07,21.325008392333984,FIBRAPL14.MX
2020-04-08,22.589691162109375,FIBRAPL14.MX
2020-04-13,23.354524612426758,FIBRAPL14.MX
2020-04-14,23.372591018676758,FIBRAPL14.MX
2020-04-15,22.101886749267578,FIBRAPL14.MX
2020-04-16,22.487316131591797,FIBRAPL14.MX
2020-04-17,23.071475982666016,FIBRAPL14.MX
2020-04-20,22.920921325683594,FIBRAPL14.MX
2020-04-21,22.99318504333496,FIBRAPL14.MX
2020-04-22,22.878765106201172,FIBRAPL14.MX
2020-04-23,22.535490036010742,FIBRAPL14.MX
2020-04-24,22.228357315063477,FIBRAPL14.MX
2020-04-27,22.264490127563477,FIBRAPL14.MX
2020-04-28,22.613779067993164,FIBRAPL14.MX
2020-04-29,26.895645141601562,FIBRAPL14.MX
2020-04-30,23.661666870117188,FIBRAPL14.MX
2020-05-04,23.384634017944336,FIBRAPL14.MX
2020-05-05,23.878467559814453,FIBRAPL14.MX
2020-05-06,23.655643463134766,FIBRAPL14.MX
2020-05-07,23.89051055908203,FIBRAPL14.MX
2020-05-08,24.300031661987305,FIBRAPL14.MX
2020-05-11,23.029325485229492,FIBRAPL14.MX
2020-05-12,23.20396614074707,FIBRAPL14.MX
2020-05-13,23.041366577148438,FIBRAPL14.MX
2020-05-14,23.559282302856445,FIBRAPL14.MX
2020-05-15,23.613487243652344,FIBRAPL14.MX
2020-05-18,23.908580780029297,FIBRAPL14.MX
2020-05-19,23.998916625976562,FIBRAPL14.MX
2020-05-20,24.673416137695312,FIBRAPL14.MX
2020-05-21,24.492738723754883,FIBRAPL14.MX
2020-05-22,24.37230110168457,FIBRAPL14.MX
2020-05-25,24.498769760131836,FIBRAPL14.MX
2020-05-26,24.275943756103516,FIBRAPL14.MX
2020-05-27,24.360252380371094,FIBRAPL14.MX
2020-05-28,24.36627960205078,FIBRAPL14.MX
2020-05-29,25.39609146118164,FIBRAPL14.MX
2020-06-01,24.721586227416992,FIBRAPL14.MX
2020-06-02,24.950443267822266,FIBRAPL14.MX
2020-06-03,25.070884704589844,FIBRAPL14.MX
2020-06-04,24.878171920776367,FIBRAPL14.MX
2020-06-05,25.016681671142578,FIBRAPL14.MX
2020-06-08,24.805904388427734,FIBRAPL14.MX
2020-06-09,24.38434410095215,FIBRAPL14.MX
2020-06-10,24.38434410095215,FIBRAPL14.MX
2020-06-11,23.872446060180664,FIBRAPL14.MX
2020-06-12,23.667682647705078,FIBRAPL14.MX
2020-06-15,24.59512710571289,FIBRAPL14.MX
2020-06-16,24.516830444335938,FIBRAPL14.MX
2020-06-17,24.444568634033203,FIBRAPL14.MX
2020-06-18,24.13140869140625,FIBRAPL14.MX
2020-06-19,25.022708892822266,FIBRAPL14.MX
2020-06-22,25.227458953857422,FIBRAPL14.MX
2020-06-23,25.709251403808594,FIBRAPL14.MX
2020-06-24,25.390064239501953,FIBRAPL14.MX
2020-06-25,25.757427215576172,FIBRAPL14.MX
2020-06-26,25.1672420501709,FIBRAPL14.MX
2020-06-29,24.6975040435791,FIBRAPL14.MX
2020-06-30,24.757728576660156,FIBRAPL14.MX
2020-07-01,25.59482765197754,FIBRAPL14.MX
2020-07-02,25.636981964111328,FIBRAPL14.MX
2020-07-03,25.81765365600586,FIBRAPL14.MX
2020-07-06,25.751407623291016,FIBRAPL14.MX
2020-07-07,25.23950958251953,FIBRAPL14.MX
2020-07-08,25.010663986206055,FIBRAPL14.MX
2020-07-09,25.125089645385742,FIBRAPL14.MX
2020-07-10,24.878171920776367,FIBRAPL14.MX
2020-07-13,24.836017608642578,FIBRAPL14.MX
2020-07-14,24.703519821166992,FIBRAPL14.MX
2020-07-15,24.986570358276367,FIBRAPL14.MX
2020-07-16,25.034748077392578,FIBRAPL14.MX
2020-07-17,26.178991317749023,FIBRAPL14.MX
2020-07-20,25.606876373291016,FIBRAPL14.MX
2020-07-21,26.228866577148438,FIBRAPL14.MX
2020-07-22,25.86973762512207,FIBRAPL14.MX
2020-07-23,26.16799545288086,FIBRAPL14.MX
2020-07-24,26.417560577392578,FIBRAPL14.MX
2020-07-27,26.32625389099121,FIBRAPL14.MX
2020-07-28,26.253211975097656,FIBRAPL14.MX
2020-07-29,26.119304656982422,FIBRAPL14.MX
2020-07-30,26.113216400146484,FIBRAPL14.MX
2020-07-31,26.52713394165039,FIBRAPL14.MX
2020-08-03,25.961040496826172,FIBRAPL14.MX
2020-08-04,26.49060821533203,FIBRAPL14.MX
2020-08-05,26.484514236450195,FIBRAPL14.MX
2020-08-06,26.496694564819336,FIBRAPL14.MX
2020-08-07,26.807126998901367,FIBRAPL14.MX
2020-08-10,26.81321907043457,FIBRAPL14.MX
2020-08-11,26.734094619750977,FIBRAPL14.MX
2020-08-12,26.758434295654297,FIBRAPL14.MX
2020-08-13,26.721908569335938,FIBRAPL14.MX
2020-08-14,27.354961395263672,FIBRAPL14.MX
2020-08-17,27.391483306884766,FIBRAPL14.MX
2020-08-18,26.941049575805664,FIBRAPL14.MX
2020-08-19,27.05060577392578,FIBRAPL14.MX
2020-08-20,27.20277976989746,FIBRAPL14.MX
2020-08-21,27.093215942382812,FIBRAPL14.MX
2020-08-24,26.92278480529785,FIBRAPL14.MX
2020-08-25,27.038442611694336,FIBRAPL14.MX
2020-08-26,26.898433685302734,FIBRAPL14.MX
2020-08-27,26.551475524902344,FIBRAPL14.MX
2020-08-28,26.88626480102539,FIBRAPL14.MX
2020-08-31,26.441911697387695,FIBRAPL14.MX
2020-09-01,26.38713264465332,FIBRAPL14.MX
2020-09-02,26.374954223632812,FIBRAPL14.MX
2020-09-03,26.502782821655273,FIBRAPL14.MX
2020-09-04,26.557559967041016,FIBRAPL14.MX
2020-09-07,27.111486434936523,FIBRAPL14.MX
2020-09-08,26.38713264465332,FIBRAPL14.MX
2020-09-09,26.052343368530273,FIBRAPL14.MX
2020-09-10,25.936687469482422,FIBRAPL14.MX
2020-09-11,26.594085693359375,FIBRAPL14.MX
2020-09-14,26.533218383789062,FIBRAPL14.MX
2020-09-15,26.39929962158203,FIBRAPL14.MX
2020-09-17,26.20451545715332,FIBRAPL14.MX
2020-09-18,26.046255111694336,FIBRAPL14.MX
2020-09-21,25.687122344970703,FIBRAPL14.MX
2020-09-22,25.212339401245117,FIBRAPL14.MX
2020-09-23,25.425384521484375,FIBRAPL14.MX
2020-09-24,25.76016616821289,FIBRAPL14.MX
2020-09-25,26.18016815185547,FIBRAPL14.MX
2020-09-28,26.320175170898438,FIBRAPL14.MX
2020-09-29,26.3566951751709,FIBRAPL14.MX
2020-09-30,26.113216400146484,FIBRAPL14.MX
2020-10-01,26.101045608520508,FIBRAPL14.MX
2020-10-02,27.178436279296875,FIBRAPL14.MX
2020-10-05,27.2149600982666,FIBRAPL14.MX
2020-10-06,27.221050262451172,FIBRAPL14.MX
2020-10-07,27.51321792602539,FIBRAPL14.MX
2020-10-08,27.53757095336914,FIBRAPL14.MX
2020-10-09,27.53757095336914,FIBRAPL14.MX
2020-10-12,27.53757095336914,FIBRAPL14.MX
2020-10-13,26.99582862854004,FIBRAPL14.MX
2020-10-14,26.989744186401367,FIBRAPL14.MX
2020-10-15,26.721908569335938,FIBRAPL14.MX
2020-10-16,25.97321128845215,FIBRAPL14.MX
2020-10-19,25.97321128845215,FIBRAPL14.MX
2020-10-20,25.279296875,FIBRAPL14.MX
2020-10-21,25.096683502197266,FIBRAPL14.MX
2020-10-22,24.7862491607666,FIBRAPL14.MX
2020-10-23,25.340160369873047,FIBRAPL14.MX
2020-10-26,25.21842384338379,FIBRAPL14.MX
2020-10-27,25.75408363342285,FIBRAPL14.MX
2020-10-28,25.919103622436523,FIBRAPL14.MX
2020-10-29,26.534025192260742,FIBRAPL14.MX
2020-10-30,26.13433074951172,FIBRAPL14.MX
2020-11-03,25.56244468688965,FIBRAPL14.MX
2020-11-04,25.7161808013916,FIBRAPL14.MX
2020-11-05,26.823043823242188,FIBRAPL14.MX
2020-11-06,26.570924758911133,FIBRAPL14.MX
2020-11-09,26.337251663208008,FIBRAPL14.MX
2020-11-10,25.912960052490234,FIBRAPL14.MX
2020-11-11,26.146623611450195,FIBRAPL14.MX
2020-11-12,26.318805694580078,FIBRAPL14.MX
2020-11-13,27.032119750976562,FIBRAPL14.MX
2020-11-17,27.14280128479004,FIBRAPL14.MX
2020-11-18,26.823043823242188,FIBRAPL14.MX
2020-11-19,26.909135818481445,FIBRAPL14.MX
2020-11-20,26.730810165405273,FIBRAPL14.MX
2020-11-23,26.42949104309082,FIBRAPL14.MX
2020-11-24,26.36800193786621,FIBRAPL14.MX
2020-11-25,26.171220779418945,FIBRAPL14.MX
2020-11-26,26.2265682220459,FIBRAPL14.MX
2020-11-27,26.466388702392578,FIBRAPL14.MX
2020-11-30,26.841487884521484,FIBRAPL14.MX
2020-12-01,26.2265682220459,FIBRAPL14.MX
2020-12-02,26.2757625579834,FIBRAPL14.MX
2020-12-03,26.460235595703125,FIBRAPL14.MX
2020-12-04,26.773849487304688,FIBRAPL14.MX
2020-12-07,26.859939575195312,FIBRAPL14.MX
2020-12-08,26.909135818481445,FIBRAPL14.MX
2020-12-09,26.540176391601562,FIBRAPL14.MX
2020-12-10,27.327280044555664,FIBRAPL14.MX
2020-12-11,26.921432495117188,FIBRAPL14.MX
2020-12-14,26.976774215698242,FIBRAPL14.MX
2020-12-15,26.866085052490234,FIBRAPL14.MX
2020-12-16,27.253490447998047,FIBRAPL14.MX
2020-12-17,27.1120548248291,FIBRAPL14.MX
2020-12-18,27.265789031982422,FIBRAPL14.MX
2020-12-21,26.392597198486328,FIBRAPL14.MX
2020-12-22,26.337251663208008,FIBRAPL14.MX
2020-12-23,26.58937644958496,FIBRAPL14.MX
2020-12-24,27.050561904907227,FIBRAPL14.MX
2020-12-28,27.025968551635742,FIBRAPL14.MX
2020-12-29,26.583229064941406,FIBRAPL14.MX
2020-12-30,26.958330154418945,FIBRAPL14.MX
2020-12-31,27.45026969909668,FIBRAPL14.MX
2021-01-04,28.23737335205078,FIBRAPL14.MX
2021-01-05,27.204296112060547,FIBRAPL14.MX
2021-01-06,27.339588165283203,FIBRAPL14.MX
2021-01-07,27.542509078979492,FIBRAPL14.MX
2021-01-08,27.265789031982422,FIBRAPL14.MX
2021-01-11,27.228897094726562,FIBRAPL14.MX
2021-01-12,26.577075958251953,FIBRAPL14.MX
2021-01-13,26.263463973999023,FIBRAPL14.MX
2021-01-14,26.644712448120117,FIBRAPL14.MX
2021-01-15,26.564775466918945,FIBRAPL14.MX
2021-01-18,26.88453483581543,FIBRAPL14.MX
2021-01-19,25.980592727661133,FIBRAPL14.MX
2021-01-20,26.540176391601562,FIBRAPL14.MX
2021-01-21,26.189678192138672,FIBRAPL14.MX
2021-01-22,26.26961326599121,FIBRAPL14.MX
2021-01-25,26.44793701171875,FIBRAPL14.MX
2021-01-26,26.115882873535156,FIBRAPL14.MX
2021-01-27,25.531702041625977,FIBRAPL14.MX
2021-01-28,25.131999969482422,FIBRAPL14.MX
2021-01-29,25.150449752807617,FIBRAPL14.MX
2021-02-02,25.2734317779541,FIBRAPL14.MX
2021-02-03,25.138151168823242,FIBRAPL14.MX
2021-02-04,25.254987716674805,FIBRAPL14.MX
2021-02-05,25.64238739013672,FIBRAPL14.MX
2021-02-08,26.454090118408203,FIBRAPL14.MX
2021-02-09,25.927349090576172,FIBRAPL14.MX
2021-02-10,25.790660858154297,FIBRAPL14.MX
2021-02-11,25.796873092651367,FIBRAPL14.MX
2021-02-12,25.908708572387695,FIBRAPL14.MX
2021-02-15,25.803083419799805,FIBRAPL14.MX
2021-02-16,25.846576690673828,FIBRAPL14.MX
2021-02-17,26.020545959472656,FIBRAPL14.MX
2021-02-18,25.970840454101562,FIBRAPL14.MX
2021-02-19,25.88385581970215,FIBRAPL14.MX
2021-02-22,25.616689682006836,FIBRAPL14.MX
2021-02-23,25.765804290771484,FIBRAPL14.MX
2021-02-24,26.36847496032715,FIBRAPL14.MX
2021-02-25,26.28771209716797,FIBRAPL14.MX
2021-02-26,26.573511123657227,FIBRAPL14.MX
2021-03-01,26.722625732421875,FIBRAPL14.MX
2021-03-02,26.51759147644043,FIBRAPL14.MX
2021-03-03,26.337421417236328,FIBRAPL14.MX
2021-03-04,26.486530303955078,FIBRAPL14.MX
2021-03-05,26.75368881225586,FIBRAPL14.MX
2021-03-08,27.399856567382812,FIBRAPL14.MX
2021-03-09,27.368789672851562,FIBRAPL14.MX
2021-03-10,27.430925369262695,FIBRAPL14.MX
2021-03-11,27.051921844482422,FIBRAPL14.MX
2021-03-12,27.300451278686523,FIBRAPL14.MX
2021-03-16,27.635953903198242,FIBRAPL14.MX
2021-03-17,27.437135696411133,FIBRAPL14.MX
2021-03-18,27.375003814697266,FIBRAPL14.MX
2021-03-19,27.64838409423828,FIBRAPL14.MX
2021-03-22,27.294231414794922,FIBRAPL14.MX
2021-03-23,27.4992733001709,FIBRAPL14.MX
2021-03-24,27.41228675842285,FIBRAPL14.MX
2021-03-25,27.33772850036621,FIBRAPL14.MX
2021-03-26,27.642166137695312,FIBRAPL14.MX
2021-03-29,27.51791000366211,FIBRAPL14.MX
2021-03-30,27.536542892456055,FIBRAPL14.MX
2021-03-31,27.28180503845215,FIBRAPL14.MX
2021-04-05,27.64838409423828,FIBRAPL14.MX
2021-04-06,27.126480102539062,FIBRAPL14.MX
2021-04-07,27.294231414794922,FIBRAPL14.MX
2021-04-08,27.157548904418945,FIBRAPL14.MX
2021-04-09,27.064348220825195,FIBRAPL14.MX
2021-04-12,27.082988739013672,FIBRAPL14.MX
2021-04-13,27.20725440979004,FIBRAPL14.MX
2021-04-14,27.176189422607422,FIBRAPL14.MX
2021-04-15,27.1948184967041,FIBRAPL14.MX
2021-04-16,27.269380569458008,FIBRAPL14.MX
2021-04-19,26.69156265258789,FIBRAPL14.MX
2021-04-20,26.915237426757812,FIBRAPL14.MX
2021-04-21,26.834463119506836,FIBRAPL14.MX
2021-04-22,26.716411590576172,FIBRAPL14.MX
2021-04-23,27.169971466064453,FIBRAPL14.MX
2021-04-26,27.138906478881836,FIBRAPL14.MX
2021-04-27,26.92144203186035,FIBRAPL14.MX
2021-04-28,27.169971466064453,FIBRAPL14.MX
2021-04-29,27.72294044494629,FIBRAPL14.MX
2021-04-30,27.310020446777344,FIBRAPL14.MX
2021-05-03,27.838232040405273,FIBRAPL14.MX
2021-05-04,27.945131301879883,FIBRAPL14.MX
2021-05-05,27.95142364501953,FIBRAPL14.MX
2021-05-06,27.6810302734375,FIBRAPL14.MX
2021-05-07,27.63072395324707,FIBRAPL14.MX
2021-05-10,28.322425842285156,FIBRAPL14.MX
2021-05-11,28.240690231323242,FIBRAPL14.MX
2021-05-12,27.530105590820312,FIBRAPL14.MX
2021-05-13,27.322587966918945,FIBRAPL14.MX
2021-05-14,27.228269577026367,FIBRAPL14.MX
2021-05-17,27.63072395324707,FIBRAPL14.MX
2021-05-18,28.43561553955078,FIBRAPL14.MX
2021-05-19,28.04574966430664,FIBRAPL14.MX
2021-05-20,28.35387420654297,FIBRAPL14.MX
2021-05-21,28.146352767944336,FIBRAPL14.MX
2021-05-24,28.328725814819336,FIBRAPL14.MX
2021-05-25,28.467065811157227,FIBRAPL14.MX
2021-05-26,27.52381706237793,FIBRAPL14.MX
2021-05-27,27.36661148071289,FIBRAPL14.MX
2021-05-28,28.165225982666016,FIBRAPL14.MX
2021-05-31,29.378862380981445,FIBRAPL14.MX
2021-06-01,28.819202423095703,FIBRAPL14.MX
2021-06-02,28.636844635009766,FIBRAPL14.MX
2021-06-03,28.001726150512695,FIBRAPL14.MX
2021-06-04,28.165225982666016,FIBRAPL14.MX
2021-06-07,29.492055892944336,FIBRAPL14.MX
2021-06-08,29.290822982788086,FIBRAPL14.MX
2021-06-09,29.02672004699707,FIBRAPL14.MX
2021-06-10,29.158775329589844,FIBRAPL14.MX
2021-06-11,28.8820858001709,FIBRAPL14.MX
2021-06-14,28.957548141479492,FIBRAPL14.MX
2021-06-15,28.63055992126465,FIBRAPL14.MX
2021-06-16,28.8820858001709,FIBRAPL14.MX
2021-06-17,28.926101684570312,FIBRAPL14.MX
2021-06-18,28.42304039001465,FIBRAPL14.MX
2021-06-21,28.586536407470703,FIBRAPL14.MX
2021-06-22,28.165225982666016,FIBRAPL14.MX
2021-06-23,27.875965118408203,FIBRAPL14.MX
2021-06-24,27.454647064208984,FIBRAPL14.MX
2021-06-25,27.536396026611328,FIBRAPL14.MX
2021-06-28,27.655874252319336,FIBRAPL14.MX
2021-06-29,28.335002899169922,FIBRAPL14.MX
2021-06-30,27.913692474365234,FIBRAPL14.MX
2021-07-01,28.020593643188477,FIBRAPL14.MX
2021-07-02,27.882253646850586,FIBRAPL14.MX
2021-07-05,27.794218063354492,FIBRAPL14.MX
2021-07-06,27.794218063354492,FIBRAPL14.MX
2021-07-07,27.743913650512695,FIBRAPL14.MX
2021-07-08,27.674739837646484,FIBRAPL14.MX
2021-07-09,27.825658798217773,FIBRAPL14.MX
2021-07-12,28.35387420654297,FIBRAPL14.MX
2021-07-13,28.158931732177734,FIBRAPL14.MX
2021-07-14,28.93239402770996,FIBRAPL14.MX
2021-07-15,28.787763595581055,FIBRAPL14.MX
2021-07-16,28.82549476623535,FIBRAPL14.MX
2021-07-19,27.976573944091797,FIBRAPL14.MX
2021-07-20,28.322425842285156,FIBRAPL14.MX
2021-07-21,28.404178619384766,FIBRAPL14.MX
2021-07-22,28.297279357910156,FIBRAPL14.MX
2021-07-23,28.29099464416504,FIBRAPL14.MX
2021-07-26,28.152647018432617,FIBRAPL14.MX
2021-07-27,28.309856414794922,FIBRAPL14.MX
2021-07-28,28.296403884887695,FIBRAPL14.MX
2021-07-29,28.111831665039062,FIBRAPL14.MX
2021-07-30,27.742692947387695,FIBRAPL14.MX
2021-08-02,27.653583526611328,FIBRAPL14.MX
2021-08-03,28.614622116088867,FIBRAPL14.MX
2021-08-04,28.309127807617188,FIBRAPL14.MX
2021-08-05,28.58916473388672,FIBRAPL14.MX
2021-08-06,28.46823501586914,FIBRAPL14.MX
2021-08-09,28.25184440612793,FIBRAPL14.MX
2021-08-10,28.1500186920166,FIBRAPL14.MX
2021-08-11,28.799190521240234,FIBRAPL14.MX
2021-08-12,29.15559959411621,FIBRAPL14.MX
2021-08-13,28.76736831665039,FIBRAPL14.MX
2021-08-16,28.436410903930664,FIBRAPL14.MX
2021-08-17,28.5255184173584,FIBRAPL14.MX
2021-08-18,31.26224136352539,FIBRAPL14.MX
2021-08-19,28.716442108154297,FIBRAPL14.MX
2021-08-20,29.206512451171875,FIBRAPL14.MX
2021-08-23,29.047407150268555,FIBRAPL14.MX
2021-08-24,28.65281105041504,FIBRAPL14.MX
2021-08-25,28.754638671875,FIBRAPL14.MX
2021-08-26,28.436410903930664,FIBRAPL14.MX
2021-08-27,28.39822769165039,FIBRAPL14.MX
2021-08-30,28.69736099243164,FIBRAPL14.MX
2021-08-31,29.632938385009766,FIBRAPL14.MX
2021-09-01,29.333803176879883,FIBRAPL14.MX
2021-09-02,29.200151443481445,FIBRAPL14.MX
2021-09-03,29.111045837402344,FIBRAPL14.MX
2021-09-06,29.047407150268555,FIBRAPL14.MX
2021-09-07,28.48732566833496,FIBRAPL14.MX
2021-09-08,28.25184440612793,FIBRAPL14.MX
2021-09-09,28.920116424560547,FIBRAPL14.MX
2021-09-10,28.430055618286133,FIBRAPL14.MX
2021-09-13,28.69736099243164,FIBRAPL14.MX
2021-09-14,28.640079498291016,FIBRAPL14.MX
2021-09-15,28.44277572631836,FIBRAPL14.MX
2021-09-17,28.913753509521484,FIBRAPL14.MX
2021-09-20,28.41732406616211,FIBRAPL14.MX
2021-09-21,28.296403884887695,FIBRAPL14.MX
2021-09-22,28.805557250976562,FIBRAPL14.MX
2021-09-23,28.44914436340332,FIBRAPL14.MX
2021-09-24,28.44277572631836,FIBRAPL14.MX
2021-09-27,28.40459442138672,FIBRAPL14.MX
2021-09-28,28.315486907958984,FIBRAPL14.MX
2021-09-29,28.59552764892578,FIBRAPL14.MX
2021-09-30,28.5255184173584,FIBRAPL14.MX
2021-10-01,28.181842803955078,FIBRAPL14.MX
2021-10-04,28.27094268798828,FIBRAPL14.MX
2021-10-05,28.360044479370117,FIBRAPL14.MX
2021-10-06,28.811920166015625,FIBRAPL14.MX
2021-10-07,30.333024978637695,FIBRAPL14.MX
2021-10-08,29.4483642578125,FIBRAPL14.MX
2021-10-11,29.588382720947266,FIBRAPL14.MX
2021-10-12,28.786460876464844,FIBRAPL14.MX
2021-10-13,29.792049407958984,FIBRAPL14.MX
2021-10-14,29.346534729003906,FIBRAPL14.MX
2021-10-15,30.0466251373291,FIBRAPL14.MX
2021-10-18,29.89386749267578,FIBRAPL14.MX
2021-10-19,29.906600952148438,FIBRAPL14.MX
2021-10-20,29.912967681884766,FIBRAPL14.MX
2021-10-21,30.49213981628418,FIBRAPL14.MX
2021-10-22,30.861276626586914,FIBRAPL14.MX
2021-10-25,30.562145233154297,FIBRAPL14.MX
2021-10-26,30.765819549560547,FIBRAPL14.MX
2021-10-27,30.944965362548828,FIBRAPL14.MX
2021-10-28,30.578033447265625,FIBRAPL14.MX
2021-10-29,30.50721549987793,FIBRAPL14.MX
2021-11-01,30.47502899169922,FIBRAPL14.MX
2021-11-03,30.153152465820312,FIBRAPL14.MX
2021-11-04,29.86990737915039,FIBRAPL14.MX
2021-11-05,29.850595474243164,FIBRAPL14.MX
2021-11-08,30.590898513793945,FIBRAPL14.MX
2021-11-09,31.56296157836914,FIBRAPL14.MX
2021-11-10,31.27971076965332,FIBRAPL14.MX
2021-11-11,31.517902374267578,FIBRAPL14.MX
2021-11-12,31.633769989013672,FIBRAPL14.MX
2021-11-16,31.633769989013672,FIBRAPL14.MX
2021-11-17,31.633769989013672,FIBRAPL14.MX
2021-11-18,30.6552734375,FIBRAPL14.MX
2021-11-19,30.539405822753906,FIBRAPL14.MX
2021-11-22,30.153152465820312,FIBRAPL14.MX
2021-11-23,29.979347229003906,FIBRAPL14.MX
2021-11-24,30.32052993774414,FIBRAPL14.MX
2021-11-25,29.985780715942383,FIBRAPL14.MX
2021-11-26,29.88921356201172,FIBRAPL14.MX
2021-11-29,30.455720901489258,FIBRAPL14.MX
2021-11-30,31.047962188720703,FIBRAPL14.MX
2021-12-01,30.41065216064453,FIBRAPL14.MX
2021-12-02,31.414907455444336,FIBRAPL14.MX
2021-12-03,33.378334045410156,FIBRAPL14.MX
2021-12-06,32.55434036254883,FIBRAPL14.MX
2021-12-07,32.1938362121582,FIBRAPL14.MX
2021-12-08,31.382705688476562,FIBRAPL14.MX
2021-12-09,32.27752685546875,FIBRAPL14.MX
2021-12-10,32.489967346191406,FIBRAPL14.MX
2021-12-13,32.264644622802734,FIBRAPL14.MX
2021-12-14,32.309715270996094,FIBRAPL14.MX
2021-12-15,32.88264083862305,FIBRAPL14.MX
2021-12-16,32.25176239013672,FIBRAPL14.MX
2021-12-17,32.953460693359375,FIBRAPL14.MX
2021-12-20,34.06071090698242,FIBRAPL14.MX
2021-12-21,33.082210540771484,FIBRAPL14.MX
2021-12-22,33.912635803222656,FIBRAPL14.MX
2021-12-23,33.758140563964844,FIBRAPL14.MX
2021-12-24,34.421199798583984,FIBRAPL14.MX
2021-12-27,35.98551559448242,FIBRAPL14.MX
2021-12-28,35.29025650024414,FIBRAPL14.MX
2021-12-29,35.20013427734375,FIBRAPL14.MX
2021-12-30,35.702266693115234,FIBRAPL14.MX
2021-12-31,36.584205627441406,FIBRAPL14.MX
2022-01-03,36.4296989440918,FIBRAPL14.MX
2022-01-04,35.122886657714844,FIBRAPL14.MX
2022-01-05,33.4813346862793,FIBRAPL14.MX
2022-01-06,33.96413803100586,FIBRAPL14.MX
2022-01-07,33.80320358276367,FIBRAPL14.MX
2022-01-10,32.98564147949219,FIBRAPL14.MX
2022-01-11,32.97920227050781,FIBRAPL14.MX
2022-01-12,33.84825897216797,FIBRAPL14.MX
2022-01-13,35.07783126831055,FIBRAPL14.MX
2022-01-14,33.9705810546875,FIBRAPL14.MX
2022-01-17,33.84825897216797,FIBRAPL14.MX
2022-01-18,33.26889419555664,FIBRAPL14.MX
2022-01-19,33.59720993041992,FIBRAPL14.MX
2022-01-20,33.191646575927734,FIBRAPL14.MX
2022-01-21,33.50064468383789,FIBRAPL14.MX
2022-01-24,32.70882797241211,FIBRAPL14.MX
2022-01-25,31.685279846191406,FIBRAPL14.MX
2022-01-26,32.43845748901367,FIBRAPL14.MX
2022-01-27,33.050018310546875,FIBRAPL14.MX
2022-01-28,32.316139221191406,FIBRAPL14.MX
2022-01-31,33.39547348022461,FIBRAPL14.MX
2022-02-01,33.69487380981445,FIBRAPL14.MX
2022-02-02,34.352237701416016,FIBRAPL14.MX
2022-02-03,33.73392105102539,FIBRAPL14.MX
2022-02-04,33.39547348022461,FIBRAPL14.MX
2022-02-08,33.27832794189453,FIBRAPL14.MX
2022-02-09,33.6688346862793,FIBRAPL14.MX
2022-02-10,34.81433868408203,FIBRAPL14.MX
2022-02-11,34.02680206298828,FIBRAPL14.MX
2022-02-14,33.6232795715332,FIBRAPL14.MX
2022-02-15,33.109100341796875,FIBRAPL14.MX
2022-02-16,33.42802810668945,FIBRAPL14.MX
2022-02-17,33.21323013305664,FIBRAPL14.MX
2022-02-18,32.57539749145508,FIBRAPL14.MX
2022-02-21,32.471256256103516,FIBRAPL14.MX
2022-02-22,32.484275817871094,FIBRAPL14.MX
2022-02-23,31.013336181640625,FIBRAPL14.MX
2022-02-24,30.609800338745117,FIBRAPL14.MX
2022-02-25,32.009159088134766,FIBRAPL14.MX
2022-02-28,32.06773376464844,FIBRAPL14.MX
2022-03-01,32.09375762939453,FIBRAPL14.MX
2022-03-02,32.588409423828125,FIBRAPL14.MX
2022-03-03,31.833419799804688,FIBRAPL14.MX
2022-03-04,30.73998260498047,FIBRAPL14.MX
2022-03-07,30.609800338745117,FIBRAPL14.MX
2022-03-08,31.547035217285156,FIBRAPL14.MX
2022-03-09,33.45405197143555,FIBRAPL14.MX
2022-03-10,33.558189392089844,FIBRAPL14.MX
2022-03-11,33.50612258911133,FIBRAPL14.MX
2022-03-14,33.34340286254883,FIBRAPL14.MX
2022-03-15,33.2978401184082,FIBRAPL14.MX
2022-03-16,33.45405197143555,FIBRAPL14.MX
2022-03-17,33.512630462646484,FIBRAPL14.MX
2022-03-18,31.267173767089844,FIBRAPL14.MX
2022-03-22,31.97661590576172,FIBRAPL14.MX
2022-03-23,31.48847198486328,FIBRAPL14.MX
2022-03-24,31.1109676361084,FIBRAPL14.MX
2022-03-25,31.657690048217773,FIBRAPL14.MX
2022-03-28,33.08306884765625,FIBRAPL14.MX
2022-03-29,34.365257263183594,FIBRAPL14.MX
2022-03-30,33.864097595214844,FIBRAPL14.MX
2022-03-31,33.79899978637695,FIBRAPL14.MX
2022-04-01,34.56051254272461,FIBRAPL14.MX
2022-04-04,35.139774322509766,FIBRAPL14.MX
2022-04-05,35.204856872558594,FIBRAPL14.MX
2022-04-06,35.92730712890625,FIBRAPL14.MX
2022-04-07,36.1225700378418,FIBRAPL14.MX
2022-04-08,36.259246826171875,FIBRAPL14.MX
2022-04-11,36.22019958496094,FIBRAPL14.MX
2022-04-12,35.58235168457031,FIBRAPL14.MX
2022-04-13,36.5716552734375,FIBRAPL14.MX
2022-04-18,36.45450210571289,FIBRAPL14.MX
2022-04-19,36.77992630004883,FIBRAPL14.MX
2022-04-20,36.51959228515625,FIBRAPL14.MX
2022-04-21,36.17463684082031,FIBRAPL14.MX
2022-04-22,36.48704528808594,FIBRAPL14.MX
2022-04-25,36.51308059692383,FIBRAPL14.MX
2022-04-26,35.65394592285156,FIBRAPL14.MX
2022-04-27,35.862464904785156,FIBRAPL14.MX
2022-04-28,35.3228874206543,FIBRAPL14.MX
2022-04-29,36.040130615234375,FIBRAPL14.MX
2022-05-02,35.39527130126953,FIBRAPL14.MX
2022-05-03,35.19785690307617,FIBRAPL14.MX
2022-05-04,35.75718307495117,FIBRAPL14.MX
2022-05-05,35.658477783203125,FIBRAPL14.MX
2022-05-06,35.257080078125,FIBRAPL14.MX
2022-05-09,34.44770431518555,FIBRAPL14.MX
2022-05-10,34.526668548583984,FIBRAPL14.MX
2022-05-11,33.55936813354492,FIBRAPL14.MX
2022-05-12,32.592071533203125,FIBRAPL14.MX
2022-05-13,33.16455841064453,FIBRAPL14.MX
2022-05-16,33.862064361572266,FIBRAPL14.MX
2022-05-17,34.37532043457031,FIBRAPL14.MX
2022-05-18,33.88838195800781,FIBRAPL14.MX
2022-05-19,34.24372482299805,FIBRAPL14.MX
2022-05-20,34.19765853881836,FIBRAPL14.MX
2022-05-23,34.2108154296875,FIBRAPL14.MX
2022-05-24,34.07920837402344,FIBRAPL14.MX
2022-05-25,33.97393035888672,FIBRAPL14.MX
2022-05-26,33.67123794555664,FIBRAPL14.MX
2022-05-27,34.145015716552734,FIBRAPL14.MX
2022-05-30,34.085792541503906,FIBRAPL14.MX
2022-05-31,33.85548782348633,FIBRAPL14.MX
2022-06-01,33.55278396606445,FIBRAPL14.MX
2022-06-02,33.69755554199219,FIBRAPL14.MX
2022-06-03,33.16455841064453,FIBRAPL14.MX
2022-06-06,33.12507629394531,FIBRAPL14.MX
2022-06-07,33.16455841064453,FIBRAPL14.MX
2022-06-08,34.401641845703125,FIBRAPL14.MX
2022-06-09,33.848907470703125,FIBRAPL14.MX
2022-06-10,33.3817024230957,FIBRAPL14.MX
2022-06-13,32.62497329711914,FIBRAPL14.MX
2022-06-14,31.24969482421875,FIBRAPL14.MX
2022-06-15,32.11829376220703,FIBRAPL14.MX
2022-06-16,32.51969528198242,FIBRAPL14.MX
2022-06-17,35.52029800415039,FIBRAPL14.MX
2022-06-20,34.730655670166016,FIBRAPL14.MX
2022-06-21,33.7172966003418,FIBRAPL14.MX
2022-06-22,33.638336181640625,FIBRAPL14.MX
2022-06-23,33.533042907714844,FIBRAPL14.MX
2022-06-24,34.25029754638672,FIBRAPL14.MX
2022-06-27,35.09915542602539,FIBRAPL14.MX
2022-06-28,34.730655670166016,FIBRAPL14.MX
2022-06-29,34.335853576660156,FIBRAPL14.MX
2022-06-30,34.70433807373047,FIBRAPL14.MX
2022-07-01,34.349002838134766,FIBRAPL14.MX
2022-07-04,34.50034713745117,FIBRAPL14.MX
2022-07-05,34.539833068847656,FIBRAPL14.MX
2022-07-06,36.68500900268555,FIBRAPL14.MX
2022-07-07,36.58628845214844,FIBRAPL14.MX
2022-07-08,36.02696990966797,FIBRAPL14.MX
2022-07-11,36.513912200927734,FIBRAPL14.MX
2022-07-12,37.50753402709961,FIBRAPL14.MX
2022-07-13,37.836544036865234,FIBRAPL14.MX
2022-07-14,37.81680679321289,FIBRAPL14.MX
2022-07-15,37.836544036865234,FIBRAPL14.MX
2022-07-18,37.90892791748047,FIBRAPL14.MX
2022-07-19,37.58649444580078,FIBRAPL14.MX
2022-07-20,37.38250732421875,FIBRAPL14.MX
2022-07-21,37.198265075683594,FIBRAPL14.MX
2022-07-22,36.84951400756836,FIBRAPL14.MX
2022-07-25,36.60604476928711,FIBRAPL14.MX
2022-07-26,37.086395263671875,FIBRAPL14.MX
2022-07-27,37.416526794433594,FIBRAPL14.MX
2022-07-28,37.416526794433594,FIBRAPL14.MX
2022-07-29,37.755821228027344,FIBRAPL14.MX
2022-08-01,36.66473388671875,FIBRAPL14.MX
2022-08-02,36.644771575927734,FIBRAPL14.MX
2022-08-03,35.833099365234375,FIBRAPL14.MX
2022-08-04,36.591548919677734,FIBRAPL14.MX
2022-08-05,37.2435417175293,FIBRAPL14.MX
2022-08-08,36.98406982421875,FIBRAPL14.MX
2022-08-09,36.837703704833984,FIBRAPL14.MX
2022-08-10,37.0838737487793,FIBRAPL14.MX
2022-08-11,37.20362854003906,FIBRAPL14.MX
2022-08-12,37.23023986816406,FIBRAPL14.MX
2022-08-15,36.41191482543945,FIBRAPL14.MX
2022-08-16,36.584896087646484,FIBRAPL14.MX
2022-08-17,37.05725860595703,FIBRAPL14.MX
2022-08-18,36.21232986450195,FIBRAPL14.MX
2022-08-19,37.290103912353516,FIBRAPL14.MX
2022-08-22,37.33002853393555,FIBRAPL14.MX
2022-08-23,36.65141677856445,FIBRAPL14.MX
2022-08-24,36.34539031982422,FIBRAPL14.MX
2022-08-25,36.4185676574707,FIBRAPL14.MX
2022-08-26,36.49174880981445,FIBRAPL14.MX
2022-08-29,35.34743118286133,FIBRAPL14.MX
2022-08-30,35.55368423461914,FIBRAPL14.MX
2022-08-31,34.675479888916016,FIBRAPL14.MX
2022-09-01,34.409358978271484,FIBRAPL14.MX
2022-09-02,34.389400482177734,FIBRAPL14.MX
2022-09-05,35.01477813720703,FIBRAPL14.MX
2022-09-06,34.54906463623047,FIBRAPL14.MX
2022-09-07,33.624298095703125,FIBRAPL14.MX
2022-09-08,34.369449615478516,FIBRAPL14.MX
2022-09-09,34.602298736572266,FIBRAPL14.MX
2022-09-12,35.01477813720703,FIBRAPL14.MX
2022-09-13,34.230594635009766,FIBRAPL14.MX
2022-09-14,34.063812255859375,FIBRAPL14.MX
2022-09-15,35.88508987426758,FIBRAPL14.MX
2022-09-19,35.318023681640625,FIBRAPL14.MX
2022-09-20,35.78501892089844,FIBRAPL14.MX
2022-09-21,35.98516082763672,FIBRAPL14.MX
2022-09-22,36.085227966308594,FIBRAPL14.MX
2022-09-23,35.12456130981445,FIBRAPL14.MX
2022-09-26,34.317325592041016,FIBRAPL14.MX
2022-09-27,34.677581787109375,FIBRAPL14.MX
2022-09-28,34.13719940185547,FIBRAPL14.MX
2022-09-29,33.776947021484375,FIBRAPL14.MX
2022-09-30,34.01044464111328,FIBRAPL14.MX
2022-10-03,34.2105827331543,FIBRAPL14.MX
2022-10-04,34.270633697509766,FIBRAPL14.MX
2022-10-05,34.18389892578125,FIBRAPL14.MX
2022-10-06,34.103843688964844,FIBRAPL14.MX
2022-10-07,33.23656463623047,FIBRAPL14.MX
2022-10-10,32.189178466796875,FIBRAPL14.MX
2022-10-11,32.02239227294922,FIBRAPL14.MX
2022-10-12,32.46269607543945,FIBRAPL14.MX
2022-10-13,32.44268798828125,FIBRAPL14.MX
2022-10-14,31.895631790161133,FIBRAPL14.MX
2022-10-17,32.202510833740234,FIBRAPL14.MX
2022-10-18,32.04240036010742,FIBRAPL14.MX
2022-10-19,31.281877517700195,FIBRAPL14.MX
2022-10-20,32.80960464477539,FIBRAPL14.MX
2022-10-21,33.136505126953125,FIBRAPL14.MX
2022-10-24,33.0631217956543,FIBRAPL14.MX
2022-10-25,33.590152740478516,FIBRAPL14.MX
2022-10-26,33.82625198364258,FIBRAPL14.MX
2022-10-27,34.467689514160156,FIBRAPL14.MX
2022-10-28,33.83976745605469,FIBRAPL14.MX
2022-10-31,34.3528938293457,FIBRAPL14.MX
2022-11-01,35.04832458496094,FIBRAPL14.MX
2022-11-03,35.689735412597656,FIBRAPL14.MX
2022-11-04,36.425682067871094,FIBRAPL14.MX
2022-11-07,36.4661865234375,FIBRAPL14.MX
2022-11-08,36.4661865234375,FIBRAPL14.MX
2022-11-09,35.91930389404297,FIBRAPL14.MX
2022-11-10,37.654502868652344,FIBRAPL14.MX
2022-11-11,39.227657318115234,FIBRAPL14.MX
2022-11-14,38.484962463378906,FIBRAPL14.MX
2022-11-15,38.89006805419922,FIBRAPL14.MX
2022-11-16,38.78204345703125,FIBRAPL14.MX
2022-11-17,38.68751907348633,FIBRAPL14.MX
2022-11-18,39.227657318115234,FIBRAPL14.MX
2022-11-22,39.26142120361328,FIBRAPL14.MX
2022-11-23,39.403202056884766,FIBRAPL14.MX
2022-11-24,39.038604736328125,FIBRAPL14.MX
2022-11-25,39.882568359375,FIBRAPL14.MX
2022-11-28,39.58549880981445,FIBRAPL14.MX
2022-11-29,39.632755279541016,FIBRAPL14.MX
2022-11-30,39.821815490722656,FIBRAPL14.MX
2022-12-01,39.835323333740234,FIBRAPL14.MX
2022-12-02,40.02436828613281,FIBRAPL14.MX
2022-12-05,39.08586502075195,FIBRAPL14.MX
2022-12-06,38.255409240722656,FIBRAPL14.MX
2022-12-07,39.031856536865234,FIBRAPL14.MX
2022-12-08,39.821815490722656,FIBRAPL14.MX
2022-12-09,39.16014099121094,FIBRAPL14.MX
2022-12-13,38.75503921508789,FIBRAPL14.MX
2022-12-14,37.809783935546875,FIBRAPL14.MX
2022-12-15,37.323665618896484,FIBRAPL14.MX
2022-12-16,36.62147903442383,FIBRAPL14.MX
2022-12-19,37.22238540649414,FIBRAPL14.MX
2022-12-20,38.052852630615234,FIBRAPL14.MX
2022-12-21,37.43169021606445,FIBRAPL14.MX
2022-12-22,37.55323028564453,FIBRAPL14.MX
2022-12-23,37.80303955078125,FIBRAPL14.MX
2022-12-26,37.34392547607422,FIBRAPL14.MX
2022-12-27,37.46544647216797,FIBRAPL14.MX
2022-12-28,36.324398040771484,FIBRAPL14.MX
2022-12-29,37.695011138916016,FIBRAPL14.MX
2022-12-30,37.492454528808594,FIBRAPL14.MX
2023-01-02,37.53971862792969,FIBRAPL14.MX
2023-01-03,38.29591369628906,FIBRAPL14.MX
2023-01-04,40.25392150878906,FIBRAPL14.MX
2023-01-05,40.632015228271484,FIBRAPL14.MX
2023-01-06,41.11814498901367,FIBRAPL14.MX
2023-01-09,40.456478118896484,FIBRAPL14.MX
2023-01-10,40.76029968261719,FIBRAPL14.MX
2023-01-11,40.544246673583984,FIBRAPL14.MX
2023-01-12,40.92233657836914,FIBRAPL14.MX
2023-01-13,40.71978759765625,FIBRAPL14.MX
2023-01-16,40.78056716918945,FIBRAPL14.MX
2023-01-17,40.71303939819336,FIBRAPL14.MX
2023-01-18,40.544246673583984,FIBRAPL14.MX
2023-01-19,41.01011657714844,FIBRAPL14.MX
2023-01-20,41.361202239990234,FIBRAPL14.MX
2023-01-23,41.96885681152344,FIBRAPL14.MX
2023-01-24,40.96961212158203,FIBRAPL14.MX
2023-01-25,40.6492805480957,FIBRAPL14.MX
2023-01-26,41.67829895019531,FIBRAPL14.MX
2023-01-27,41.7055549621582,FIBRAPL14.MX
2023-01-30,41.45341873168945,FIBRAPL14.MX
2023-01-31,41.848663330078125,FIBRAPL14.MX
2023-02-01,42.7958869934082,FIBRAPL14.MX
2023-02-02,42.884483337402344,FIBRAPL14.MX
2023-02-03,42.84360122680664,FIBRAPL14.MX
2023-02-07,41.94405746459961,FIBRAPL14.MX
2023-02-08,41.68510818481445,FIBRAPL14.MX
2023-02-09,43.17070388793945,FIBRAPL14.MX
2023-02-10,43.429656982421875,FIBRAPL14.MX
2023-02-13,45.092430114746094,FIBRAPL14.MX
2023-02-14,46.10780715942383,FIBRAPL14.MX
2023-02-15,45.991966247558594,FIBRAPL14.MX
2023-02-16,44.02252960205078,FIBRAPL14.MX
2023-02-17,44.73806381225586,FIBRAPL14.MX
2023-02-20,45.249168395996094,FIBRAPL14.MX
2023-02-21,44.69036102294922,FIBRAPL14.MX
2023-02-22,44.349632263183594,FIBRAPL14.MX
2023-02-23,44.26103973388672,FIBRAPL14.MX
2023-02-24,44.50636672973633,FIBRAPL14.MX
2023-02-27,45.255977630615234,FIBRAPL14.MX
2023-02-28,45.58308410644531,FIBRAPL14.MX
2023-03-01,45.63078308105469,FIBRAPL14.MX
2023-03-02,44.99021530151367,FIBRAPL14.MX
2023-03-03,45.93062973022461,FIBRAPL14.MX
2023-03-06,45.47404861450195,FIBRAPL14.MX
2023-03-07,44.65629196166992,FIBRAPL14.MX
2023-03-08,44.711524963378906,FIBRAPL14.MX
2023-03-09,45.712623596191406,FIBRAPL14.MX
2023-03-10,45.07744216918945,FIBRAPL14.MX
2023-03-13,44.89102554321289,FIBRAPL14.MX
2023-03-14,45.13958740234375,FIBRAPL14.MX
2023-03-15,44.87722396850586,FIBRAPL14.MX
2023-03-16,45.401939392089844,FIBRAPL14.MX
2023-03-17,44.26274871826172,FIBRAPL14.MX
2023-03-21,44.773658752441406,FIBRAPL14.MX
2023-03-22,45.66429901123047,FIBRAPL14.MX
2023-03-23,45.92665100097656,FIBRAPL14.MX
2023-03-24,46.15449523925781,FIBRAPL14.MX
2023-03-27,47.27297592163086,FIBRAPL14.MX
2023-03-28,46.01640701293945,FIBRAPL14.MX
2023-03-29,45.38813400268555,FIBRAPL14.MX
2023-03-30,45.733341217041016,FIBRAPL14.MX
2023-03-31,44.80817794799805,FIBRAPL14.MX
2023-04-03,45.02911376953125,FIBRAPL14.MX
2023-04-04,43.724220275878906,FIBRAPL14.MX
2023-04-05,42.39862060546875,FIBRAPL14.MX
2023-04-10,43.26164627075195,FIBRAPL14.MX
2023-04-11,43.93134307861328,FIBRAPL14.MX
2023-04-12,45.90594482421875,FIBRAPL14.MX
2023-04-13,46.989891052246094,FIBRAPL14.MX
2023-04-14,44.53891372680664,FIBRAPL14.MX
2023-04-17,43.37901306152344,FIBRAPL14.MX
2023-04-18,43.834686279296875,FIBRAPL14.MX
2023-04-19,43.81398010253906,FIBRAPL14.MX
2023-04-20,44.46297073364258,FIBRAPL14.MX
2023-04-21,44.87722396850586,FIBRAPL14.MX
2023-04-24,45.063621520996094,FIBRAPL14.MX
2023-04-25,44.46297073364258,FIBRAPL14.MX
2023-04-26,44.73223114013672,FIBRAPL14.MX
2023-04-27,44.31107711791992,FIBRAPL14.MX
2023-04-28,42.7369270324707,FIBRAPL14.MX
2023-05-02,42.17768478393555,FIBRAPL14.MX
2023-05-03,42.598838806152344,FIBRAPL14.MX
2023-05-04,41.21800231933594,FIBRAPL14.MX
2023-05-05,40.596622467041016,FIBRAPL14.MX
2023-05-08,40.52758026123047,FIBRAPL14.MX
2023-05-09,40.62424087524414,FIBRAPL14.MX
2023-05-10,40.907310485839844,FIBRAPL14.MX
2023-05-11,40.52758026123047,FIBRAPL14.MX
2023-05-12,40.734718322753906,FIBRAPL14.MX
2023-05-15,40.83827209472656,FIBRAPL14.MX
2023-05-16,40.53449249267578,FIBRAPL14.MX
2023-05-17,40.562103271484375,FIBRAPL14.MX
2023-05-18,40.63114929199219,FIBRAPL14.MX
2023-05-19,40.9970703125,FIBRAPL14.MX
2023-05-22,41.32846450805664,FIBRAPL14.MX
2023-05-23,40.07881546020508,FIBRAPL14.MX
2023-05-24,41.07301712036133,FIBRAPL14.MX
2023-05-25,41.418216705322266,FIBRAPL14.MX
2023-05-26,41.597740173339844,FIBRAPL14.MX
2023-05-29,41.90842056274414,FIBRAPL14.MX
2023-05-30,40.99016571044922,FIBRAPL14.MX
2023-05-31,40.96253967285156,FIBRAPL14.MX
2023-06-01,41.47345733642578,FIBRAPL14.MX
2023-06-02,41.88081359863281,FIBRAPL14.MX
2023-06-05,42.39862060546875,FIBRAPL14.MX
2023-06-06,41.96365737915039,FIBRAPL14.MX
2023-06-07,42.66788101196289,FIBRAPL14.MX
2023-06-08,42.21221160888672,FIBRAPL14.MX
2023-06-09,41.80485534667969,FIBRAPL14.MX
2023-06-12,41.936038970947266,FIBRAPL14.MX
2023-06-13,42.11555099487305,FIBRAPL14.MX
2023-06-14,42.730018615722656,FIBRAPL14.MX
2023-06-15,43.827781677246094,FIBRAPL14.MX
2023-06-16,44.21441650390625,FIBRAPL14.MX
2023-06-19,43.66899108886719,FIBRAPL14.MX
2023-06-20,43.67588806152344,FIBRAPL14.MX
2023-06-21,43.047611236572266,FIBRAPL14.MX
2023-06-22,43.15117645263672,FIBRAPL14.MX
2023-06-23,42.4676628112793,FIBRAPL14.MX
2023-06-26,43.59994888305664,FIBRAPL14.MX
2023-06-27,43.59994888305664,FIBRAPL14.MX
2023-06-28,43.52399826049805,FIBRAPL14.MX
2023-06-29,44.387027740478516,FIBRAPL14.MX
2023-06-30,43.74492645263672,FIBRAPL14.MX
2023-07-03,45.56764221191406,FIBRAPL14.MX
2023-07-04,45.49169158935547,FIBRAPL14.MX
2023-07-05,45.42955780029297,FIBRAPL14.MX
2023-07-06,45.38813400268555,FIBRAPL14.MX
2023-07-07,45.13958740234375,FIBRAPL14.MX
2023-07-10,44.91864776611328,FIBRAPL14.MX
2023-07-11,45.001495361328125,FIBRAPL14.MX
2023-07-12,44.13847732543945,FIBRAPL14.MX
2023-07-13,43.60684585571289,FIBRAPL14.MX
2023-07-14,42.3157844543457,FIBRAPL14.MX
2023-07-17,41.42512512207031,FIBRAPL14.MX
2023-07-18,41.8600959777832,FIBRAPL14.MX
2023-07-19,42.03960037231445,FIBRAPL14.MX
2023-07-20,43.06142807006836,FIBRAPL14.MX
2023-07-21,43.28236389160156,FIBRAPL14.MX
2023-07-24,42.86119842529297,FIBRAPL14.MX
2023-07-25,42.94405746459961,FIBRAPL14.MX
2023-07-26,43.178348541259766,FIBRAPL14.MX
2023-07-27,43.3870735168457,FIBRAPL14.MX
2023-07-28,43.136600494384766,FIBRAPL14.MX
2023-07-31,43.26183319091797,FIBRAPL14.MX
2023-08-01,43.4496955871582,FIBRAPL14.MX
2023-08-02,42.329524993896484,FIBRAPL14.MX
2023-08-03,41.74509811401367,FIBRAPL14.MX
2023-08-04,42.9904899597168,FIBRAPL14.MX
2023-08-07,42.851341247558594,FIBRAPL14.MX
2023-08-08,42.350406646728516,FIBRAPL14.MX
2023-08-09,42.10688781738281,FIBRAPL14.MX
2023-08-10,41.67551803588867,FIBRAPL14.MX
2023-08-11,41.87034225463867,FIBRAPL14.MX
2023-08-14,42.239078521728516,FIBRAPL14.MX
2023-08-15,42.96961975097656,FIBRAPL14.MX
2023-08-16,42.49650573730469,FIBRAPL14.MX
2023-08-17,42.16254806518555,FIBRAPL14.MX
2023-08-18,43.52622985839844,FIBRAPL14.MX
2023-08-21,44.27068328857422,FIBRAPL14.MX
2023-08-22,43.83234786987305,FIBRAPL14.MX
2023-08-23,43.97150802612305,FIBRAPL14.MX
2023-08-24,42.07210159301758,FIBRAPL14.MX
2023-08-25,41.967742919921875,FIBRAPL14.MX
2023-08-28,42.28778076171875,FIBRAPL14.MX
2023-08-29,42.280826568603516,FIBRAPL14.MX
2023-08-30,42.294742584228516,FIBRAPL14.MX
2023-08-31,41.5781135559082,FIBRAPL14.MX
2023-09-01,41.717262268066406,FIBRAPL14.MX
2023-09-04,41.85642623901367,FIBRAPL14.MX
2023-09-05,41.74509811401367,FIBRAPL14.MX
2023-09-06,41.73814010620117,FIBRAPL14.MX
2023-09-07,41.74509811401367,FIBRAPL14.MX
2023-09-08,41.61289978027344,FIBRAPL14.MX
2023-09-11,41.5502815246582,FIBRAPL14.MX
2023-09-12,42.280826568603516,FIBRAPL14.MX
2023-09-13,41.807708740234375,FIBRAPL14.MX
2023-09-14,41.61289978027344,FIBRAPL14.MX
2023-09-15,41.27199172973633,FIBRAPL14.MX
2023-09-18,41.49462890625,FIBRAPL14.MX
2023-09-19,41.85642623901367,FIBRAPL14.MX
2023-09-20,42.308658599853516,FIBRAPL14.MX
2023-09-21,41.87729263305664,FIBRAPL14.MX
2023-09-22,42.65653991699219,FIBRAPL14.MX
2023-09-25,42.18342590332031,FIBRAPL14.MX
2023-09-26,42.91396713256836,FIBRAPL14.MX
2023-09-27,42.329524993896484,FIBRAPL14.MX
2023-09-28,42.09992599487305,FIBRAPL14.MX
2023-09-29,41.78684616088867,FIBRAPL14.MX
2023-10-02,41.905120849609375,FIBRAPL14.MX
2023-10-03,41.188499450683594,FIBRAPL14.MX
2023-10-04,41.77988052368164,FIBRAPL14.MX
2023-10-05,43.136600494384766,FIBRAPL14.MX
2023-10-06,44.81336212158203,FIBRAPL14.MX
2023-10-09,44.409828186035156,FIBRAPL14.MX
2023-10-10,44.66029357910156,FIBRAPL14.MX
2023-10-11,44.347206115722656,FIBRAPL14.MX
2023-10-12,43.52622985839844,FIBRAPL14.MX
2023-10-13,42.57304382324219,FIBRAPL14.MX
2023-10-16,42.51042556762695,FIBRAPL14.MX
2023-10-17,42.65653991699219,FIBRAPL14.MX
2023-10-18,44.76466369628906,FIBRAPL14.MX
2023-10-19,45.237770080566406,FIBRAPL14.MX
2023-10-20,45.23081588745117,FIBRAPL14.MX
2023-10-23,45.60651779174805,FIBRAPL14.MX
2023-10-24,46.26748275756836,FIBRAPL14.MX
2023-10-25,46.13529586791992,FIBRAPL14.MX
2023-10-26,45.71088409423828,FIBRAPL14.MX
2023-10-27,45.18210983276367,FIBRAPL14.MX
2023-10-30,45.518524169921875,FIBRAPL14.MX
2023-10-31,45.39229965209961,FIBRAPL14.MX
2023-11-01,45.34321212768555,FIBRAPL14.MX
2023-11-03,48.10615539550781,FIBRAPL14.MX
2023-11-06,47.825653076171875,FIBRAPL14.MX
2023-11-07,48.561973571777344,FIBRAPL14.MX
2023-11-08,48.9757080078125,FIBRAPL14.MX
2023-11-09,48.23939514160156,FIBRAPL14.MX
2023-11-10,48.54794692993164,FIBRAPL14.MX
2023-11-13,48.42171859741211,FIBRAPL14.MX
2023-11-14,48.8004035949707,FIBRAPL14.MX
2023-11-15,49.8522834777832,FIBRAPL14.MX
2023-11-16,49.550743103027344,FIBRAPL14.MX
2023-11-17,50.36420440673828,FIBRAPL14.MX
2023-11-21,50.406272888183594,FIBRAPL14.MX
2023-11-22,50.07667922973633,FIBRAPL14.MX
2023-11-23,51.1566162109375,FIBRAPL14.MX
2023-11-24,51.261817932128906,FIBRAPL14.MX
2023-11-27,50.30107879638672,FIBRAPL14.MX
2023-11-28,49.09492874145508,FIBRAPL14.MX
2023-11-29,49.42451858520508,FIBRAPL14.MX
2023-11-30,51.556331634521484,FIBRAPL14.MX
2023-12-01,52.804569244384766,FIBRAPL14.MX
2023-12-04,53.751258850097656,FIBRAPL14.MX
2023-12-05,53.30246353149414,FIBRAPL14.MX
2023-12-06,53.989688873291016,FIBRAPL14.MX
2023-12-07,54.950408935546875,FIBRAPL14.MX
2023-12-08,55.672706604003906,FIBRAPL14.MX
2023-12-11,55.53947067260742,FIBRAPL14.MX
2023-12-13,56.09346389770508,FIBRAPL14.MX
2023-12-14,55.96723556518555,FIBRAPL14.MX
2023-12-15,56.05839920043945,FIBRAPL14.MX
2023-12-18,55.82699203491211,FIBRAPL14.MX
2023-12-19,55.749847412109375,FIBRAPL14.MX
2023-12-20,53.24636459350586,FIBRAPL14.MX
2023-12-21,54.5156364440918,FIBRAPL14.MX
2023-12-22,55.37116622924805,FIBRAPL14.MX
2023-12-26,55.357139587402344,FIBRAPL14.MX
2023-12-27,55.890098571777344,FIBRAPL14.MX
2023-12-28,56.184627532958984,FIBRAPL14.MX
2023-12-29,56.45110321044922,FIBRAPL14.MX
2024-01-02,55.60258483886719,FIBRAPL14.MX
2024-01-03,53.828407287597656,FIBRAPL14.MX
2024-01-04,53.68114471435547,FIBRAPL14.MX
2024-01-05,53.835418701171875,FIBRAPL14.MX
2024-01-08,53.88450241088867,FIBRAPL14.MX
2024-01-09,53.15519714355469,FIBRAPL14.MX
2024-01-10,53.491798400878906,FIBRAPL14.MX
2024-01-11,53.28142547607422,FIBRAPL14.MX
2024-01-12,52.846649169921875,FIBRAPL14.MX
2024-01-15,53.702178955078125,FIBRAPL14.MX
2024-01-16,53.09910202026367,FIBRAPL14.MX
2024-01-17,51.254791259765625,FIBRAPL14.MX
2024-01-18,51.4090690612793,FIBRAPL14.MX
2024-01-19,52.57315444946289,FIBRAPL14.MX
2024-01-22,51.85085678100586,FIBRAPL14.MX
2024-01-23,53.35856628417969,FIBRAPL14.MX
2024-01-24,52.05422592163086,FIBRAPL14.MX
2024-01-25,52.14539337158203,FIBRAPL14.MX
2024-01-26,51.191680908203125,FIBRAPL14.MX
2024-01-29,50.07667922973633,FIBRAPL14.MX
2024-01-30,49.70069885253906,FIBRAPL14.MX
2024-01-31,51.05643844604492,FIBRAPL14.MX
2024-02-01,50.479522705078125,FIBRAPL14.MX
2024-02-02,51.150184631347656,FIBRAPL14.MX
2024-02-06,52.35447692871094,FIBRAPL14.MX
2024-02-07,52.7583122253418,FIBRAPL14.MX
2024-02-08,52.18141174316406,FIBRAPL14.MX
2024-02-09,52.28236770629883,FIBRAPL14.MX
2024-02-12,52.78716278076172,FIBRAPL14.MX
2024-02-13,51.27998733520508,FIBRAPL14.MX
2024-02-14,51.94342803955078,FIBRAPL14.MX
2024-02-15,51.72708511352539,FIBRAPL14.MX
2024-02-16,51.979488372802734,FIBRAPL14.MX
2024-02-19,53.21984100341797,FIBRAPL14.MX
2024-02-20,52.02275848388672,FIBRAPL14.MX
2024-02-21,52.080448150634766,FIBRAPL14.MX
2024-02-22,53.724632263183594,FIBRAPL14.MX
2024-02-23,53.74627685546875,FIBRAPL14.MX
2024-02-26,54.200584411621094,FIBRAPL14.MX
2024-02-27,53.47945785522461,FIBRAPL14.MX
2024-02-28,52.462650299072266,FIBRAPL14.MX
2024-02-29,54.662113189697266,FIBRAPL14.MX
2024-03-01,54.61884689331055,FIBRAPL14.MX
2024-03-04,67.84867095947266,FIBRAPL14.MX
2024-03-05,64.52257537841797,FIBRAPL14.MX
2024-03-06,65.60400390625,FIBRAPL14.MX
2024-03-07,66.33101654052734,FIBRAPL14.MX
2024-03-08,65.5040512084961,FIBRAPL14.MX
2024-03-11,66.0674819946289,FIBRAPL14.MX
2024-03-12,65.02239227294922,FIBRAPL14.MX
2024-03-13,66.16744232177734,FIBRAPL14.MX
2024-03-14,64.52257537841797,FIBRAPL14.MX
2024-03-15,64.23177337646484,FIBRAPL14.MX
2024-03-19,63.65924835205078,FIBRAPL14.MX
2024-03-20,62.9594841003418,FIBRAPL14.MX
2024-03-21,63.22304916381836,FIBRAPL14.MX
2024-03-22,64.22267150878906,FIBRAPL14.MX
2024-03-25,64.13180541992188,FIBRAPL14.MX
2024-03-26,63.795562744140625,FIBRAPL14.MX
2024-03-27,65.9039077758789,FIBRAPL14.MX
2024-04-01,65.44043731689453,FIBRAPL14.MX
2024-04-02,65.69487762451172,FIBRAPL14.MX
2024-04-03,63.568359375,FIBRAPL14.MX
2024-04-04,63.322994232177734,FIBRAPL14.MX
2024-04-05,62.8958740234375,FIBRAPL14.MX
2024-04-08,65.74031829833984,FIBRAPL14.MX
2024-04-09,65.61309814453125,FIBRAPL14.MX
2024-04-10,64.17724609375,FIBRAPL14.MX
2024-04-11,63.177589416503906,FIBRAPL14.MX
2024-04-12,62.695945739746094,FIBRAPL14.MX
2024-04-15,60.89659118652344,FIBRAPL14.MX
2024-04-16,60.06959915161133,FIBRAPL14.MX
2024-04-17,60.47856140136719,FIBRAPL14.MX
2024-04-18,61.496368408203125,FIBRAPL14.MX
2024-04-19,61.31461715698242,FIBRAPL14.MX
2024-04-22,63.5047492980957,FIBRAPL14.MX
2024-04-23,65.44043731689453,FIBRAPL14.MX
2024-04-24,65.33137512207031,FIBRAPL14.MX
2024-04-25,65.3949966430664,FIBRAPL14.MX
2024-04-26,64.74977111816406,FIBRAPL14.MX
2024-04-29,64.61158752441406,FIBRAPL14.MX
2024-04-30,61.65178298950195,FIBRAPL14.MX
2024-05-02,61.010345458984375,FIBRAPL14.MX
2024-05-03,60.93703842163086,FIBRAPL14.MX
2024-05-06,60.020694732666016,FIBRAPL14.MX
2024-05-07,57.9130973815918,FIBRAPL14.MX
2024-05-08,59.35175323486328,FIBRAPL14.MX
2024-05-09,60.80874252319336,FIBRAPL14.MX
2024-05-10,60.9095458984375,FIBRAPL14.MX
2024-05-13,60.92787170410156,FIBRAPL14.MX
2024-05-14,60.51552200317383,FIBRAPL14.MX
2024-05-15,60.89121627807617,FIBRAPL14.MX
2024-05-16,62.66893005371094,FIBRAPL14.MX
2024-05-17,63.21873092651367,FIBRAPL14.MX
2024-05-20,63.03547286987305,FIBRAPL14.MX
2024-05-21,61.93585205078125,FIBRAPL14.MX
2024-05-22,61.78007888793945,FIBRAPL14.MX
2024-05-23,61.39521408081055,FIBRAPL14.MX
2024-05-24,59.45255661010742,FIBRAPL14.MX
2024-05-27,59.73662185668945,FIBRAPL14.MX
2024-05-28,59.40673828125,FIBRAPL14.MX
2024-05-29,60.24061584472656,FIBRAPL14.MX
2024-05-30,60.01152801513672,FIBRAPL14.MX
2024-05-31,63.10877227783203,FIBRAPL14.MX
2024-06-03,58.93023681640625,FIBRAPL14.MX
2024-06-04,62.08246994018555,FIBRAPL14.MX
2024-06-05,62.60478210449219,FIBRAPL14.MX
2024-06-06,62.971336364746094,FIBRAPL14.MX
2024-06-07,60.23145294189453,FIBRAPL14.MX
2024-06-10,58.19716262817383,FIBRAPL14.MX
2024-06-11,57.82145690917969,FIBRAPL14.MX
2024-06-12,58.627845764160156,FIBRAPL14.MX
2024-06-13,57.7481575012207,FIBRAPL14.MX
2024-06-14,57.41826248168945,FIBRAPL14.MX
2024-06-17,56.611881256103516,FIBRAPL14.MX
2024-06-18,57.15252685546875,FIBRAPL14.MX
2024-06-19,58.41708755493164,FIBRAPL14.MX
2024-06-20,57.2349967956543,FIBRAPL14.MX
2024-06-21,56.85013198852539,FIBRAPL14.MX
2024-06-24,57.042564392089844,FIBRAPL14.MX
2024-06-25,56.77682876586914,FIBRAPL14.MX
2024-06-26,56.08040237426758,FIBRAPL14.MX
2024-06-27,55.91545486450195,FIBRAPL14.MX
2024-06-28,54.650901794433594,FIBRAPL14.MX
2024-07-01,55.81465530395508,FIBRAPL14.MX
2024-07-02,55.219032287597656,FIBRAPL14.MX
2024-07-03,56.91427230834961,FIBRAPL14.MX
2024-07-04,56.53857421875,FIBRAPL14.MX
2024-07-05,58.36210250854492,FIBRAPL14.MX
2024-07-08,58.20632553100586,FIBRAPL14.MX
2024-07-09,60.04817581176758,FIBRAPL14.MX
2024-07-10,61.26692199707031,FIBRAPL14.MX
2024-07-11,60.79041290283203,FIBRAPL14.MX
2024-07-12,61.61513900756836,FIBRAPL14.MX
2024-07-15,59.681636810302734,FIBRAPL14.MX
2024-07-16,59.58083724975586,FIBRAPL14.MX
2024-07-17,57.98640060424805,FIBRAPL14.MX
2024-07-18,56.126216888427734,FIBRAPL14.MX
2024-07-19,55.585575103759766,FIBRAPL14.MX
2024-07-22,56.73100662231445,FIBRAPL14.MX
2024-07-23,56.74934005737305,FIBRAPL14.MX
2024-07-24,55.15488815307617,FIBRAPL14.MX
2024-07-25,54.3393440246582,FIBRAPL14.MX
2024-07-26,54.53177261352539,FIBRAPL14.MX
2024-07-29,54.9074821472168,FIBRAPL14.MX
2024-07-30,54.07360076904297,FIBRAPL14.MX
2024-07-31,57.03340530395508,FIBRAPL14.MX
2024-08-01,57.22583770751953,FIBRAPL14.MX
2024-08-02,56.45610427856445,FIBRAPL14.MX
2024-08-05,56.712677001953125,FIBRAPL14.MX
2024-08-06,57.720664978027344,FIBRAPL14.MX
2024-08-07,61.61513900756836,FIBRAPL14.MX
2024-08-08,63.264556884765625,FIBRAPL14.MX
2024-08-09,62.20159149169922,FIBRAPL14.MX
2024-08-12,62.43067932128906,FIBRAPL14.MX
2024-08-13,64.4283218383789,FIBRAPL14.MX
2024-08-14,64.59325408935547,FIBRAPL14.MX
2024-08-15,64.35501098632812,FIBRAPL14.MX
2024-08-16,63.7685546875,FIBRAPL14.MX
2024-08-19,63.6230583190918,FIBRAPL14.MX
2024-08-20,62.91974639892578,FIBRAPL14.MX
2024-08-21,61.44831085205078,FIBRAPL14.MX
2024-08-22,60.12495803833008,FIBRAPL14.MX
2024-08-23,60.7357292175293,FIBRAPL14.MX
2024-08-26,58.42217254638672,FIBRAPL14.MX
2024-08-27,55.90500259399414,FIBRAPL14.MX
2024-08-28,56.60832977294922,FIBRAPL14.MX
2024-08-29,56.48802947998047,FIBRAPL14.MX
2024-08-30,57.92243576049805,FIBRAPL14.MX
2024-09-02,59.86583709716797,FIBRAPL14.MX
2024-09-03,58.04274368286133,FIBRAPL14.MX
2024-09-04,58.83861541748047,FIBRAPL14.MX
2024-09-05,58.82010269165039,FIBRAPL14.MX
2024-09-06,59.21803283691406,FIBRAPL14.MX
2024-09-09,59.68074417114258,FIBRAPL14.MX
2024-09-10,59.29206085205078,FIBRAPL14.MX
2024-09-11,59.41236877441406,FIBRAPL14.MX
2024-09-12,61.587127685546875,FIBRAPL14.MX
2024-09-13,59.22728729248047,FIBRAPL14.MX
2024-09-17,60.01389694213867,FIBRAPL14.MX
2024-09-18,60.596927642822266,FIBRAPL14.MX
2024-09-19,60.856040954589844,FIBRAPL14.MX
2024-09-20,59.59746551513672,FIBRAPL14.MX
2024-09-23,59.84732437133789,FIBRAPL14.MX
2024-09-24,59.97688293457031,FIBRAPL14.MX
2024-09-25,59.773284912109375,FIBRAPL14.MX
2024-09-26,60.43033981323242,FIBRAPL14.MX
2024-09-27,60.16197204589844,FIBRAPL14.MX
2024-09-30,59.578948974609375,FIBRAPL14.MX
2024-10-02,60.4488525390625,FIBRAPL14.MX
2024-10-03,60.35630798339844,FIBRAPL14.MX
2024-10-04,60.32854461669922,FIBRAPL14.MX
2024-10-07,60.42108917236328,FIBRAPL14.MX
2024-10-08,61.04112243652344,FIBRAPL14.MX
2024-10-09,61.216957092285156,FIBRAPL14.MX
2024-10-10,62.19791030883789,FIBRAPL14.MX
2024-10-11,63.01227951049805,FIBRAPL14.MX
2024-10-14,63.02153396606445,FIBRAPL14.MX
2024-10-15,63.00302505493164,FIBRAPL14.MX
2024-10-16,63.521263122558594,FIBRAPL14.MX
2024-10-17,63.28990936279297,FIBRAPL14.MX
2024-10-18,63.06781005859375,FIBRAPL14.MX
2024-10-21,62.75315856933594,FIBRAPL14.MX
2024-10-22,61.86475372314453,FIBRAPL14.MX
2024-10-23,62.02207565307617,FIBRAPL14.MX
2024-10-24,61.79071807861328,FIBRAPL14.MX
2024-10-25,61.49457931518555,FIBRAPL14.MX
2024-10-28,61.39277648925781,FIBRAPL14.MX
2024-10-29,61.53159713745117,FIBRAPL14.MX
2024-10-30,61.540855407714844,FIBRAPL14.MX
2024-10-31,62.66799545288086,FIBRAPL14.MX
2024-11-01,62.60251998901367,FIBRAPL14.MX
2024-11-04,62.3780403137207,FIBRAPL14.MX
2024-11-05,63.66880416870117,FIBRAPL14.MX
2024-11-06,62.125484466552734,FIBRAPL14.MX
2024-11-07,62.78957748413086,FIBRAPL14.MX
2024-11-08,62.20032501220703,FIBRAPL14.MX
2024-11-11,60.946964263916016,FIBRAPL14.MX
2024-11-12,60.59152603149414,FIBRAPL14.MX
2024-11-13,60.816009521484375,FIBRAPL14.MX
2024-11-14,59.99291229248047,FIBRAPL14.MX
2024-11-15,59.86196517944336,FIBRAPL14.MX
2024-11-19,59.908729553222656,FIBRAPL14.MX
2024-11-20,60.35769271850586,FIBRAPL14.MX
2024-11-21,58.91727066040039,FIBRAPL14.MX
2024-11-22,58.636661529541016,FIBRAPL14.MX
2024-11-25,59.6468391418457,FIBRAPL14.MX
2024-11-26,57.935157775878906,FIBRAPL14.MX
2024-11-27,57.04658126831055,FIBRAPL14.MX
2024-11-28,57.22429656982422,FIBRAPL14.MX
2024-11-29,56.85951232910156,FIBRAPL14.MX
2024-12-02,56.0177001953125,FIBRAPL14.MX
2024-12-03,55.19459915161133,FIBRAPL14.MX
2024-12-04,56.41990661621094,FIBRAPL14.MX
2024-12-05,56.15800857543945,FIBRAPL14.MX
2024-12-06,57.44877624511719,FIBRAPL14.MX
2024-12-09,57.52360153198242,FIBRAPL14.MX
2024-12-10,55.989646911621094,FIBRAPL14.MX
2024-12-11,56.5414924621582,FIBRAPL14.MX
2024-12-13,56.91563034057617,FIBRAPL14.MX
2024-12-16,57.458133697509766,FIBRAPL14.MX
2024-12-17,56.382484436035156,FIBRAPL14.MX
2024-12-18,56.129940032958984,FIBRAPL14.MX
2024-12-19,56.25153350830078,FIBRAPL14.MX
2024-12-20,55.671627044677734,FIBRAPL14.MX
2024-12-23,55.119773864746094,FIBRAPL14.MX
2024-12-24,55.1478271484375,FIBRAPL14.MX
2024-12-26,54.45568084716797,FIBRAPL14.MX
2024-12-27,55.45649719238281,FIBRAPL14.MX
2024-12-30,53.77288055419922,FIBRAPL14.MX
2024-12-31,54.0347785949707,FIBRAPL14.MX
2025-01-02,54.39955520629883,FIBRAPL14.MX
2025-01-03,52.126670837402344,FIBRAPL14.MX
2025-01-06,53.043312072753906,FIBRAPL14.MX
2025-01-07,53.33326721191406,FIBRAPL14.MX
2025-01-08,53.969303131103516,FIBRAPL14.MX
2025-01-09,52.388572692871094,FIBRAPL14.MX
2025-01-10,52.06119918823242,FIBRAPL14.MX
2025-01-13,53.529685974121094,FIBRAPL14.MX
2025-01-14,53.25844192504883,FIBRAPL14.MX
2025-01-15,54.53050994873047,FIBRAPL14.MX
2025-01-16,53.60451889038086,FIBRAPL14.MX
2025-01-17,53.30521011352539,FIBRAPL14.MX
2025-01-20,53.98801040649414,FIBRAPL14.MX
2025-01-21,54.97011947631836,FIBRAPL14.MX
2025-01-22,57.112056732177734,FIBRAPL14.MX
2025-01-23,56.27959442138672,FIBRAPL14.MX
2025-01-24,57.168174743652344,FIBRAPL14.MX
2025-01-27,59.2726936340332,FIBRAPL14.MX
2025-01-28,60.7879524230957,FIBRAPL14.MX
2025-01-29,60.76924514770508,FIBRAPL14.MX
2025-01-30,60.834720611572266,FIBRAPL14.MX
2025-01-31,60.37640380859375,FIBRAPL14.MX
2025-02-04,60.61024475097656,FIBRAPL14.MX
2025-02-05,60.65700149536133,FIBRAPL14.MX
2025-02-06,58.90830993652344,FIBRAPL14.MX
2025-02-07,62.80525588989258,FIBRAPL14.MX
2025-02-10,62.47421646118164,FIBRAPL14.MX
2025-02-11,62.31341552734375,FIBRAPL14.MX
2025-02-12,63.372772216796875,FIBRAPL14.MX
2025-02-13,63.55249786376953,FIBRAPL14.MX
2025-02-14,63.751121520996094,FIBRAPL14.MX
2025-02-17,62.285030364990234,FIBRAPL14.MX
2025-02-18,64.10108947753906,FIBRAPL14.MX
2025-02-19,61.49051284790039,FIBRAPL14.MX
2025-02-20,61.78373336791992,FIBRAPL14.MX
2025-02-21,61.45267868041992,FIBRAPL14.MX
2025-02-24,60.72435760498047,FIBRAPL14.MX
2025-02-25,61.6986083984375,FIBRAPL14.MX
2025-02-26,61.19729232788086,FIBRAPL14.MX
2025-02-27,61.235130310058594,FIBRAPL14.MX
2025-02-28,61.46213912963867,FIBRAPL14.MX
2025-03-03,61.2918815612793,FIBRAPL14.MX
2025-03-04,61.499969482421875,FIBRAPL14.MX
2025-03-05,61.00812530517578,FIBRAPL14.MX
2025-03-06,60.75273895263672,FIBRAPL14.MX
2025-03-07,61.62293243408203,FIBRAPL14.MX
2025-03-10,57.65031433105469,FIBRAPL14.MX
2025-03-11,60.50681686401367,FIBRAPL14.MX
2025-03-12,59.939292907714844,FIBRAPL14.MX
2025-03-13,61.48106002807617,FIBRAPL14.MX
2025-03-14,62.114776611328125,FIBRAPL14.MX
2025-03-18,62.02019500732422,FIBRAPL14.MX
2025-03-19,61.41484069824219,FIBRAPL14.MX
2025-03-20,62.398536682128906,FIBRAPL14.MX
2025-03-21,61.377010345458984,FIBRAPL14.MX
2025-03-24,61.48106002807617,FIBRAPL14.MX
2025-03-25,62.19045639038086,FIBRAPL14.MX
2025-03-26,62.720130920410156,FIBRAPL14.MX
2025-03-27,62.436370849609375,FIBRAPL14.MX
2025-03-28,61.85940170288086,FIBRAPL14.MX
2025-03-31,62.15262222290039,FIBRAPL14.MX
2025-04-01,61.78373336791992,FIBRAPL14.MX
2025-04-02,61.2918815612793,FIBRAPL14.MX
2025-04-03,64.73481750488281,FIBRAPL14.MX
2025-04-04,63.65654754638672,FIBRAPL14.MX
2025-04-07,61.027034759521484,FIBRAPL14.MX
2025-04-08,57.86785888671875,FIBRAPL14.MX
2025-04-09,63.874088287353516,FIBRAPL14.MX
2025-04-10,61.953983306884766,FIBRAPL14.MX
2025-04-11,60.904075622558594,FIBRAPL14.MX
2025-04-14,60.535186767578125,FIBRAPL14.MX
2025-04-15,61.10270309448242,FIBRAPL14.MX
2025-04-16,60.69598388671875,FIBRAPL14.MX
2025-04-21,61.339176177978516,FIBRAPL14.MX
2025-04-22,60.58248519897461,FIBRAPL14.MX
2025-04-23,61.831024169921875,FIBRAPL14.MX
2025-04-24,63.25927734375,FIBRAPL14.MX
2025-04-25,64.3470230102539,FIBRAPL14.MX
2025-04-28,67.09001922607422,FIBRAPL14.MX
2025-04-29,63.382240295410156,FIBRAPL14.MX
2025-04-30,65.82255554199219,FIBRAPL14.MX
2025-05-02,65.65231323242188,FIBRAPL14.MX
2025-05-05,65.63339233398438,FIBRAPL14.MX
2025-05-06,65.83201599121094,FIBRAPL14.MX
2025-05-07,69.33171081542969,FIBRAPL14.MX
2025-05-08,67.25080871582031,FIBRAPL14.MX
2025-05-09,66.91976165771484,FIBRAPL14.MX
2025-05-12,66.7900161743164,FIBRAPL14.MX
2025-05-13,65.75778198242188,FIBRAPL14.MX
2025-05-14,64.80198669433594,FIBRAPL14.MX
2025-05-15,63.1676025390625,FIBRAPL14.MX
2025-05-16,65.32766723632812,FIBRAPL14.MX
2025-05-19,64.50569915771484,FIBRAPL14.MX
2025-05-20,65.35633850097656,FIBRAPL14.MX
2025-05-21,66.62752532958984,FIBRAPL14.MX
2025-05-22,65.32766723632812,FIBRAPL14.MX
2025-05-23,65.09828186035156,FIBRAPL14.MX
2025-05-26,66.33123779296875,FIBRAPL14.MX
2025-05-27,68.20457458496094,FIBRAPL14.MX
2025-05-28,68.79715728759766,FIBRAPL14.MX
2025-05-29,69.56177520751953,FIBRAPL14.MX
2025-05-30,70.72783660888672,FIBRAPL14.MX
2025-06-02,68.73025512695312,FIBRAPL14.MX
2025-06-03,68.31926727294922,FIBRAPL14.MX
2025-06-04,66.75178527832031,FIBRAPL14.MX
2025-06-05,65.51882934570312,FIBRAPL14.MX
2025-06-06,67.0863037109375,FIBRAPL14.MX
2025-06-09,66.0636215209961,FIBRAPL14.MX
2025-06-10,65.74822235107422,FIBRAPL14.MX
2025-06-11,68.71113586425781,FIBRAPL14.MX
2025-06-12,67.181884765625,FIBRAPL14.MX
2025-06-13,66.48416137695312,FIBRAPL14.MX
2025-06-16,66.43637084960938,FIBRAPL14.MX
2025-06-17,64.9071273803711,FIBRAPL14.MX
2025-06-18,66.63709259033203,FIBRAPL14.MX
2025-06-19,66.66575622558594,FIBRAPL14.MX
2025-06-20,64.49614715576172,FIBRAPL14.MX
2025-06-23,65.83422088623047,FIBRAPL14.MX
2025-06-24,66.1209716796875,FIBRAPL14.MX
2025-06-25,66.11140441894531,FIBRAPL14.MX
2025-06-26,67.0576400756836,FIBRAPL14.MX
2025-06-27,68.78760528564453,FIBRAPL14.MX
2025-06-30,67.62154388427734,FIBRAPL14.MX
2025-07-01,67.56419372558594,FIBRAPL14.MX
2025-07-02,69.38973236083984,FIBRAPL14.MX
2025-07-03,69.045654296875,FIBRAPL14.MX
2025-07-04,68.09944152832031,FIBRAPL14.MX
2025-07-07,69.07432556152344,FIBRAPL14.MX
2025-07-08,68.8162612915039,FIBRAPL14.MX
2025-07-09,68.33837127685547,FIBRAPL14.MX
2025-07-10,65.97759246826172,FIBRAPL14.MX
2025-07-11,64.95491790771484,FIBRAPL14.MX
2025-07-14,66.52238464355469,FIBRAPL14.MX
2025-07-15,65.9967041015625,FIBRAPL14.MX
2025-07-16,65.30854797363281,FIBRAPL14.MX
2025-07-17,66.02539825439453,FIBRAPL14.MX
2025-07-18,65.65263366699219,FIBRAPL14.MX
2025-07-21,65.73865509033203,FIBRAPL14.MX
2025-07-22,65.77688598632812,FIBRAPL14.MX
2025-07-23,66.33123779296875,FIBRAPL14.MX
2025-07-24,64.74463653564453,FIBRAPL14.MX
2025-07-25,64.55348205566406,FIBRAPL14.MX
2025-07-28,63.674163818359375,FIBRAPL14.MX
2025-07-29,65.0027084350586,FIBRAPL14.MX
2025-07-30,65.24164581298828,FIBRAPL14.MX
2025-07-31,68.33837127685547,FIBRAPL14.MX
2025-08-01,67.80314636230469,FIBRAPL14.MX
2025-08-04,68.080322265625,FIBRAPL14.MX
2025-08-05,67.75536346435547,FIBRAPL14.MX
2025-08-06,68.73980712890625,FIBRAPL14.MX
2025-08-07,67.80314636230469,FIBRAPL14.MX
2025-08-08,68.00386047363281,FIBRAPL14.MX
2025-08-11,67.9322280883789,FIBRAPL14.MX
2025-08-12,67.35309600830078,FIBRAPL14.MX
2025-08-13,68.81057739257812,FIBRAPL14.MX
2025-08-14,68.53067016601562,FIBRAPL14.MX
2025-08-15,68.50171661376953,FIBRAPL14.MX
2025-08-18,67.74884796142578,FIBRAPL14.MX
2025-08-19,67.80675506591797,FIBRAPL14.MX
2025-08-20,67.43997955322266,FIBRAPL14.MX
2025-08-21,68.45344543457031,FIBRAPL14.MX
2025-08-22,69.98815155029297,FIBRAPL14.MX
2025-08-25,69.97850036621094,FIBRAPL14.MX
2025-08-26,68.07701873779297,FIBRAPL14.MX
2025-08-27,66.9959716796875,FIBRAPL14.MX
2025-08-28,67.5654525756836,FIBRAPL14.MX
2025-08-29,66.32996368408203,FIBRAPL14.MX
2025-09-01,66.68708801269531,FIBRAPL14.MX
2025-09-02,67.5171890258789,FIBRAPL14.MX
2025-09-03,67.48822784423828,FIBRAPL14.MX
2025-09-04,68.13491821289062,FIBRAPL14.MX
2025-09-05,68.90709686279297,FIBRAPL14.MX
2025-09-08,68.92640686035156,FIBRAPL14.MX
2025-09-09,68.82022857666016,FIBRAPL14.MX
2025-09-10,68.50171661376953,FIBRAPL14.MX
2025-09-11,69.68892669677734,FIBRAPL14.MX
2025-09-12,69.30284881591797,FIBRAPL14.MX
2025-09-15,69.18701171875,FIBRAPL14.MX
2025-09-17,69.29319763183594,FIBRAPL14.MX
2025-09-18,68.17353820800781,FIBRAPL14.MX
2025-09-19,69.65997314453125,FIBRAPL14.MX
2025-09-22,68.87814331054688,FIBRAPL14.MX
2025-09-23,69.40901947021484,FIBRAPL14.MX
2025-09-24,69.09049987792969,FIBRAPL14.MX
2025-09-25,68.98432922363281,FIBRAPL14.MX
2025-09-26,69.55380249023438,FIBRAPL14.MX
2025-09-29,70.66380310058594,FIBRAPL14.MX
2025-09-30,72.39154815673828,FIBRAPL14.MX
2025-10-01,71.28155517578125,FIBRAPL14.MX
2025-10-02,71.0981674194336,FIBRAPL14.MX
2025-10-03,72.42050170898438,FIBRAPL14.MX
2025-10-06,72.9706802368164,FIBRAPL14.MX
2025-10-07,72.77764892578125,FIBRAPL14.MX
2025-10-08,72.18885040283203,FIBRAPL14.MX
2025-10-09,71.61936950683594,FIBRAPL14.MX
2025-10-10,69.26423645019531,FIBRAPL14.MX
2025-10-13,70.93406677246094,FIBRAPL14.MX
2025-10-14,69.38005828857422,FIBRAPL14.MX
2025-10-15,68.72370910644531,FIBRAPL14.MX
2025-10-16,69.35110473632812,FIBRAPL14.MX
2025-10-17,69.63101959228516,FIBRAPL14.MX
2025-10-20,68.73336791992188,FIBRAPL14.MX
2025-10-21,68.75267028808594,FIBRAPL14.MX
2025-10-22,69.49589538574219,FIBRAPL14.MX
2025-10-23,71.0981674194336,FIBRAPL14.MX
2025-10-24,69.84336853027344,FIBRAPL14.MX
2025-10-27,70.68311309814453,FIBRAPL14.MX
2025-10-28,70.08467864990234,FIBRAPL14.MX
2025-10-29,71.39736938476562,FIBRAPL14.MX
2025-10-30,71.1078109741211,FIBRAPL14.MX
2025-10-31,71.8799819946289,FIBRAPL14.MX
2025-11-03,70.62519836425781,FIBRAPL14.MX
2025-11-04,71.43598175048828,FIBRAPL14.MX
2025-11-05,72.63285827636719,FIBRAPL14.MX
2025-11-06,74.4667739868164,FIBRAPL14.MX
2025-11-07,74.47642517089844,FIBRAPL14.MX
2025-11-10,74.44747161865234,FIBRAPL14.MX
2025-11-11,74.42816925048828,FIBRAPL14.MX
2025-11-12,74.04207611083984,FIBRAPL14.MX
2025-11-13,74.51502990722656,FIBRAPL14.MX
2025-11-14,75.17137908935547,FIBRAPL14.MX
2025-11-18,75.7119140625,FIBRAPL14.MX
2025-11-19,74.52468872070312,FIBRAPL14.MX
2025-11-20,73.26024627685547,FIBRAPL14.MX
2025-11-21,74.56330108642578,FIBRAPL14.MX
2025-11-24,75.21964263916016,FIBRAPL14.MX
2025-11-25,74.43782043457031,FIBRAPL14.MX
2025-11-26,73.87799835205078,FIBRAPL14.MX
2025-11-27,73.99382781982422,FIBRAPL14.MX
2025-11-28,75.10382080078125,FIBRAPL14.MX
2025-12-01,73.43399047851562,FIBRAPL14.MX
2025-12-02,73.16373443603516,FIBRAPL14.MX
2025-12-03,70.3838882446289,FIBRAPL14.MX
2025-12-04,71.7448501586914,FIBRAPL14.MX
2025-12-05,72.52667999267578,FIBRAPL14.MX
2025-12-08,72.10197448730469,FIBRAPL14.MX
2025-12-09,72.87415313720703,FIBRAPL14.MX
2025-12-10,70.16741180419922,FIBRAPL14.MX
2025-12-11,71.31689453125,FIBRAPL14.MX
2025-12-15,71.219482421875,FIBRAPL14.MX
2025-12-16,70.97594451904297,FIBRAPL14.MX
2025-12-17,70.28431701660156,FIBRAPL14.MX
2025-12-18,71.95008850097656,FIBRAPL14.MX
2025-12-19,73.7327651977539,FIBRAPL14.MX
2025-12-22,72.85604095458984,FIBRAPL14.MX
2025-12-23,73.84966278076172,FIBRAPL14.MX
2025-12-24,74.51207733154297,FIBRAPL14.MX
2025-12-26,75.37906646728516,FIBRAPL14.MX
2025-12-29,76.34346771240234,FIBRAPL14.MX
2025-12-30,76.54803466796875,FIBRAPL14.MX
2025-12-31,73.2749252319336,FIBRAPL14.MX
2026-01-02,73.95681762695312,FIBRAPL14.MX
2026-01-05,77.99951171875,FIBRAPL14.MX
2026-01-06,74.84329223632812,FIBRAPL14.MX
2026-01-07,74.16138458251953,FIBRAPL14.MX
2026-01-08,76.14862823486328,FIBRAPL14.MX
2026-01-09,77.73649597167969,FIBRAPL14.MX
2026-01-12,78.1553726196289,FIBRAPL14.MX
2026-01-13,77.48320770263672,FIBRAPL14.MX
2026-01-14,79.0905532836914,FIBRAPL14.MX
2026-01-15,79.92831420898438,FIBRAPL14.MX
2026-01-16,82.39288330078125,FIBRAPL14.MX
2026-01-19,81.83763122558594,FIBRAPL14.MX
2026-01-20,79.60684204101562,FIBRAPL14.MX
2026-01-21,78.40864562988281,FIBRAPL14.MX
2026-01-22,78.19432830810547,FIBRAPL14.MX
2026-01-23,78.67167663574219,FIBRAPL14.MX
2026-01-26,78.78855895996094,FIBRAPL14.MX
2026-01-27,78.91519927978516,FIBRAPL14.MX
2026-01-28,78.17485809326172,FIBRAPL14.MX
2026-01-29,78.62295532226562,FIBRAPL14.MX
2026-01-30,78.02872467041016,FIBRAPL14.MX
2026-02-03,81.17520904541016,FIBRAPL14.MX
2026-02-04,81.0485610961914,FIBRAPL14.MX
2026-02-05,80.4056396484375,FIBRAPL14.MX
2026-02-06,84.07815551757812,FIBRAPL14.MX
2026-02-09,84.00996398925781,FIBRAPL14.MX
2026-02-10,85.19841003417969,FIBRAPL14.MX
2026-02-11,83.24038696289062,FIBRAPL14.MX
2026-02-12,84.1950454711914,FIBRAPL14.MX
2026-02-13,82.46391296386719,FIBRAPL14.MX
2026-02-16,81.95354461669922,FIBRAPL14.MX
2026-02-17,82.19891357421875,FIBRAPL14.MX
2026-02-18,81.45298767089844,FIBRAPL14.MX
2026-02-19,81.17816925048828,FIBRAPL14.MX
2026-02-20,81.64928436279297,FIBRAPL14.MX
2026-02-23,80.96224975585938,FIBRAPL14.MX
2026-02-24,80.6220932006836,FIBRAPL14.MX
2026-02-25,79.63152313232422,FIBRAPL14.MX
2026-02-26,81.2857666015625,FIBRAPL14.MX
2026-02-27,84.10888671875,FIBRAPL14.MX
2026-03-02,82.33576965332031,FIBRAPL14.MX
2026-03-03,80.22586059570312,FIBRAPL14.MX
2026-03-04,78.40322875976562,FIBRAPL14.MX
2026-03-05,77.60086059570312,FIBRAPL14.MX
2026-03-06,77.9970932006836,FIBRAPL14.MX
2026-03-09,76.59049224853516,FIBRAPL14.MX
2026-03-10,74.33200073242188,FIBRAPL14.MX
2026-03-11,74.78765869140625,FIBRAPL14.MX
2026-03-12,74.09426879882812,FIBRAPL14.MX
2026-03-13,73.31172180175781,FIBRAPL14.MX
2026-03-17,73.49992370605469,FIBRAPL14.MX
2026-03-18,74.54002380371094,FIBRAPL14.MX
2026-03-19,74.24285125732422,FIBRAPL14.MX
2026-03-20,75.80794525146484,FIBRAPL14.MX
2026-03-23,74.14379119873047,FIBRAPL14.MX
2026-03-24,75.02539825439453,FIBRAPL14.MX
2026-03-25,76.81832122802734,FIBRAPL14.MX
2026-03-26,76.26360321044922,FIBRAPL14.MX
2026-03-27,76.28341674804688,FIBRAPL14.MX
2026-03-30,76.85794067382812,FIBRAPL14.MX
2026-03-31,77.5018081665039,FIBRAPL14.MX
2026-04-01,77.75935363769531,FIBRAPL14.MX
2026-04-06,77.62068176269531,FIBRAPL14.MX
2026-04-07,76.70935821533203,FIBRAPL14.MX
2026-04-08,78.45275115966797,FIBRAPL14.MX
2026-04-09,77.85841369628906,FIBRAPL14.MX
2026-04-10,79.31454467773438,FIBRAPL14.MX
2026-04-13,81.50369262695312,FIBRAPL14.MX
2026-04-14,83.21737670898438,FIBRAPL14.MX
2026-04-15,81.6324691772461,FIBRAPL14.MX
2026-04-16,82.05840301513672,FIBRAPL14.MX
2026-04-17,82.50416564941406,FIBRAPL14.MX
2026-04-20,82.50416564941406,FIBRAPL14.MX
2026-04-21,82.84095001220703,FIBRAPL14.MX
2026-04-22,82.09803009033203,FIBRAPL14.MX
2026-04-23,81.97916412353516,FIBRAPL14.MX
2026-04-24,83.3164291381836,FIBRAPL14.MX
2026-04-27,81.01831817626953,FIBRAPL14.MX
2026-04-28,79.6810531616211,FIBRAPL14.MX
2026-04-29,79.09661865234375,FIBRAPL14.MX
2026-04-30,79.24520874023438,FIBRAPL14.MX
2026-05-04,80.22586059570312,FIBRAPL14.MX
2026-05-05,81.27586364746094,FIBRAPL14.MX
2026-05-06,81.20652770996094,FIBRAPL14.MX
2026-05-07,81.17680358886719,FIBRAPL14.MX
2026-05-08,79.98812866210938,FIBRAPL14.MX
2026-05-11,80.96878814697266,FIBRAPL14.MX
2026-05-12,79.75039672851562,FIBRAPL14.MX
2026-05-13,77.26407623291016,FIBRAPL14.MX
2026-05-14,78.90841674804688,FIBRAPL14.MX
2026-05-15,79.12633514404297,FIBRAPL14.MX
2026-05-18,79.42350769042969,FIBRAPL14.MX
2026-05-19,78.32398223876953,FIBRAPL14.MX
2026-05-20,78.98765563964844,FIBRAPL14.MX
2026-05-21,78.60133361816406,FIBRAPL14.MX
2026-05-22,78.94803619384766,FIBRAPL14.MX
2026-05-25,80.51313018798828,FIBRAPL14.MX
2026-05-26,81.61265563964844,FIBRAPL14.MX
2026-05-27,80.97869110107422,FIBRAPL14.MX
2026-05-28,80.2060546875,FIBRAPL14.MX
2026-05-29,82.39520263671875,FIBRAPL14.MX
2026-06-01,80.41407012939453,FIBRAPL14.MX
2026-06-02,81.01831817626953,FIBRAPL14.MX
2026-06-03,81.02822875976562,FIBRAPL14.MX
2026-06-04,79.10652923583984,FIBRAPL14.MX
2026-06-05,78.87869262695312,FIBRAPL14.MX
2026-06-08,80.15652465820312,FIBRAPL14.MX
2026-06-09,80.0079345703125,FIBRAPL14.MX
2026-06-10,79.62162017822266,FIBRAPL14.MX
2026-06-11,78.21501922607422,FIBRAPL14.MX
2026-06-12,79.24520874023438,FIBRAPL14.MX
2026-06-15,79.17586517333984,FIBRAPL14.MX
2026-06-16,78.46265411376953,FIBRAPL14.MX
2026-06-17,77.75935363769531,FIBRAPL14.MX
2026-06-18,77.26407623291016,FIBRAPL14.MX
2026-06-19,79.15605926513672,FIBRAPL14.MX
2026-06-22,77.73954772949219,FIBRAPL14.MX
2026-06-23,76.02587127685547,FIBRAPL14.MX
2026-06-24,74.63907623291016,FIBRAPL14.MX
2026-06-25,74.66879272460938,FIBRAPL14.MX
2026-06-26,74.65888977050781,FIBRAPL14.MX
2026-06-29,74.19332122802734,FIBRAPL14.MX
2026-06-30,74.78765869140625,FIBRAPL14.MX
2026-07-01,76.60039520263672,FIBRAPL14.MX
2026-07-02,74.82728576660156,FIBRAPL14.MX
2026-07-03,75.66926574707031,FIBRAPL14.MX
2026-07-06,77.79898071289062,FIBRAPL14.MX
2026-07-07,78.39331817626953,FIBRAPL14.MX
2026-07-08,76.976806640625,FIBRAPL14.MX
2026-07-09,76.16455078125,FIBRAPL14.MX
2026-07-10,76.62020874023438,FIBRAPL14.MX
2026-07-13,75.72869873046875,FIBRAPL14.MX
2026-07-14,76.7192611694336,FIBRAPL14.MX
2026-07-15,75.64945983886719,FIBRAPL14.MX
2026-07-16,76.08529663085938,FIBRAPL14.MX
2026-07-17,76.59049224853516,FIBRAPL14.MX
2026-07-20,77.0956802368164,FIBRAPL14.MX
2026-07-21,77.3235092163086,FIBRAPL14.MX
2026-07-22,77.38294219970703,FIBRAPL14.MX
2026-07-23,75.77822875976562,FIBRAPL14.MX
2026-07-24,75.08483123779297,FIBRAPL14.MX
2026-07-27,75.8970947265625,FIBRAPL14.MX
2026-07-28,76.16455078125,FIBRAPL14.MX
2026-07-29,76.3824691772461,FIBRAPL14.MX
2026-07-30,76.92728424072266,FIBRAPL14.MX
2026-07-31,76.7885971069336,FIBRAPL14.MX
2026-08-03,77.4800033569336,FIBRAPL14.MX
2026-08-04,76.91999816894531,FIBRAPL14.MX
2026-08-05,75.13999938964844,FIBRAPL14.MX
2026-08-06,75.05000305175781,FIBRAPL14.MX
2026-08-07,74.94999694824219,FIBRAPL14.MX
2026-08-10,74.12000274658203,FIBRAPL14.MX
2026-08-11,74.06999969482422,FIBRAPL14.MX
2026-08-12,74.94999694824219,FIBRAPL14.MX
2026-08-13,73.5,FIBRAPL14.MX
2026-08-14,72.8499984741211,FIBRAPL14.MX
2026-08-17,72.31999969482422,FIBRAPL14.MX
2026-08-18,73.19000244140625,FIBRAPL14.MX
2026-08-19,73.83999633789062,FIBRAPL14.MX
2026-08-20,74.6500015258789,FIBRAPL14.MX
2026-08-21,75.43000030517578,FIBRAPL14.MX
2026-08-24,75.63999938964844,FIBRAPL14.MX
2026-08-25,76.31999969482422,FIBRAPL14.MX
2026-08-26,75.69999694824219,FIBRAPL14.MX
2026-08-27,75.80999755859375,FIBRAPL14.MX
2026-08-28,75.75,FIBRAPL14.MX
2026-08-31,77.72000122070312,FIBRAPL14.MX
2026-09-01,76.08999633789062,FIBRAPL14.MX
2026-09-02,75.2300033569336,FIBRAPL14.MX
2026-09-03,75.11000061035156,FIBRAPL14.MX
2026-09-04,74.8499984741211,FIBRAPL14.MX
2026-09-07,74.0,FIBRAPL14.MX
2026-09-08,74.33000183105469,FIBRAPL14.MX
2026-09-09,75.33999633789062,FIBRAPL14.MX
2026-09-10,75.26000213623047,FIBRAPL14.MX
2026-09-11,75.69000244140625,FIBRAPL14.MX
2026-09-14,75.5999984741211,FIBRAPL14.MX
2026-09-15,74.05000305175781,FIBRAPL14.MX
2026-09-17,76.05000305175781,FIBRAPL14.MX
2026-09-18,73.29000091552734,FIBRAPL14.MX
2026-09-21,73.6500015258789,FIBRAPL14.MX
2026-09-22,73.94999694824219,FIBRAPL14.MX
2026-09-23,74.87999725341797,FIBRAPL14.MX
2026-09-24,74.5199966430664,FIBRAPL14.MX
2026-09-25,74.7699966430664,FIBRAPL14.MX
2026-09-28,73.98999786376953,FIBRAPL14.MX
2018-08-23,9.731343269348145,FNOVA17.MX
2018-08-24,9.731343269348145,FNOVA17.MX
2018-08-27,9.731343269348145,FNOVA17.MX
2018-08-28,9.731343269348145,FNOVA17.MX
2018-08-29,9.731343269348145,FNOVA17.MX
2018-08-30,9.731343269348145,FNOVA17.MX
2018-08-31,9.731343269348145,FNOVA17.MX
2018-09-03,9.925612449645996,FNOVA17.MX
2018-09-04,9.925612449645996,FNOVA17.MX
2018-09-05,9.925612449645996,FNOVA17.MX
2018-09-06,9.925612449645996,FNOVA17.MX
2018-09-07,9.925612449645996,FNOVA17.MX
2018-09-10,9.925612449645996,FNOVA17.MX
2018-09-11,9.925612449645996,FNOVA17.MX
2018-09-12,9.925612449645996,FNOVA17.MX
2018-09-13,9.925612449645996,FNOVA17.MX
2018-09-14,9.925612449645996,FNOVA17.MX
2018-09-17,9.925612449645996,FNOVA17.MX
2018-09-18,9.925612449645996,FNOVA17.MX
2018-09-19,9.925612449645996,FNOVA17.MX
2018-09-20,9.925612449645996,FNOVA17.MX
2018-09-21,9.925612449645996,FNOVA17.MX
2018-09-24,9.925612449645996,FNOVA17.MX
2018-09-25,9.925612449645996,FNOVA17.MX
2018-09-26,9.925612449645996,FNOVA17.MX
2018-09-27,9.925612449645996,FNOVA17.MX
2018-09-28,9.925612449645996,FNOVA17.MX
2018-10-01,9.925612449645996,FNOVA17.MX
2018-10-02,9.925612449645996,FNOVA17.MX
2018-10-03,9.925612449645996,FNOVA17.MX
2018-10-04,9.925612449645996,FNOVA17.MX
2018-10-05,9.925612449645996,FNOVA17.MX
2018-10-08,9.925612449645996,FNOVA17.MX
2018-10-09,9.925612449645996,FNOVA17.MX
2018-10-10,9.925612449645996,FNOVA17.MX
2018-10-11,9.925612449645996,FNOVA17.MX
2018-10-12,9.925612449645996,FNOVA17.MX
2018-10-15,9.925612449645996,FNOVA17.MX
2018-10-16,9.925612449645996,FNOVA17.MX
2018-10-17,9.925612449645996,FNOVA17.MX
2018-10-18,9.925612449645996,FNOVA17.MX
2018-10-19,9.925612449645996,FNOVA17.MX
2018-10-22,9.925612449645996,FNOVA17.MX
2018-10-23,9.925612449645996,FNOVA17.MX
2018-10-24,9.925612449645996,FNOVA17.MX
2018-10-25,9.925612449645996,FNOVA17.MX
2018-10-26,9.925612449645996,FNOVA17.MX
2018-10-29,9.925612449645996,FNOVA17.MX
2018-10-30,9.925612449645996,FNOVA17.MX
2018-10-31,9.925612449645996,FNOVA17.MX
2018-11-01,9.925612449645996,FNOVA17.MX
2018-11-05,9.925612449645996,FNOVA17.MX
2018-11-06,9.925612449645996,FNOVA17.MX
2018-11-07,9.925612449645996,FNOVA17.MX
2018-11-08,9.925612449645996,FNOVA17.MX
2018-11-09,9.925612449645996,FNOVA17.MX
2018-11-12,9.925612449645996,FNOVA17.MX
2018-11-13,9.925612449645996,FNOVA17.MX
2018-11-14,9.925612449645996,FNOVA17.MX
2018-11-15,9.925612449645996,FNOVA17.MX
2018-11-16,9.925612449645996,FNOVA17.MX
2018-11-20,10.128865242004395,FNOVA17.MX
2018-11-21,10.128865242004395,FNOVA17.MX
2018-11-22,10.128865242004395,FNOVA17.MX
2018-11-23,10.128865242004395,FNOVA17.MX
2018-11-26,10.128865242004395,FNOVA17.MX
2018-11-27,10.128865242004395,FNOVA17.MX
2018-11-28,10.128865242004395,FNOVA17.MX
2018-11-29,10.128865242004395,FNOVA17.MX
2018-11-30,10.128865242004395,FNOVA17.MX
2018-12-03,10.128865242004395,FNOVA17.MX
2018-12-04,10.128865242004395,FNOVA17.MX
2018-12-05,10.128865242004395,FNOVA17.MX
2018-12-06,10.128865242004395,FNOVA17.MX
2018-12-07,10.128865242004395,FNOVA17.MX
2018-12-10,10.128865242004395,FNOVA17.MX
2018-12-11,10.128865242004395,FNOVA17.MX
2018-12-13,10.128865242004395,FNOVA17.MX
2018-12-14,10.128865242004395,FNOVA17.MX
2018-12-17,10.128865242004395,FNOVA17.MX
2018-12-18,10.128865242004395,FNOVA17.MX
2018-12-19,10.128865242004395,FNOVA17.MX
2018-12-20,10.128865242004395,FNOVA17.MX
2018-12-21,10.128865242004395,FNOVA17.MX
2018-12-24,10.128865242004395,FNOVA17.MX
2018-12-26,10.128865242004395,FNOVA17.MX
2018-12-27,10.128865242004395,FNOVA17.MX
2018-12-28,10.128865242004395,FNOVA17.MX
2018-12-31,10.128865242004395,FNOVA17.MX
2019-01-02,10.128865242004395,FNOVA17.MX
2019-01-03,10.128865242004395,FNOVA17.MX
2019-01-04,10.128865242004395,FNOVA17.MX
2019-01-07,10.128865242004395,FNOVA17.MX
2019-01-08,10.128865242004395,FNOVA17.MX
2019-01-09,10.128865242004395,FNOVA17.MX
2019-01-10,10.128865242004395,FNOVA17.MX
2019-01-11,10.128865242004395,FNOVA17.MX
2019-01-14,10.128865242004395,FNOVA17.MX
2019-01-15,10.128865242004395,FNOVA17.MX
2019-01-16,10.128865242004395,FNOVA17.MX
2019-01-17,10.128865242004395,FNOVA17.MX
2019-01-18,10.128865242004395,FNOVA17.MX
2019-01-21,10.128865242004395,FNOVA17.MX
2019-01-22,10.128865242004395,FNOVA17.MX
2019-01-23,10.128865242004395,FNOVA17.MX
2019-01-24,10.128865242004395,FNOVA17.MX
2019-01-25,10.128865242004395,FNOVA17.MX
2019-01-28,10.128865242004395,FNOVA17.MX
2019-01-29,10.128865242004395,FNOVA17.MX
2019-01-30,10.128865242004395,FNOVA17.MX
2019-01-31,10.128865242004395,FNOVA17.MX
2019-02-01,10.128865242004395,FNOVA17.MX
2019-02-05,10.128865242004395,FNOVA17.MX
2019-02-06,10.128865242004395,FNOVA17.MX
2019-02-07,10.128865242004395,FNOVA17.MX
2019-02-08,10.128865242004395,FNOVA17.MX
2019-02-11,10.128865242004395,FNOVA17.MX
2019-02-12,10.128865242004395,FNOVA17.MX
2019-02-13,10.128865242004395,FNOVA17.MX
2019-02-14,10.128865242004395,FNOVA17.MX
2019-02-15,10.128865242004395,FNOVA17.MX
2019-02-18,10.128865242004395,FNOVA17.MX
2019-02-19,10.128865242004395,FNOVA17.MX
2019-02-20,10.128865242004395,FNOVA17.MX
2019-02-21,10.128865242004395,FNOVA17.MX
2019-02-22,10.128865242004395,FNOVA17.MX
2019-02-25,10.128865242004395,FNOVA17.MX
2019-02-26,10.128865242004395,FNOVA17.MX
2019-02-27,10.128865242004395,FNOVA17.MX
2019-02-28,10.128865242004395,FNOVA17.MX
2019-03-01,10.128865242004395,FNOVA17.MX
2019-03-04,10.128865242004395,FNOVA17.MX
2019-03-05,10.128865242004395,FNOVA17.MX
2019-03-06,10.128865242004395,FNOVA17.MX
2019-03-07,10.128865242004395,FNOVA17.MX
2019-03-08,10.128865242004395,FNOVA17.MX
2019-03-11,10.128865242004395,FNOVA17.MX
2019-03-12,10.128865242004395,FNOVA17.MX
2019-03-13,10.128865242004395,FNOVA17.MX
2019-03-14,10.337794303894043,FNOVA17.MX
2019-03-15,10.337794303894043,FNOVA17.MX
2019-03-19,10.337794303894043,FNOVA17.MX
2019-03-20,10.337794303894043,FNOVA17.MX
2019-03-21,10.337794303894043,FNOVA17.MX
2019-03-22,10.337794303894043,FNOVA17.MX
2019-03-25,10.337794303894043,FNOVA17.MX
2019-03-26,10.337794303894043,FNOVA17.MX
2019-03-27,10.337794303894043,FNOVA17.MX
2019-03-28,10.337794303894043,FNOVA17.MX
2019-03-29,10.337794303894043,FNOVA17.MX
2019-04-01,10.337794303894043,FNOVA17.MX
2019-04-02,10.337794303894043,FNOVA17.MX
2019-04-03,10.337794303894043,FNOVA17.MX
2019-04-04,10.337794303894043,FNOVA17.MX
2019-04-05,10.337794303894043,FNOVA17.MX
2019-04-08,10.337794303894043,FNOVA17.MX
2019-04-09,10.337794303894043,FNOVA17.MX
2019-04-10,10.337794303894043,FNOVA17.MX
2019-04-11,10.337794303894043,FNOVA17.MX
2019-04-12,10.337794303894043,FNOVA17.MX
2019-04-15,10.337794303894043,FNOVA17.MX
2019-04-16,10.337794303894043,FNOVA17.MX
2019-04-17,10.337794303894043,FNOVA17.MX
2019-04-22,10.337794303894043,FNOVA17.MX
2019-04-23,10.337794303894043,FNOVA17.MX
2019-04-24,10.337794303894043,FNOVA17.MX
2019-04-25,10.337794303894043,FNOVA17.MX
2019-04-26,10.337794303894043,FNOVA17.MX
2019-04-29,10.337794303894043,FNOVA17.MX
2019-04-30,10.337794303894043,FNOVA17.MX
2019-05-02,10.337794303894043,FNOVA17.MX
2019-05-03,10.337794303894043,FNOVA17.MX
2019-05-06,10.337794303894043,FNOVA17.MX
2019-05-07,10.337794303894043,FNOVA17.MX
2019-05-08,10.337794303894043,FNOVA17.MX
2019-05-09,10.337794303894043,FNOVA17.MX
2019-05-10,10.337794303894043,FNOVA17.MX
2019-05-13,10.337794303894043,FNOVA17.MX
2019-05-14,10.337794303894043,FNOVA17.MX
2019-05-15,10.337794303894043,FNOVA17.MX
2019-05-16,10.337794303894043,FNOVA17.MX
2019-05-17,10.337794303894043,FNOVA17.MX
2019-05-20,10.337794303894043,FNOVA17.MX
2019-05-21,10.553197860717773,FNOVA17.MX
2019-05-22,10.553197860717773,FNOVA17.MX
2019-05-23,10.553197860717773,FNOVA17.MX
2019-05-24,10.553197860717773,FNOVA17.MX
2019-05-27,10.553197860717773,FNOVA17.MX
2019-05-28,10.553197860717773,FNOVA17.MX
2019-05-29,10.553197860717773,FNOVA17.MX
2019-05-30,10.553197860717773,FNOVA17.MX
2019-05-31,10.553197860717773,FNOVA17.MX
2019-06-03,10.553197860717773,FNOVA17.MX
2019-06-04,10.553197860717773,FNOVA17.MX
2019-06-05,10.553197860717773,FNOVA17.MX
2019-06-06,10.553197860717773,FNOVA17.MX
2019-06-07,10.553197860717773,FNOVA17.MX
2019-06-10,10.553197860717773,FNOVA17.MX
2019-06-11,10.553197860717773,FNOVA17.MX
2019-06-12,10.553197860717773,FNOVA17.MX
2019-06-13,10.553197860717773,FNOVA17.MX
2019-06-14,10.553197860717773,FNOVA17.MX
2019-06-17,10.553197860717773,FNOVA17.MX
2019-06-18,10.553197860717773,FNOVA17.MX
2019-06-19,10.553197860717773,FNOVA17.MX
2019-06-20,10.553197860717773,FNOVA17.MX
2019-06-21,10.553197860717773,FNOVA17.MX
2019-06-24,10.553197860717773,FNOVA17.MX
2019-06-25,10.553197860717773,FNOVA17.MX
2019-06-26,10.553197860717773,FNOVA17.MX
2019-06-27,10.553197860717773,FNOVA17.MX
2019-06-28,10.553197860717773,FNOVA17.MX
2019-07-01,10.553197860717773,FNOVA17.MX
2019-07-02,10.553197860717773,FNOVA17.MX
2019-07-03,10.553197860717773,FNOVA17.MX
2019-07-04,10.553197860717773,FNOVA17.MX
2019-07-05,10.553197860717773,FNOVA17.MX
2019-07-08,10.553197860717773,FNOVA17.MX
2019-07-09,10.553197860717773,FNOVA17.MX
2019-07-10,10.553197860717773,FNOVA17.MX
2019-07-11,10.553197860717773,FNOVA17.MX
2019-07-12,10.553197860717773,FNOVA17.MX
2019-07-15,10.553197860717773,FNOVA17.MX
2019-07-16,10.553197860717773,FNOVA17.MX
2019-07-17,10.553197860717773,FNOVA17.MX
2019-07-18,10.553197860717773,FNOVA17.MX
2019-07-19,10.553197860717773,FNOVA17.MX
2019-07-22,10.553197860717773,FNOVA17.MX
2019-07-23,10.553197860717773,FNOVA17.MX
2019-07-24,10.553197860717773,FNOVA17.MX
2019-07-25,10.553197860717773,FNOVA17.MX
2019-07-26,10.553197860717773,FNOVA17.MX
2019-07-29,10.553197860717773,FNOVA17.MX
2019-07-30,10.553197860717773,FNOVA17.MX
2019-07-31,10.553197860717773,FNOVA17.MX
2019-08-01,10.553197860717773,FNOVA17.MX
2019-08-02,10.553197860717773,FNOVA17.MX
2019-08-05,10.553197860717773,FNOVA17.MX
2019-08-06,10.553197860717773,FNOVA17.MX
2019-08-07,10.553197860717773,FNOVA17.MX
2019-08-08,10.553197860717773,FNOVA17.MX
2019-08-09,10.553197860717773,FNOVA17.MX
2019-08-12,10.553197860717773,FNOVA17.MX
2019-08-13,10.553197860717773,FNOVA17.MX
2019-08-14,10.553197860717773,FNOVA17.MX
2019-08-15,10.553197860717773,FNOVA17.MX
2019-08-16,10.553197860717773,FNOVA17.MX
2019-08-19,10.553197860717773,FNOVA17.MX
2019-08-20,10.553197860717773,FNOVA17.MX
2019-08-21,10.553197860717773,FNOVA17.MX
2019-08-22,10.553197860717773,FNOVA17.MX
2019-08-23,10.553197860717773,FNOVA17.MX
2019-08-26,10.783620834350586,FNOVA17.MX
2019-08-27,10.783620834350586,FNOVA17.MX
2019-08-28,10.783620834350586,FNOVA17.MX
2019-08-29,10.783620834350586,FNOVA17.MX
2019-08-30,10.783620834350586,FNOVA17.MX
2019-09-02,10.783620834350586,FNOVA17.MX
2019-09-03,10.783620834350586,FNOVA17.MX
2019-09-04,10.783620834350586,FNOVA17.MX
2019-09-05,10.783620834350586,FNOVA17.MX
2019-09-06,10.783620834350586,FNOVA17.MX
2019-09-09,10.783620834350586,FNOVA17.MX
2019-09-10,10.783620834350586,FNOVA17.MX
2019-09-11,10.783620834350586,FNOVA17.MX
2019-09-12,10.783620834350586,FNOVA17.MX
2019-09-13,10.783620834350586,FNOVA17.MX
2019-09-17,10.783620834350586,FNOVA17.MX
2019-09-18,10.783620834350586,FNOVA17.MX
2019-09-19,10.783620834350586,FNOVA17.MX
2019-09-20,10.783620834350586,FNOVA17.MX
2019-09-23,10.783620834350586,FNOVA17.MX
2019-09-24,10.783620834350586,FNOVA17.MX
2019-09-25,10.783620834350586,FNOVA17.MX
2019-09-26,10.783620834350586,FNOVA17.MX
2019-09-27,10.783620834350586,FNOVA17.MX
2019-09-30,10.783620834350586,FNOVA17.MX
2019-10-01,10.783620834350586,FNOVA17.MX
2019-10-02,10.783620834350586,FNOVA17.MX
2019-10-03,10.783620834350586,FNOVA17.MX
2019-10-04,10.783620834350586,FNOVA17.MX
2019-10-07,10.783620834350586,FNOVA17.MX
2019-10-08,10.783620834350586,FNOVA17.MX
2019-10-09,10.783620834350586,FNOVA17.MX
2019-10-10,10.783620834350586,FNOVA17.MX
2019-10-11,10.783620834350586,FNOVA17.MX
2019-10-14,10.783620834350586,FNOVA17.MX
2019-10-15,10.783620834350586,FNOVA17.MX
2019-10-16,10.783620834350586,FNOVA17.MX
2019-10-17,10.783620834350586,FNOVA17.MX
2019-10-18,10.783620834350586,FNOVA17.MX
2019-10-21,10.783620834350586,FNOVA17.MX
2019-10-22,10.783620834350586,FNOVA17.MX
2019-10-23,10.783620834350586,FNOVA17.MX
2019-10-24,10.783620834350586,FNOVA17.MX
2019-10-25,10.783620834350586,FNOVA17.MX
2019-10-28,10.783620834350586,FNOVA17.MX
2019-10-29,10.783620834350586,FNOVA17.MX
2019-10-30,10.783620834350586,FNOVA17.MX
2019-10-31,10.783620834350586,FNOVA17.MX
2019-11-01,10.783620834350586,FNOVA17.MX
2019-11-04,10.783620834350586,FNOVA17.MX
2019-11-05,10.783620834350586,FNOVA17.MX
2019-11-06,10.783620834350586,FNOVA17.MX
2019-11-07,10.783620834350586,FNOVA17.MX
2019-11-08,10.783620834350586,FNOVA17.MX
2019-11-11,10.783620834350586,FNOVA17.MX
2019-11-12,10.783620834350586,FNOVA17.MX
2019-11-13,10.783620834350586,FNOVA17.MX
2019-11-14,10.783620834350586,FNOVA17.MX
2019-11-15,10.783620834350586,FNOVA17.MX
2019-11-19,10.783620834350586,FNOVA17.MX
2019-11-20,10.783620834350586,FNOVA17.MX
2019-11-21,10.783620834350586,FNOVA17.MX
2019-11-22,10.783620834350586,FNOVA17.MX
2019-11-25,10.783620834350586,FNOVA17.MX
2019-11-26,10.783620834350586,FNOVA17.MX
2019-11-27,11.02060317993164,FNOVA17.MX
2019-11-28,11.02060317993164,FNOVA17.MX
2019-11-29,11.02060317993164,FNOVA17.MX
2019-12-02,11.02060317993164,FNOVA17.MX
2019-12-03,11.02060317993164,FNOVA17.MX
2019-12-04,11.02060317993164,FNOVA17.MX
2019-12-05,11.02060317993164,FNOVA17.MX
2019-12-06,11.02060317993164,FNOVA17.MX
2019-12-09,11.02060317993164,FNOVA17.MX
2019-12-10,11.02060317993164,FNOVA17.MX
2019-12-11,11.02060317993164,FNOVA17.MX
2019-12-13,11.02060317993164,FNOVA17.MX
2019-12-16,11.07711410522461,FNOVA17.MX
2019-12-17,11.07711410522461,FNOVA17.MX
2019-12-18,11.07711410522461,FNOVA17.MX
2019-12-19,11.07711410522461,FNOVA17.MX
2019-12-20,11.07711410522461,FNOVA17.MX
2019-12-23,11.07711410522461,FNOVA17.MX
2019-12-24,11.07711410522461,FNOVA17.MX
2019-12-26,11.07711410522461,FNOVA17.MX
2019-12-27,11.07711410522461,FNOVA17.MX
2019-12-30,11.07711410522461,FNOVA17.MX
2019-12-31,11.07711410522461,FNOVA17.MX
2020-01-02,11.07711410522461,FNOVA17.MX
2020-01-03,11.07711410522461,FNOVA17.MX
2020-01-06,11.07711410522461,FNOVA17.MX
2020-01-07,11.07711410522461,FNOVA17.MX
2020-01-08,11.07711410522461,FNOVA17.MX
2020-01-09,11.07711410522461,FNOVA17.MX
2020-01-10,11.07711410522461,FNOVA17.MX
2020-01-13,11.07711410522461,FNOVA17.MX
2020-01-14,11.07711410522461,FNOVA17.MX
2020-01-15,11.07711410522461,FNOVA17.MX
2020-01-16,11.07711410522461,FNOVA17.MX
2020-01-17,11.07711410522461,FNOVA17.MX
2020-01-20,10.851054191589355,FNOVA17.MX
2020-01-21,10.851054191589355,FNOVA17.MX
2020-01-22,10.851054191589355,FNOVA17.MX
2020-01-23,10.851054191589355,FNOVA17.MX
2020-01-24,10.851054191589355,FNOVA17.MX
2020-01-27,11.014948844909668,FNOVA17.MX
2020-01-28,10.851054191589355,FNOVA17.MX
2020-01-29,10.851054191589355,FNOVA17.MX
2020-01-30,10.851054191589355,FNOVA17.MX
2020-01-31,10.851054191589355,FNOVA17.MX
2020-02-04,10.851054191589355,FNOVA17.MX
2020-02-05,10.851054191589355,FNOVA17.MX
2020-02-06,10.851054191589355,FNOVA17.MX
2020-02-07,10.851054191589355,FNOVA17.MX
2020-02-10,10.851054191589355,FNOVA17.MX
2020-02-11,10.851054191589355,FNOVA17.MX
2020-02-12,10.851054191589355,FNOVA17.MX
2020-02-13,10.851054191589355,FNOVA17.MX
2020-02-14,10.851054191589355,FNOVA17.MX
2020-02-17,10.851054191589355,FNOVA17.MX
2020-02-18,10.851054191589355,FNOVA17.MX
2020-02-19,10.851054191589355,FNOVA17.MX
2020-02-20,10.738022804260254,FNOVA17.MX
2020-02-21,10.738022804260254,FNOVA17.MX
2020-02-24,10.738022804260254,FNOVA17.MX
2020-02-25,10.738022804260254,FNOVA17.MX
2020-02-26,10.743671417236328,FNOVA17.MX
2020-02-27,10.743671417236328,FNOVA17.MX
2020-02-28,10.743671417236328,FNOVA17.MX
2020-03-02,10.743671417236328,FNOVA17.MX
2020-03-03,10.743671417236328,FNOVA17.MX
2020-03-04,10.738022804260254,FNOVA17.MX
2020-03-05,10.738022804260254,FNOVA17.MX
2020-03-06,10.982831954956055,FNOVA17.MX
2020-03-09,10.982831954956055,FNOVA17.MX
2020-03-10,10.982831954956055,FNOVA17.MX
2020-03-11,10.982831954956055,FNOVA17.MX
2020-03-12,10.982831954956055,FNOVA17.MX
2020-03-13,10.982831954956055,FNOVA17.MX
2020-03-17,10.982831954956055,FNOVA17.MX
2020-03-18,10.982831954956055,FNOVA17.MX
2020-03-19,10.982831954956055,FNOVA17.MX
2020-03-20,10.982831954956055,FNOVA17.MX
2020-03-23,10.982831954956055,FNOVA17.MX
2020-03-24,11.277793884277344,FNOVA17.MX
2020-03-25,11.277793884277344,FNOVA17.MX
2020-03-26,11.277793884277344,FNOVA17.MX
2020-03-27,11.277793884277344,FNOVA17.MX
2020-03-30,11.277793884277344,FNOVA17.MX
2020-03-31,11.277793884277344,FNOVA17.MX
2020-04-01,11.277793884277344,FNOVA17.MX
2020-04-02,11.277793884277344,FNOVA17.MX
2020-04-03,11.277793884277344,FNOVA17.MX
2020-04-06,11.277793884277344,FNOVA17.MX
2020-04-07,11.277793884277344,FNOVA17.MX
2020-04-08,11.277793884277344,FNOVA17.MX
2020-04-13,11.277793884277344,FNOVA17.MX
2020-04-14,11.277793884277344,FNOVA17.MX
2020-04-15,10.988617897033691,FNOVA17.MX
2020-04-16,10.988617897033691,FNOVA17.MX
2020-04-17,10.988617897033691,FNOVA17.MX
2020-04-20,10.988617897033691,FNOVA17.MX
2020-04-21,10.988617897033691,FNOVA17.MX
2020-04-22,10.988617897033691,FNOVA17.MX
2020-04-23,10.988617897033691,FNOVA17.MX
2020-04-24,10.988617897033691,FNOVA17.MX
2020-04-27,10.988617897033691,FNOVA17.MX
2020-04-28,10.988617897033691,FNOVA17.MX
2020-04-29,10.988617897033691,FNOVA17.MX
2020-04-30,10.988617897033691,FNOVA17.MX
2020-05-04,10.988617897033691,FNOVA17.MX
2020-05-05,10.988617897033691,FNOVA17.MX
2020-05-06,10.988617897033691,FNOVA17.MX
2020-05-07,10.988617897033691,FNOVA17.MX
2020-05-08,10.988617897033691,FNOVA17.MX
2020-05-11,10.988617897033691,FNOVA17.MX
2020-05-12,10.988617897033691,FNOVA17.MX
2020-05-13,10.988617897033691,FNOVA17.MX
2020-05-14,10.988617897033691,FNOVA17.MX
2020-05-15,10.988617897033691,FNOVA17.MX
2020-05-18,11.249810218811035,FNOVA17.MX
2020-05-19,11.249810218811035,FNOVA17.MX
2020-05-20,11.249810218811035,FNOVA17.MX
2020-05-21,11.249810218811035,FNOVA17.MX
2020-05-22,11.249810218811035,FNOVA17.MX
2020-05-25,11.249810218811035,FNOVA17.MX
2020-05-26,11.249810218811035,FNOVA17.MX
2020-05-27,11.249810218811035,FNOVA17.MX
2020-05-28,11.249810218811035,FNOVA17.MX
2020-05-29,11.249810218811035,FNOVA17.MX
2020-06-01,11.249810218811035,FNOVA17.MX
2020-06-02,11.249810218811035,FNOVA17.MX
2020-06-03,11.249810218811035,FNOVA17.MX
2020-06-04,11.249810218811035,FNOVA17.MX
2020-06-05,11.249810218811035,FNOVA17.MX
2020-06-08,11.249810218811035,FNOVA17.MX
2020-06-09,11.249810218811035,FNOVA17.MX
2020-06-10,11.249810218811035,FNOVA17.MX
2020-06-11,11.249810218811035,FNOVA17.MX
2020-06-12,11.249810218811035,FNOVA17.MX
2020-06-15,11.249810218811035,FNOVA17.MX
2020-06-16,11.249810218811035,FNOVA17.MX
2020-06-17,11.249810218811035,FNOVA17.MX
2020-06-18,11.249810218811035,FNOVA17.MX
2020-06-19,11.249810218811035,FNOVA17.MX
2020-06-22,11.249810218811035,FNOVA17.MX
2020-06-23,11.249810218811035,FNOVA17.MX
2020-06-24,11.249810218811035,FNOVA17.MX
2020-06-25,11.249810218811035,FNOVA17.MX
2020-06-26,11.249810218811035,FNOVA17.MX
2020-06-29,11.249810218811035,FNOVA17.MX
2020-06-30,11.249810218811035,FNOVA17.MX
2020-07-01,11.249810218811035,FNOVA17.MX
2020-07-02,11.249810218811035,FNOVA17.MX
2020-07-03,11.249810218811035,FNOVA17.MX
2020-07-06,11.249810218811035,FNOVA17.MX
2020-07-07,11.249810218811035,FNOVA17.MX
2020-07-08,11.249810218811035,FNOVA17.MX
2020-07-09,11.249810218811035,FNOVA17.MX
2020-07-10,11.249810218811035,FNOVA17.MX
2020-07-13,11.249810218811035,FNOVA17.MX
2020-07-14,11.249810218811035,FNOVA17.MX
2020-07-15,11.249810218811035,FNOVA17.MX
2020-07-16,11.249810218811035,FNOVA17.MX
2020-07-17,11.249810218811035,FNOVA17.MX
2020-07-20,11.249810218811035,FNOVA17.MX
2020-07-21,11.249810218811035,FNOVA17.MX
2020-07-22,11.249810218811035,FNOVA17.MX
2020-07-23,11.249810218811035,FNOVA17.MX
2020-07-24,11.249810218811035,FNOVA17.MX
2020-07-27,11.249810218811035,FNOVA17.MX
2020-07-28,11.249810218811035,FNOVA17.MX
2020-07-29,11.249810218811035,FNOVA17.MX
2020-07-30,11.249810218811035,FNOVA17.MX
2020-07-31,11.24388599395752,FNOVA17.MX
2020-08-03,11.24388599395752,FNOVA17.MX
2020-08-04,11.24388599395752,FNOVA17.MX
2020-08-05,11.24388599395752,FNOVA17.MX
2020-08-06,11.19059944152832,FNOVA17.MX
2020-08-07,11.19059944152832,FNOVA17.MX
2020-08-10,11.19059944152832,FNOVA17.MX
2020-08-11,11.47569751739502,FNOVA17.MX
2020-08-12,11.47569751739502,FNOVA17.MX
2020-08-13,11.463553428649902,FNOVA17.MX
2020-08-14,11.463553428649902,FNOVA17.MX
2020-08-17,11.463553428649902,FNOVA17.MX
2020-08-18,11.463553428649902,FNOVA17.MX
2020-08-19,11.463553428649902,FNOVA17.MX
2020-08-20,11.463553428649902,FNOVA17.MX
2020-08-21,11.463553428649902,FNOVA17.MX
2020-08-24,11.463553428649902,FNOVA17.MX
2020-08-25,11.463553428649902,FNOVA17.MX
2020-08-26,11.463553428649902,FNOVA17.MX
2020-08-27,11.463553428649902,FNOVA17.MX
2020-08-28,11.463553428649902,FNOVA17.MX
2020-08-31,11.463553428649902,FNOVA17.MX
2020-09-01,11.463553428649902,FNOVA17.MX
2020-09-02,11.463553428649902,FNOVA17.MX
2020-09-03,11.809647560119629,FNOVA17.MX
2020-09-04,11.809647560119629,FNOVA17.MX
2020-09-07,11.809647560119629,FNOVA17.MX
2020-09-08,11.809647560119629,FNOVA17.MX
2020-09-09,11.53641414642334,FNOVA17.MX
2020-09-10,11.293540000915527,FNOVA17.MX
2020-09-11,11.293540000915527,FNOVA17.MX
2020-09-14,11.293540000915527,FNOVA17.MX
2020-09-15,11.293540000915527,FNOVA17.MX
2020-09-17,11.293540000915527,FNOVA17.MX
2020-09-18,11.293540000915527,FNOVA17.MX
2020-09-21,11.293540000915527,FNOVA17.MX
2020-09-22,11.293540000915527,FNOVA17.MX
2020-09-23,11.293540000915527,FNOVA17.MX
2020-09-24,11.293540000915527,FNOVA17.MX
2020-09-25,11.293540000915527,FNOVA17.MX
2020-09-28,11.293540000915527,FNOVA17.MX
2020-09-29,11.293540000915527,FNOVA17.MX
2020-09-30,11.293540000915527,FNOVA17.MX
2020-10-01,11.293540000915527,FNOVA17.MX
2020-10-02,11.293540000915527,FNOVA17.MX
2020-10-05,11.293540000915527,FNOVA17.MX
2020-10-06,11.293540000915527,FNOVA17.MX
2020-10-07,11.293540000915527,FNOVA17.MX
2020-10-08,11.293540000915527,FNOVA17.MX
2020-10-09,11.293540000915527,FNOVA17.MX
2020-10-12,11.293540000915527,FNOVA17.MX
2020-10-13,11.293540000915527,FNOVA17.MX
2020-10-14,11.28139591217041,FNOVA17.MX
2020-10-15,11.275325775146484,FNOVA17.MX
2020-10-16,11.275325775146484,FNOVA17.MX
2020-10-19,11.275325775146484,FNOVA17.MX
2020-10-20,11.269255638122559,FNOVA17.MX
2020-10-21,11.172107696533203,FNOVA17.MX
2020-10-22,11.202466011047363,FNOVA17.MX
2020-10-23,11.202466011047363,FNOVA17.MX
2020-10-26,11.1113920211792,FNOVA17.MX
2020-10-27,11.1113920211792,FNOVA17.MX
2020-10-28,11.1113920211792,FNOVA17.MX
2020-10-29,11.1113920211792,FNOVA17.MX
2020-10-30,11.1113920211792,FNOVA17.MX
2020-11-03,10.92923355102539,FNOVA17.MX
2020-11-04,10.92923355102539,FNOVA17.MX
2020-11-05,10.92923355102539,FNOVA17.MX
2020-11-06,10.92923355102539,FNOVA17.MX
2020-11-09,11.050668716430664,FNOVA17.MX
2020-11-10,11.172107696533203,FNOVA17.MX
2020-11-11,11.12960433959961,FNOVA17.MX
2020-11-12,11.232824325561523,FNOVA17.MX
2020-11-13,11.399791717529297,FNOVA17.MX
2020-11-17,11.399791717529297,FNOVA17.MX
2020-11-18,11.46208381652832,FNOVA17.MX
2020-11-19,11.455855369567871,FNOVA17.MX
2020-11-20,11.455855369567871,FNOVA17.MX
2020-11-23,11.455855369567871,FNOVA17.MX
2020-11-24,11.455855369567871,FNOVA17.MX
2020-11-25,11.524377822875977,FNOVA17.MX
2020-11-26,11.524377822875977,FNOVA17.MX
2020-11-27,11.524377822875977,FNOVA17.MX
2020-11-30,11.524377822875977,FNOVA17.MX
2020-12-01,11.524377822875977,FNOVA17.MX
2020-12-02,11.524377822875977,FNOVA17.MX
2020-12-03,11.524377822875977,FNOVA17.MX
2020-12-04,11.524377822875977,FNOVA17.MX
2020-12-07,11.524377822875977,FNOVA17.MX
2020-12-08,11.524377822875977,FNOVA17.MX
2020-12-09,11.524377822875977,FNOVA17.MX
2020-12-10,11.524377822875977,FNOVA17.MX
2020-12-11,11.524377822875977,FNOVA17.MX
2020-12-14,11.524377822875977,FNOVA17.MX
2020-12-15,11.524377822875977,FNOVA17.MX
2020-12-16,11.524377822875977,FNOVA17.MX
2020-12-17,11.524377822875977,FNOVA17.MX
2020-12-18,11.524377822875977,FNOVA17.MX
2020-12-21,11.524377822875977,FNOVA17.MX
2020-12-22,11.524377822875977,FNOVA17.MX
2020-12-23,11.524377822875977,FNOVA17.MX
2020-12-24,11.524377822875977,FNOVA17.MX
2020-12-28,11.524377822875977,FNOVA17.MX
2020-12-29,11.761093139648438,FNOVA17.MX
2020-12-30,11.524377822875977,FNOVA17.MX
2020-12-31,11.524377822875977,FNOVA17.MX
2021-01-04,11.524377822875977,FNOVA17.MX
2021-01-05,11.524377822875977,FNOVA17.MX
2021-01-06,11.524377822875977,FNOVA17.MX
2021-01-07,11.673882484436035,FNOVA17.MX
2021-01-08,11.524377822875977,FNOVA17.MX
2021-01-11,11.524377822875977,FNOVA17.MX
2021-01-12,11.524377822875977,FNOVA17.MX
2021-01-13,11.524377822875977,FNOVA17.MX
2021-01-14,11.524377822875977,FNOVA17.MX
2021-01-15,11.493229866027832,FNOVA17.MX
2021-01-18,11.493229866027832,FNOVA17.MX
2021-01-19,11.493229866027832,FNOVA17.MX
2021-01-20,11.493229866027832,FNOVA17.MX
2021-01-21,11.48699951171875,FNOVA17.MX
2021-01-22,11.399791717529297,FNOVA17.MX
2021-01-25,11.399791717529297,FNOVA17.MX
2021-01-26,11.399791717529297,FNOVA17.MX
2021-01-27,11.212907791137695,FNOVA17.MX
2021-01-28,11.212907791137695,FNOVA17.MX
2021-01-29,11.119465827941895,FNOVA17.MX
2021-02-02,11.387330055236816,FNOVA17.MX
2021-02-03,11.212907791137695,FNOVA17.MX
2021-02-04,11.212907791137695,FNOVA17.MX
2021-02-05,11.212907791137695,FNOVA17.MX
2021-02-08,11.275199890136719,FNOVA17.MX
2021-02-09,11.212907791137695,FNOVA17.MX
2021-02-10,11.212907791137695,FNOVA17.MX
2021-02-11,11.212907791137695,FNOVA17.MX
2021-02-12,11.212907791137695,FNOVA17.MX
2021-02-15,11.212907791137695,FNOVA17.MX
2021-02-16,11.46208381652832,FNOVA17.MX
2021-02-17,11.212907791137695,FNOVA17.MX
2021-02-18,11.212907791137695,FNOVA17.MX
2021-02-19,11.26897144317627,FNOVA17.MX
2021-02-22,11.212907791137695,FNOVA17.MX
2021-02-23,11.36864185333252,FNOVA17.MX
2021-02-24,11.212907791137695,FNOVA17.MX
2021-02-25,11.212907791137695,FNOVA17.MX
2021-02-26,11.212907791137695,FNOVA17.MX
2021-03-01,11.212907791137695,FNOVA17.MX
2021-03-02,11.24405288696289,FNOVA17.MX
2021-03-03,11.212907791137695,FNOVA17.MX
2021-03-04,11.212907791137695,FNOVA17.MX
2021-03-05,11.337494850158691,FNOVA17.MX
2021-03-08,11.212907791137695,FNOVA17.MX
2021-03-09,11.231596946716309,FNOVA17.MX
2021-03-10,11.212907791137695,FNOVA17.MX
2021-03-11,11.212907791137695,FNOVA17.MX
2021-03-12,11.826658248901367,FNOVA17.MX
2021-03-16,11.885756492614746,FNOVA17.MX
2021-03-17,11.820091247558594,FNOVA17.MX
2021-03-18,11.852926254272461,FNOVA17.MX
2021-03-19,11.820091247558594,FNOVA17.MX
2021-03-22,12.141860961914062,FNOVA17.MX
2021-03-23,12.141860961914062,FNOVA17.MX
2021-03-24,12.312594413757324,FNOVA17.MX
2021-03-25,13.133434295654297,FNOVA17.MX
2021-03-26,13.199102401733398,FNOVA17.MX
2021-03-29,13.461771965026855,FNOVA17.MX
2021-03-30,14.381113052368164,FNOVA17.MX
2021-03-31,14.381113052368164,FNOVA17.MX
2021-04-05,14.381113052368164,FNOVA17.MX
2021-04-06,14.381113052368164,FNOVA17.MX
2021-04-07,14.381113052368164,FNOVA17.MX
2021-04-08,14.315441131591797,FNOVA17.MX
2021-04-09,14.315441131591797,FNOVA17.MX
2021-04-12,14.32857608795166,FNOVA17.MX
2021-04-13,14.367977142333984,FNOVA17.MX
2021-04-14,14.348276138305664,FNOVA17.MX
2021-04-15,14.361409187316895,FNOVA17.MX
2021-04-16,14.381113052368164,FNOVA17.MX
2021-04-19,14.361409187316895,FNOVA17.MX
2021-04-20,14.381113052368164,FNOVA17.MX
2021-04-21,14.381113052368164,FNOVA17.MX
2021-04-22,14.381113052368164,FNOVA17.MX
2021-04-23,14.019940376281738,FNOVA17.MX
2021-04-26,13.461771965026855,FNOVA17.MX
2021-04-27,13.133434295654297,FNOVA17.MX
2021-04-28,13.133439064025879,FNOVA17.MX
2021-04-29,12.880813598632812,FNOVA17.MX
2021-04-30,12.880813598632812,FNOVA17.MX
2021-05-03,13.541370391845703,FNOVA17.MX
2021-05-04,13.541370391845703,FNOVA17.MX
2021-05-05,13.508342742919922,FNOVA17.MX
2021-05-06,13.871648788452148,FNOVA17.MX
2021-05-07,13.846153259277344,FNOVA17.MX
2021-05-10,13.846153259277344,FNOVA17.MX
2021-05-11,13.846153259277344,FNOVA17.MX
2021-05-12,13.778611183166504,FNOVA17.MX
2021-05-13,13.846153259277344,FNOVA17.MX
2021-05-14,13.846153259277344,FNOVA17.MX
2021-05-17,14.386487007141113,FNOVA17.MX
2021-05-18,14.521574020385742,FNOVA17.MX
2021-05-19,13.508442878723145,FNOVA17.MX
2021-05-20,13.508442878723145,FNOVA17.MX
2021-05-21,13.508442878723145,FNOVA17.MX
2021-05-24,13.91369342803955,FNOVA17.MX
2021-05-25,13.98123836517334,FNOVA17.MX
2021-05-26,14.2514066696167,FNOVA17.MX
2021-05-27,14.2514066696167,FNOVA17.MX
2021-05-28,14.24465274810791,FNOVA17.MX
2021-05-31,14.649907112121582,FNOVA17.MX
2021-06-01,14.521574020385742,FNOVA17.MX
2021-06-02,14.514822006225586,FNOVA17.MX
2021-06-03,14.521574020385742,FNOVA17.MX
2021-06-04,14.521574020385742,FNOVA17.MX
2021-06-07,14.521574020385742,FNOVA17.MX
2021-06-08,14.521574020385742,FNOVA17.MX
2021-06-09,14.521574020385742,FNOVA17.MX
2021-06-10,14.521574020385742,FNOVA17.MX
2021-06-11,14.521574020385742,FNOVA17.MX
2021-06-14,14.521574020385742,FNOVA17.MX
2021-06-15,14.521574020385742,FNOVA17.MX
2021-06-16,14.521574020385742,FNOVA17.MX
2021-06-17,14.528327941894531,FNOVA17.MX
2021-06-18,14.737710952758789,FNOVA17.MX
2021-06-21,14.521574020385742,FNOVA17.MX
2021-06-22,14.508063316345215,FNOVA17.MX
2021-06-23,14.487804412841797,FNOVA17.MX
2021-06-24,14.508063316345215,FNOVA17.MX
2021-06-25,14.508063316345215,FNOVA17.MX
2021-06-28,14.183862686157227,FNOVA17.MX
2021-06-29,14.177106857299805,FNOVA17.MX
2021-06-30,14.183862686157227,FNOVA17.MX
2021-07-01,13.569228172302246,FNOVA17.MX
2021-07-02,13.528701782226562,FNOVA17.MX
2021-07-05,13.60975456237793,FNOVA17.MX
2021-07-06,13.589491844177246,FNOVA17.MX
2021-07-07,13.60975456237793,FNOVA17.MX
2021-07-08,13.765100479125977,FNOVA17.MX
2021-07-09,13.954217910766602,FNOVA17.MX
2021-07-12,14.177106857299805,FNOVA17.MX
2021-07-13,14.11631965637207,FNOVA17.MX
2021-07-14,14.129829406738281,FNOVA17.MX
2021-07-15,14.183862686157227,FNOVA17.MX
2021-07-16,14.170354843139648,FNOVA17.MX
2021-07-19,14.183862686157227,FNOVA17.MX
2021-07-20,14.183862686157227,FNOVA17.MX
2021-07-21,14.183862686157227,FNOVA17.MX
2021-07-22,14.183862686157227,FNOVA17.MX
2021-07-23,14.183862686157227,FNOVA17.MX
2021-07-26,14.757975578308105,FNOVA17.MX
2021-07-27,14.859284400939941,FNOVA17.MX
2021-07-28,14.724203109741211,FNOVA17.MX
2021-07-29,14.724203109741211,FNOVA17.MX
2021-07-30,14.656658172607422,FNOVA17.MX
2021-08-02,14.68367862701416,FNOVA17.MX
2021-08-03,14.717446327209473,FNOVA17.MX
2021-08-04,14.703939437866211,FNOVA17.MX
2021-08-05,14.717446327209473,FNOVA17.MX
2021-08-06,14.739952087402344,FNOVA17.MX
2021-08-09,14.477723121643066,FNOVA17.MX
2021-08-10,14.81585693359375,FNOVA17.MX
2021-08-11,14.836562156677246,FNOVA17.MX
2021-08-12,14.822757720947266,FNOVA17.MX
2021-08-13,14.82966136932373,FNOVA17.MX
2021-08-16,14.82966136932373,FNOVA17.MX
2021-08-17,14.836562156677246,FNOVA17.MX
2021-08-18,14.836562156677246,FNOVA17.MX
2021-08-19,14.836562156677246,FNOVA17.MX
2021-08-20,14.802059173583984,FNOVA17.MX
2021-08-23,14.822757720947266,FNOVA17.MX
2021-08-24,14.802059173583984,FNOVA17.MX
2021-08-25,14.767553329467773,FNOVA17.MX
2021-08-26,14.836562156677246,FNOVA17.MX
2021-08-27,14.82966136932373,FNOVA17.MX
2021-08-30,14.82966136932373,FNOVA17.MX
2021-08-31,14.822757720947266,FNOVA17.MX
2021-09-01,14.81585693359375,FNOVA17.MX
2021-09-02,14.836562156677246,FNOVA17.MX
2021-09-03,14.836562156677246,FNOVA17.MX
2021-09-06,15.10568904876709,FNOVA17.MX
2021-09-07,15.10568904876709,FNOVA17.MX
2021-09-08,15.10568904876709,FNOVA17.MX
2021-09-09,15.10568904876709,FNOVA17.MX
2021-09-10,15.181597709655762,FNOVA17.MX
2021-09-13,15.181597709655762,FNOVA17.MX
2021-09-14,15.657750129699707,FNOVA17.MX
2021-09-15,15.595643043518066,FNOVA17.MX
2021-09-17,15.871667861938477,FNOVA17.MX
2021-09-20,15.857870101928711,FNOVA17.MX
2021-09-21,15.788860321044922,FNOVA17.MX
2021-09-22,15.79576301574707,FNOVA17.MX
2021-09-23,15.864768981933594,FNOVA17.MX
2021-09-24,15.864768981933594,FNOVA17.MX
2021-09-27,15.6991548538208,FNOVA17.MX
2021-09-28,15.864768981933594,FNOVA17.MX
2021-09-29,15.79576301574707,FNOVA17.MX
2021-09-30,15.837173461914062,FNOVA17.MX
2021-10-01,15.802663803100586,FNOVA17.MX
2021-10-04,15.864768981933594,FNOVA17.MX
2021-10-05,15.802663803100586,FNOVA17.MX
2021-10-06,15.768158912658691,FNOVA17.MX
2021-10-07,15.55423355102539,FNOVA17.MX
2021-10-08,15.664649963378906,FNOVA17.MX
2021-10-11,15.664649963378906,FNOVA17.MX
2021-10-12,15.768158912658691,FNOVA17.MX
2021-10-13,15.768158912658691,FNOVA17.MX
2021-10-14,15.6991548538208,FNOVA17.MX
2021-10-15,15.526633262634277,FNOVA17.MX
2021-10-18,15.388617515563965,FNOVA17.MX
2021-10-19,15.278209686279297,FNOVA17.MX
2021-10-20,15.181597709655762,FNOVA17.MX
2021-10-21,15.181597709655762,FNOVA17.MX
2021-10-22,15.17469596862793,FNOVA17.MX
2021-10-25,15.17469596862793,FNOVA17.MX
2021-10-26,15.17469596862793,FNOVA17.MX
2021-10-27,15.17469596862793,FNOVA17.MX
2021-10-28,15.160895347595215,FNOVA17.MX
2021-10-29,15.17469596862793,FNOVA17.MX
2021-11-01,15.17469596862793,FNOVA17.MX
2021-11-03,15.17469596862793,FNOVA17.MX
2021-11-04,15.181597709655762,FNOVA17.MX
2021-11-05,15.17469596862793,FNOVA17.MX
2021-11-08,15.181597709655762,FNOVA17.MX
2021-11-09,15.55423355102539,FNOVA17.MX
2021-11-10,15.55423355102539,FNOVA17.MX
2021-11-11,15.55423355102539,FNOVA17.MX
2021-11-12,15.880464553833008,FNOVA17.MX
2021-11-16,15.880464553833008,FNOVA17.MX
2021-11-17,15.880464553833008,FNOVA17.MX
2021-11-18,15.584552764892578,FNOVA17.MX
2021-11-19,15.570466995239258,FNOVA17.MX
2021-11-22,15.50705623626709,FNOVA17.MX
2021-11-23,15.50705623626709,FNOVA17.MX
2021-11-24,15.500007629394531,FNOVA17.MX
2021-11-25,15.492960929870605,FNOVA17.MX
2021-11-26,15.584552764892578,FNOVA17.MX
2021-11-29,15.605687141418457,FNOVA17.MX
2021-11-30,16.204551696777344,FNOVA17.MX
2021-12-01,16.204551696777344,FNOVA17.MX
2021-12-02,16.204551696777344,FNOVA17.MX
2021-12-03,16.197509765625,FNOVA17.MX
2021-12-06,16.260915756225586,FNOVA17.MX
2021-12-07,16.486371994018555,FNOVA17.MX
2021-12-08,16.556825637817383,FNOVA17.MX
2021-12-09,16.563875198364258,FNOVA17.MX
2021-12-10,16.528642654418945,FNOVA17.MX
2021-12-13,16.88796615600586,FNOVA17.MX
2021-12-14,16.902057647705078,FNOVA17.MX
2021-12-15,16.902057647705078,FNOVA17.MX
2021-12-16,16.909099578857422,FNOVA17.MX
2021-12-17,17.261375427246094,FNOVA17.MX
2021-12-20,17.606599807739258,FNOVA17.MX
2021-12-21,17.606599807739258,FNOVA17.MX
2021-12-22,17.57842254638672,FNOVA17.MX
2021-12-23,17.57842254638672,FNOVA17.MX
2021-12-24,17.57842254638672,FNOVA17.MX
2021-12-27,17.62069320678711,FNOVA17.MX
2021-12-28,17.944780349731445,FNOVA17.MX
2021-12-29,17.958873748779297,FNOVA17.MX
2021-12-30,17.930694580078125,FNOVA17.MX
2021-12-31,17.95182991027832,FNOVA17.MX
2022-01-03,17.895463943481445,FNOVA17.MX
2022-01-04,17.96591567993164,FNOVA17.MX
2022-01-05,17.96591567993164,FNOVA17.MX
2022-01-06,17.944780349731445,FNOVA17.MX
2022-01-07,17.958873748779297,FNOVA17.MX
2022-01-10,17.958873748779297,FNOVA17.MX
2022-01-11,18.00114631652832,FNOVA17.MX
2022-01-12,18.00114631652832,FNOVA17.MX
2022-01-13,17.96591567993164,FNOVA17.MX
2022-01-14,17.96591567993164,FNOVA17.MX
2022-01-17,17.972965240478516,FNOVA17.MX
2022-01-18,18.036375045776367,FNOVA17.MX
2022-01-19,18.036375045776367,FNOVA17.MX
2022-01-20,18.459102630615234,FNOVA17.MX
2022-01-21,20.079557418823242,FNOVA17.MX
2022-01-24,19.48069190979004,FNOVA17.MX
2022-01-25,19.008647918701172,FNOVA17.MX
2022-01-26,18.9804630279541,FNOVA17.MX
2022-01-27,19.304553985595703,FNOVA17.MX
2022-01-28,19.304553985595703,FNOVA17.MX
2022-01-31,19.375017166137695,FNOVA17.MX
2022-02-01,19.614559173583984,FNOVA17.MX
2022-02-02,19.607511520385742,FNOVA17.MX
2022-02-03,20.22751235961914,FNOVA17.MX
2022-02-04,21.1152400970459,FNOVA17.MX
2022-02-08,21.10819435119629,FNOVA17.MX
2022-02-09,21.460464477539062,FNOVA17.MX
2022-02-10,21.206829071044922,FNOVA17.MX
2022-02-11,21.495695114135742,FNOVA17.MX
2022-02-14,21.382966995239258,FNOVA17.MX
2022-02-15,21.36887550354004,FNOVA17.MX
2022-02-16,21.354782104492188,FNOVA17.MX
2022-02-17,21.24205780029297,FNOVA17.MX
2022-02-18,21.136375427246094,FNOVA17.MX
2022-02-21,21.157512664794922,FNOVA17.MX
2022-02-22,21.277286529541016,FNOVA17.MX
2022-02-23,21.34773826599121,FNOVA17.MX
2022-02-24,21.136375427246094,FNOVA17.MX
2022-02-25,21.291372299194336,FNOVA17.MX
2022-02-28,21.481603622436523,FNOVA17.MX
2022-03-01,21.770469665527344,FNOVA17.MX
2022-03-02,21.94660186767578,FNOVA17.MX
2022-03-03,22.820241928100586,FNOVA17.MX
2022-03-04,23.581148147583008,FNOVA17.MX
2022-03-07,24.278650283813477,FNOVA17.MX
2022-03-08,24.61888885498047,FNOVA17.MX
2022-03-09,24.26105308532715,FNOVA17.MX
2022-03-10,24.117921829223633,FNOVA17.MX
2022-03-11,23.438034057617188,FNOVA17.MX
2022-03-14,20.675567626953125,FNOVA17.MX
2022-03-15,20.697040557861328,FNOVA17.MX
2022-03-16,20.754289627075195,FNOVA17.MX
2022-03-17,20.654096603393555,FNOVA17.MX
2022-03-18,20.661256790161133,FNOVA17.MX
2022-03-22,20.668413162231445,FNOVA17.MX
2022-03-23,20.68272590637207,FNOVA17.MX
2022-03-24,20.654096603393555,FNOVA17.MX
2022-03-25,20.68988037109375,FNOVA17.MX
2022-03-28,20.661256790161133,FNOVA17.MX
2022-03-29,20.68272590637207,FNOVA17.MX
2022-03-30,20.68272590637207,FNOVA17.MX
2022-03-31,20.68272590637207,FNOVA17.MX
2022-04-01,20.539594650268555,FNOVA17.MX
2022-04-04,20.68272590637207,FNOVA17.MX
2022-04-05,20.68272590637207,FNOVA17.MX
2022-04-06,20.68272590637207,FNOVA17.MX
2022-04-07,20.646940231323242,FNOVA17.MX
2022-04-08,20.68272590637207,FNOVA17.MX
2022-04-11,20.675567626953125,FNOVA17.MX
2022-04-12,20.654096603393555,FNOVA17.MX
2022-04-13,20.697040557861328,FNOVA17.MX
2022-04-18,20.668413162231445,FNOVA17.MX
2022-04-19,20.732818603515625,FNOVA17.MX
2022-04-20,20.747135162353516,FNOVA17.MX
2022-04-21,20.68272590637207,FNOVA17.MX
2022-04-22,20.739973068237305,FNOVA17.MX
2022-04-25,20.675567626953125,FNOVA17.MX
2022-04-26,20.675567626953125,FNOVA17.MX
2022-04-27,20.754289627075195,FNOVA17.MX
2022-04-28,20.754289627075195,FNOVA17.MX
2022-04-29,21.291044235229492,FNOVA17.MX
2022-05-02,21.291044235229492,FNOVA17.MX
2022-05-03,21.69064712524414,FNOVA17.MX
2022-05-04,21.69064712524414,FNOVA17.MX
2022-05-05,21.66876220703125,FNOVA17.MX
2022-05-06,21.16534423828125,FNOVA17.MX
2022-05-09,20.829736709594727,FNOVA17.MX
2022-05-10,20.807844161987305,FNOVA17.MX
2022-05-11,20.822439193725586,FNOVA17.MX
2022-05-12,20.683815002441406,FNOVA17.MX
2022-05-13,21.08509063720703,FNOVA17.MX
2022-05-16,21.04861068725586,FNOVA17.MX
2022-05-17,21.435291290283203,FNOVA17.MX
2022-05-18,21.311260223388672,FNOVA17.MX
2022-05-19,21.15804672241211,FNOVA17.MX
2022-05-20,21.150753021240234,FNOVA17.MX
2022-05-23,21.077795028686523,FNOVA17.MX
2022-05-24,21.077795028686523,FNOVA17.MX
2022-05-25,21.04861068725586,FNOVA17.MX
2022-05-26,21.077795028686523,FNOVA17.MX
2022-05-27,21.08509063720703,FNOVA17.MX
2022-05-30,21.070499420166016,FNOVA17.MX
2022-05-31,21.30396842956543,FNOVA17.MX
2022-06-01,21.522844314575195,FNOVA17.MX
2022-06-02,21.64687156677246,FNOVA17.MX
2022-06-03,21.64687156677246,FNOVA17.MX
2022-06-06,21.65416717529297,FNOVA17.MX
2022-06-07,21.829269409179688,FNOVA17.MX
2022-06-08,21.887638092041016,FNOVA17.MX
2022-06-09,21.887638092041016,FNOVA17.MX
2022-06-10,21.74172019958496,FNOVA17.MX
2022-06-13,21.74172019958496,FNOVA17.MX
2022-06-14,21.74172019958496,FNOVA17.MX
2022-06-15,21.851158142089844,FNOVA17.MX
2022-06-16,21.81467628479004,FNOVA17.MX
2022-06-17,21.829269409179688,FNOVA17.MX
2022-06-20,21.829269409179688,FNOVA17.MX
2022-06-21,21.894933700561523,FNOVA17.MX
2022-06-22,21.9678897857666,FNOVA17.MX
2022-06-23,22.354576110839844,FNOVA17.MX
2022-06-24,22.354576110839844,FNOVA17.MX
2022-06-27,22.25243377685547,FNOVA17.MX
2022-06-28,22.106515884399414,FNOVA17.MX
2022-06-29,22.142995834350586,FNOVA17.MX
2022-06-30,22.142995834350586,FNOVA17.MX
2022-07-01,22.011669158935547,FNOVA17.MX
2022-07-04,21.96059799194336,FNOVA17.MX
2022-07-05,21.90222930908203,FNOVA17.MX
2022-07-06,22.091920852661133,FNOVA17.MX
2022-07-07,22.106515884399414,FNOVA17.MX
2022-07-08,22.070030212402344,FNOVA17.MX
2022-07-11,22.070030212402344,FNOVA17.MX
2022-07-12,22.106515884399414,FNOVA17.MX
2022-07-13,22.09921646118164,FNOVA17.MX
2022-07-14,22.09921646118164,FNOVA17.MX
2022-07-15,22.09921646118164,FNOVA17.MX
2022-07-18,22.091920852661133,FNOVA17.MX
2022-07-19,22.106515884399414,FNOVA17.MX
2022-07-20,23.01849937438965,FNOVA17.MX
2022-07-21,23.01849937438965,FNOVA17.MX
2022-07-22,23.857524871826172,FNOVA17.MX
2022-07-25,23.95237159729004,FNOVA17.MX
2022-07-26,23.764734268188477,FNOVA17.MX
2022-07-27,23.697898864746094,FNOVA17.MX
2022-07-28,23.705324172973633,FNOVA17.MX
2022-07-29,23.705324172973633,FNOVA17.MX
2022-08-01,23.690473556518555,FNOVA17.MX
2022-08-02,23.690473556518555,FNOVA17.MX
2022-08-03,23.690473556518555,FNOVA17.MX
2022-08-04,23.690473556518555,FNOVA17.MX
2022-08-05,23.690473556518555,FNOVA17.MX
2022-08-08,23.690473556518555,FNOVA17.MX
2022-08-09,23.690473556518555,FNOVA17.MX
2022-08-10,23.690473556518555,FNOVA17.MX
2022-08-11,23.690473556518555,FNOVA17.MX
2022-08-12,23.660764694213867,FNOVA17.MX
2022-08-15,23.660764694213867,FNOVA17.MX
2022-08-16,23.68304443359375,FNOVA17.MX
2022-08-17,23.68304443359375,FNOVA17.MX
2022-08-18,23.393413543701172,FNOVA17.MX
2022-08-19,23.47510528564453,FNOVA17.MX
2022-08-22,23.77958869934082,FNOVA17.MX
2022-08-23,23.764734268188477,FNOVA17.MX
2022-08-24,23.749881744384766,FNOVA17.MX
2022-08-25,23.393413543701172,FNOVA17.MX
2022-08-26,23.393413543701172,FNOVA17.MX
2022-08-29,23.393413543701172,FNOVA17.MX
2022-08-30,23.378559112548828,FNOVA17.MX
2022-08-31,23.34885597229004,FNOVA17.MX
2022-09-01,23.21517562866211,FNOVA17.MX
2022-09-02,23.0220890045166,FNOVA17.MX
2022-09-05,22.836427688598633,FNOVA17.MX
2022-09-06,22.836427688598633,FNOVA17.MX
2022-09-07,22.806716918945312,FNOVA17.MX
2022-09-08,22.279441833496094,FNOVA17.MX
2022-09-09,22.279441833496094,FNOVA17.MX
2022-09-12,22.205177307128906,FNOVA17.MX
2022-09-13,22.1977481842041,FNOVA17.MX
2022-09-14,22.1977481842041,FNOVA17.MX
2022-09-15,22.1977481842041,FNOVA17.MX
2022-09-19,22.205177307128906,FNOVA17.MX
2022-09-20,22.190319061279297,FNOVA17.MX
2022-09-21,22.175472259521484,FNOVA17.MX
2022-09-22,22.175472259521484,FNOVA17.MX
2022-09-23,22.10120391845703,FNOVA17.MX
2022-09-26,22.10120391845703,FNOVA17.MX
2022-09-27,22.07892608642578,FNOVA17.MX
2022-09-28,22.05664825439453,FNOVA17.MX
2022-09-29,21.908119201660156,FNOVA17.MX
2022-09-30,21.90069007873535,FNOVA17.MX
2022-10-03,21.893264770507812,FNOVA17.MX
2022-10-04,21.885835647583008,FNOVA17.MX
2022-10-05,21.856130599975586,FNOVA17.MX
2022-10-06,21.833852767944336,FNOVA17.MX
2022-10-07,21.856130599975586,FNOVA17.MX
2022-10-10,21.856130599975586,FNOVA17.MX
2022-10-11,21.759584426879883,FNOVA17.MX
2022-10-12,21.759584426879883,FNOVA17.MX
2022-10-13,21.648191452026367,FNOVA17.MX
2022-10-14,21.640766143798828,FNOVA17.MX
2022-10-17,21.648191452026367,FNOVA17.MX
2022-10-18,21.65561294555664,FNOVA17.MX
2022-10-19,21.53679084777832,FNOVA17.MX
2022-10-20,21.53679084777832,FNOVA17.MX
2022-10-21,21.551645278930664,FNOVA17.MX
2022-10-24,21.53679084777832,FNOVA17.MX
2022-10-25,21.529367446899414,FNOVA17.MX
2022-10-26,21.48480796813965,FNOVA17.MX
2022-10-27,21.477378845214844,FNOVA17.MX
2022-10-28,21.49966049194336,FNOVA17.MX
2022-10-31,21.53679084777832,FNOVA17.MX
2022-11-01,21.53679084777832,FNOVA17.MX
2022-11-03,21.529367446899414,FNOVA17.MX
2022-11-04,21.529367446899414,FNOVA17.MX
2022-11-07,21.53679084777832,FNOVA17.MX
2022-11-08,21.529367446899414,FNOVA17.MX
2022-11-09,21.53679084777832,FNOVA17.MX
2022-11-10,21.53679084777832,FNOVA17.MX
2022-11-11,21.831769943237305,FNOVA17.MX
2022-11-14,21.831769943237305,FNOVA17.MX
2022-11-15,21.77876091003418,FNOVA17.MX
2022-11-16,21.922639846801758,FNOVA17.MX
2022-11-17,21.922639846801758,FNOVA17.MX
2022-11-18,21.922639846801758,FNOVA17.MX
2022-11-22,21.73332405090332,FNOVA17.MX
2022-11-23,21.740894317626953,FNOVA17.MX
2022-11-24,21.672744750976562,FNOVA17.MX
2022-11-25,21.680316925048828,FNOVA17.MX
2022-11-28,21.657596588134766,FNOVA17.MX
2022-11-29,21.657596588134766,FNOVA17.MX
2022-11-30,21.73332405090332,FNOVA17.MX
2022-12-01,21.74846649169922,FNOVA17.MX
2022-12-02,21.740894317626953,FNOVA17.MX
2022-12-05,21.50614356994629,FNOVA17.MX
2022-12-06,21.203245162963867,FNOVA17.MX
2022-12-07,21.203245162963867,FNOVA17.MX
2022-12-08,21.203245162963867,FNOVA17.MX
2022-12-09,21.392555236816406,FNOVA17.MX
2022-12-13,21.362266540527344,FNOVA17.MX
2022-12-14,21.354694366455078,FNOVA17.MX
2022-12-15,21.347122192382812,FNOVA17.MX
2022-12-16,22.339128494262695,FNOVA17.MX
2022-12-19,22.634458541870117,FNOVA17.MX
2022-12-20,22.64203453063965,FNOVA17.MX
2022-12-21,22.702613830566406,FNOVA17.MX
2022-12-22,22.64203453063965,FNOVA17.MX
2022-12-23,22.64203453063965,FNOVA17.MX
2022-12-26,22.528446197509766,FNOVA17.MX
2022-12-27,22.528446197509766,FNOVA17.MX
2022-12-28,22.536022186279297,FNOVA17.MX
2022-12-29,22.536022186279297,FNOVA17.MX
2022-12-30,22.528446197509766,FNOVA17.MX
2023-01-02,22.475435256958008,FNOVA17.MX
2023-01-03,22.460290908813477,FNOVA17.MX
2023-01-04,22.39971160888672,FNOVA17.MX
2023-01-05,22.37699317932129,FNOVA17.MX
2023-01-06,22.339128494262695,FNOVA17.MX
2023-01-09,22.566308975219727,FNOVA17.MX
2023-01-10,22.505727767944336,FNOVA17.MX
2023-01-11,22.483007431030273,FNOVA17.MX
2023-01-12,22.460290908813477,FNOVA17.MX
2023-01-13,22.45271873474121,FNOVA17.MX
2023-01-16,22.460290908813477,FNOVA17.MX
2023-01-17,22.475435256958008,FNOVA17.MX
2023-01-18,22.45271873474121,FNOVA17.MX
2023-01-19,22.43757438659668,FNOVA17.MX
2023-01-20,22.43757438659668,FNOVA17.MX
2023-01-23,22.407283782958984,FNOVA17.MX
2023-01-24,22.414857864379883,FNOVA17.MX
2023-01-25,22.414857864379883,FNOVA17.MX
2023-01-26,22.414857864379883,FNOVA17.MX
2023-01-27,22.407283782958984,FNOVA17.MX
2023-01-30,22.39971160888672,FNOVA17.MX
2023-01-31,22.39971160888672,FNOVA17.MX
2023-02-01,22.414857864379883,FNOVA17.MX
2023-02-02,22.604169845581055,FNOVA17.MX
2023-02-03,22.604169845581055,FNOVA17.MX
2023-02-07,22.566308975219727,FNOVA17.MX
2023-02-08,22.520872116088867,FNOVA17.MX
2023-02-09,22.520872116088867,FNOVA17.MX
2023-02-10,22.536022186279297,FNOVA17.MX
2023-02-13,22.67989730834961,FNOVA17.MX
2023-02-14,24.020244598388672,FNOVA17.MX
2023-02-15,23.656757354736328,FNOVA17.MX
2023-02-16,23.64161491394043,FNOVA17.MX
2023-02-17,23.14823341369629,FNOVA17.MX
2023-02-20,23.526317596435547,FNOVA17.MX
2023-02-21,23.526317596435547,FNOVA17.MX
2023-02-22,23.518604278564453,FNOVA17.MX
2023-02-23,23.503171920776367,FNOVA17.MX
2023-02-24,23.91983985900879,FNOVA17.MX
2023-02-27,23.912126541137695,FNOVA17.MX
2023-02-28,23.91983985900879,FNOVA17.MX
2023-03-01,23.842679977416992,FNOVA17.MX
2023-03-02,23.842679977416992,FNOVA17.MX
2023-03-03,23.935272216796875,FNOVA17.MX
2023-03-06,23.865827560424805,FNOVA17.MX
2023-03-07,23.834964752197266,FNOVA17.MX
2023-03-08,23.703786849975586,FNOVA17.MX
2023-03-09,23.703786849975586,FNOVA17.MX
2023-03-10,23.6497745513916,FNOVA17.MX
2023-03-13,23.66520881652832,FNOVA17.MX
2023-03-14,23.634347915649414,FNOVA17.MX
2023-03-15,23.68064308166504,FNOVA17.MX
2023-03-16,23.68064308166504,FNOVA17.MX
2023-03-17,23.81953239440918,FNOVA17.MX
2023-03-21,23.842679977416992,FNOVA17.MX
2023-03-22,23.842679977416992,FNOVA17.MX
2023-03-23,23.858112335205078,FNOVA17.MX
2023-03-24,23.858112335205078,FNOVA17.MX
2023-03-27,23.91983985900879,FNOVA17.MX
2023-03-28,23.958417892456055,FNOVA17.MX
2023-03-29,23.958417892456055,FNOVA17.MX
2023-03-30,24.305644989013672,FNOVA17.MX
2023-03-31,24.290210723876953,FNOVA17.MX
2023-04-03,24.297927856445312,FNOVA17.MX
2023-04-04,24.313364028930664,FNOVA17.MX
2023-04-05,24.344223022460938,FNOVA17.MX
2023-04-10,24.344223022460938,FNOVA17.MX
2023-04-11,24.722314834594727,FNOVA17.MX
2023-04-12,24.76861000061035,FNOVA17.MX
2023-04-13,24.84576988220215,FNOVA17.MX
2023-04-14,25.00009536743164,FNOVA17.MX
2023-04-17,24.305644989013672,FNOVA17.MX
2023-04-18,24.38280487060547,FNOVA17.MX
2023-04-19,24.691448211669922,FNOVA17.MX
2023-04-20,24.691448211669922,FNOVA17.MX
2023-04-21,25.077253341674805,FNOVA17.MX
2023-04-24,24.953794479370117,FNOVA17.MX
2023-04-25,25.077253341674805,FNOVA17.MX
2023-04-26,25.077253341674805,FNOVA17.MX
2023-04-27,25.077253341674805,FNOVA17.MX
2023-04-28,25.393611907958984,FNOVA17.MX
2023-05-02,25.270153045654297,FNOVA17.MX
2023-05-03,25.3010196685791,FNOVA17.MX
2023-05-04,25.308732986450195,FNOVA17.MX
2023-05-05,25.308732986450195,FNOVA17.MX
2023-05-08,25.308732986450195,FNOVA17.MX
2023-05-09,25.732669830322266,FNOVA17.MX
2023-05-10,25.732669830322266,FNOVA17.MX
2023-05-11,25.716960906982422,FNOVA17.MX
2023-05-12,25.7091064453125,FNOVA17.MX
2023-05-15,25.685537338256836,FNOVA17.MX
2023-05-16,25.685537338256836,FNOVA17.MX
2023-05-17,25.599140167236328,FNOVA17.MX
2023-05-18,25.59128189086914,FNOVA17.MX
2023-05-19,25.575576782226562,FNOVA17.MX
2023-05-22,25.528444290161133,FNOVA17.MX
2023-05-23,25.371341705322266,FNOVA17.MX
2023-05-24,25.371341705322266,FNOVA17.MX
2023-05-25,25.371341705322266,FNOVA17.MX
2023-05-26,25.11998748779297,FNOVA17.MX
2023-05-29,25.11998748779297,FNOVA17.MX
2023-05-30,25.11998748779297,FNOVA17.MX
2023-05-31,25.08856964111328,FNOVA17.MX
2023-06-01,23.274084091186523,FNOVA17.MX
2023-06-02,23.58042335510254,FNOVA17.MX
2023-06-05,23.957462310791016,FNOVA17.MX
2023-06-06,24.028156280517578,FNOVA17.MX
2023-06-07,24.083139419555664,FNOVA17.MX
2023-06-08,23.8789119720459,FNOVA17.MX
2023-06-09,23.80036163330078,FNOVA17.MX
2023-06-12,23.250520706176758,FNOVA17.MX
2023-06-13,23.171968460083008,FNOVA17.MX
2023-06-14,23.01487159729004,FNOVA17.MX
2023-06-15,22.865631103515625,FNOVA17.MX
2023-06-16,22.779226303100586,FNOVA17.MX
2023-06-19,22.779226303100586,FNOVA17.MX
2023-06-20,22.716384887695312,FNOVA17.MX
2023-06-21,22.771371841430664,FNOVA17.MX
2023-06-22,22.779226303100586,FNOVA17.MX
2023-06-23,22.779226303100586,FNOVA17.MX
2023-06-26,22.771371841430664,FNOVA17.MX
2023-06-27,22.73995018005371,FNOVA17.MX
2023-06-28,22.708528518676758,FNOVA17.MX
2023-06-29,22.708528518676758,FNOVA17.MX
2023-06-30,23.58042335510254,FNOVA17.MX
2023-07-03,23.01487159729004,FNOVA17.MX
2023-07-04,22.83420753479004,FNOVA17.MX
2023-07-05,22.700674057006836,FNOVA17.MX
2023-07-06,22.66140365600586,FNOVA17.MX
2023-07-07,22.59856414794922,FNOVA17.MX
2023-07-10,22.559288024902344,FNOVA17.MX
2023-07-11,22.559288024902344,FNOVA17.MX
2023-07-12,22.582849502563477,FNOVA17.MX
2023-07-13,22.582849502563477,FNOVA17.MX
2023-07-14,22.590707778930664,FNOVA17.MX
2023-07-17,22.60641860961914,FNOVA17.MX
2023-07-18,22.5435791015625,FNOVA17.MX
2023-07-19,22.779226303100586,FNOVA17.MX
2023-07-20,22.700674057006836,FNOVA17.MX
2023-07-21,22.708528518676758,FNOVA17.MX
2023-07-24,22.5435791015625,FNOVA17.MX
2023-07-25,22.504301071166992,FNOVA17.MX
2023-07-26,22.504301071166992,FNOVA17.MX
2023-07-27,22.62212562561035,FNOVA17.MX
2023-07-28,22.779226303100586,FNOVA17.MX
2023-07-31,22.779226303100586,FNOVA17.MX
2023-08-01,22.896591186523438,FNOVA17.MX
2023-08-02,22.896591186523438,FNOVA17.MX
2023-08-03,22.87261199951172,FNOVA17.MX
2023-08-04,22.832639694213867,FNOVA17.MX
2023-08-07,22.8006591796875,FNOVA17.MX
2023-08-08,22.792667388916016,FNOVA17.MX
2023-08-09,22.720714569091797,FNOVA17.MX
2023-08-10,22.776676177978516,FNOVA17.MX
2023-08-11,22.76068687438965,FNOVA17.MX
2023-08-14,22.70472526550293,FNOVA17.MX
2023-08-15,22.744699478149414,FNOVA17.MX
2023-08-16,22.70472526550293,FNOVA17.MX
2023-08-17,22.62477684020996,FNOVA17.MX
2023-08-18,22.584806442260742,FNOVA17.MX
2023-08-21,22.584806442260742,FNOVA17.MX
2023-08-22,22.54483413696289,FNOVA17.MX
2023-08-23,22.52884292602539,FNOVA17.MX
2023-08-24,22.53683853149414,FNOVA17.MX
2023-08-25,22.38494110107422,FNOVA17.MX
2023-08-28,22.38494110107422,FNOVA17.MX
2023-08-29,22.376941680908203,FNOVA17.MX
2023-08-30,22.36894989013672,FNOVA17.MX
2023-08-31,22.424909591674805,FNOVA17.MX
2023-09-01,22.392932891845703,FNOVA17.MX
2023-09-04,22.792667388916016,FNOVA17.MX
2023-09-05,22.792667388916016,FNOVA17.MX
2023-09-06,22.784669876098633,FNOVA17.MX
2023-09-07,22.664751052856445,FNOVA17.MX
2023-09-08,22.68873405456543,FNOVA17.MX
2023-09-11,22.69672966003418,FNOVA17.MX
2023-09-12,22.68873405456543,FNOVA17.MX
2023-09-13,22.69672966003418,FNOVA17.MX
2023-09-14,22.68873405456543,FNOVA17.MX
2023-09-15,22.664751052856445,FNOVA17.MX
2023-09-18,22.664751052856445,FNOVA17.MX
2023-09-19,22.784669876098633,FNOVA17.MX
2023-09-20,22.70472526550293,FNOVA17.MX
2023-09-21,22.70472526550293,FNOVA17.MX
2023-09-22,22.70472526550293,FNOVA17.MX
2023-09-25,22.61678695678711,FNOVA17.MX
2023-09-26,22.60079574584961,FNOVA17.MX
2023-09-27,22.63277244567871,FNOVA17.MX
2023-09-28,22.63277244567871,FNOVA17.MX
2023-09-29,22.62477684020996,FNOVA17.MX
2023-10-02,22.62477684020996,FNOVA17.MX
2023-10-03,22.63277244567871,FNOVA17.MX
2023-10-04,22.63277244567871,FNOVA17.MX
2023-10-05,22.608787536621094,FNOVA17.MX
2023-10-06,22.47287940979004,FNOVA17.MX
2023-10-09,22.520851135253906,FNOVA17.MX
2023-10-10,22.512849807739258,FNOVA17.MX
2023-10-11,22.512849807739258,FNOVA17.MX
2023-10-12,22.512849807739258,FNOVA17.MX
2023-10-13,22.512849807739258,FNOVA17.MX
2023-10-16,22.512849807739258,FNOVA17.MX
2023-10-17,22.584806442260742,FNOVA17.MX
2023-10-18,22.70472526550293,FNOVA17.MX
2023-10-19,22.720714569091797,FNOVA17.MX
2023-10-20,22.70472526550293,FNOVA17.MX
2023-10-23,22.568817138671875,FNOVA17.MX
2023-10-24,22.728708267211914,FNOVA17.MX
2023-10-25,22.64076805114746,FNOVA17.MX
2023-10-26,22.344968795776367,FNOVA17.MX
2023-10-27,22.344968795776367,FNOVA17.MX
2023-10-30,22.225048065185547,FNOVA17.MX
2023-10-31,22.20905876159668,FNOVA17.MX
2023-11-01,22.225048065185547,FNOVA17.MX
2023-11-03,22.225048065185547,FNOVA17.MX
2023-11-06,22.52884292602539,FNOVA17.MX
2023-11-07,22.38494110107422,FNOVA17.MX
2023-11-08,22.38494110107422,FNOVA17.MX
2023-11-09,22.376941680908203,FNOVA17.MX
2023-11-10,22.36894989013672,FNOVA17.MX
2023-11-13,22.25702476501465,FNOVA17.MX
2023-11-14,22.360960006713867,FNOVA17.MX
2023-11-15,21.985206604003906,FNOVA17.MX
2023-11-16,22.744699478149414,FNOVA17.MX
2023-11-17,22.7367000579834,FNOVA17.MX
2023-11-21,22.70472526550293,FNOVA17.MX
2023-11-22,22.62477684020996,FNOVA17.MX
2023-11-23,22.756595611572266,FNOVA17.MX
2023-11-24,22.71581268310547,FNOVA17.MX
2023-11-27,22.430334091186523,FNOVA17.MX
2023-11-28,22.37323760986328,FNOVA17.MX
2023-11-29,22.430334091186523,FNOVA17.MX
2023-11-30,22.471118927001953,FNOVA17.MX
2023-12-01,22.055139541625977,FNOVA17.MX
2023-12-04,22.169326782226562,FNOVA17.MX
2023-12-05,22.161170959472656,FNOVA17.MX
2023-12-06,22.169326782226562,FNOVA17.MX
2023-12-07,22.02251434326172,FNOVA17.MX
2023-12-08,22.02251434326172,FNOVA17.MX
2023-12-11,22.02251434326172,FNOVA17.MX
2023-12-13,22.02251434326172,FNOVA17.MX
2023-12-14,22.02251434326172,FNOVA17.MX
2023-12-15,22.104074478149414,FNOVA17.MX
2023-12-18,22.02251434326172,FNOVA17.MX
2023-12-19,22.02251434326172,FNOVA17.MX
2023-12-20,22.136699676513672,FNOVA17.MX
2023-12-21,22.169326782226562,FNOVA17.MX
2023-12-22,22.479276657104492,FNOVA17.MX
2023-12-26,22.838163375854492,FNOVA17.MX
2023-12-27,22.838163375854492,FNOVA17.MX
2023-12-28,22.756595611572266,FNOVA17.MX
2023-12-29,23.24598503112793,FNOVA17.MX
2024-01-02,22.919723510742188,FNOVA17.MX
2024-01-03,23.645652770996094,FNOVA17.MX
2024-01-04,23.474367141723633,FNOVA17.MX
2024-01-05,23.082853317260742,FNOVA17.MX
2024-01-08,23.221513748168945,FNOVA17.MX
2024-01-09,23.205204010009766,FNOVA17.MX
2024-01-10,23.1644229888916,FNOVA17.MX
2024-01-11,23.172574996948242,FNOVA17.MX
2024-01-12,23.172574996948242,FNOVA17.MX
2024-01-15,23.24598503112793,FNOVA17.MX
2024-01-16,23.22966957092285,FNOVA17.MX
2024-01-17,23.15626335144043,FNOVA17.MX
2024-01-18,23.205204010009766,FNOVA17.MX
2024-01-19,23.197044372558594,FNOVA17.MX
2024-01-22,23.18889045715332,FNOVA17.MX
2024-01-23,23.082853317260742,FNOVA17.MX
2024-01-24,23.139951705932617,FNOVA17.MX
2024-01-25,23.1644229888916,FNOVA17.MX
2024-01-26,22.838163375854492,FNOVA17.MX
2024-01-29,23.1644229888916,FNOVA17.MX
2024-01-30,23.148107528686523,FNOVA17.MX
2024-01-31,23.24598503112793,FNOVA17.MX
2024-02-01,23.368331909179688,FNOVA17.MX
2024-02-02,23.40096092224121,FNOVA17.MX
2024-02-06,23.131793975830078,FNOVA17.MX
2024-02-07,23.368331909179688,FNOVA17.MX
2024-02-08,23.139951705932617,FNOVA17.MX
2024-02-09,23.139951705932617,FNOVA17.MX
2024-02-12,23.082853317260742,FNOVA17.MX
2024-02-13,23.082853317260742,FNOVA17.MX
2024-02-14,23.36017417907715,FNOVA17.MX
2024-02-15,23.40096092224121,FNOVA17.MX
2024-02-16,23.490680694580078,FNOVA17.MX
2024-02-19,23.53145980834961,FNOVA17.MX
2024-02-20,23.653810501098633,FNOVA17.MX
2024-02-21,23.653810501098633,FNOVA17.MX
2024-02-22,23.79246711730957,FNOVA17.MX
2024-02-23,23.653810501098633,FNOVA17.MX
2024-02-26,23.886999130249023,FNOVA17.MX
2024-02-27,23.928543090820312,FNOVA17.MX
2024-02-28,24.02824592590332,FNOVA17.MX
2024-02-29,24.011629104614258,FNOVA17.MX
2024-03-01,24.086402893066406,FNOVA17.MX
2024-03-04,23.91192626953125,FNOVA17.MX
2024-03-05,23.92023468017578,FNOVA17.MX
2024-03-06,24.011629104614258,FNOVA17.MX
2024-03-07,23.928543090820312,FNOVA17.MX
2024-03-08,23.961776733398438,FNOVA17.MX
2024-03-11,23.92023468017578,FNOVA17.MX
2024-03-12,23.92023468017578,FNOVA17.MX
2024-03-13,23.92023468017578,FNOVA17.MX
2024-03-14,23.92023468017578,FNOVA17.MX
2024-03-15,23.945158004760742,FNOVA17.MX
2024-03-19,23.862075805664062,FNOVA17.MX
2024-03-20,23.886999130249023,FNOVA17.MX
2024-03-21,23.886999130249023,FNOVA17.MX
2024-03-22,23.886999130249023,FNOVA17.MX
2024-03-25,23.878686904907227,FNOVA17.MX
2024-03-26,23.886999130249023,FNOVA17.MX
2024-03-27,23.853763580322266,FNOVA17.MX
2024-04-01,23.862075805664062,FNOVA17.MX
2024-04-02,23.845458984375,FNOVA17.MX
2024-04-03,23.845458984375,FNOVA17.MX
2024-04-04,23.845458984375,FNOVA17.MX
2024-04-05,23.845458984375,FNOVA17.MX
2024-04-08,23.845458984375,FNOVA17.MX
2024-04-09,23.837148666381836,FNOVA17.MX
2024-04-10,23.845458984375,FNOVA17.MX
2024-04-11,23.845458984375,FNOVA17.MX
2024-04-12,23.845458984375,FNOVA17.MX
2024-04-15,23.845458984375,FNOVA17.MX
2024-04-16,23.845458984375,FNOVA17.MX
2024-04-17,24.593223571777344,FNOVA17.MX
2024-04-18,24.09471321105957,FNOVA17.MX
2024-04-19,24.22612190246582,FNOVA17.MX
2024-04-22,24.209169387817383,FNOVA17.MX
2024-04-23,23.997251510620117,FNOVA17.MX
2024-04-24,24.158308029174805,FNOVA17.MX
2024-04-25,24.073545455932617,FNOVA17.MX
2024-04-26,24.056591033935547,FNOVA17.MX
2024-04-29,23.937915802001953,FNOVA17.MX
2024-04-30,23.946392059326172,FNOVA17.MX
2024-05-02,23.946392059326172,FNOVA17.MX
2024-05-03,23.853151321411133,FNOVA17.MX
2024-05-06,23.844675064086914,FNOVA17.MX
2024-05-07,23.853151321411133,FNOVA17.MX
2024-05-08,23.734481811523438,FNOVA17.MX
2024-05-09,23.86162757873535,FNOVA17.MX
2024-05-10,23.86162757873535,FNOVA17.MX
2024-05-13,23.853151321411133,FNOVA17.MX
2024-05-14,23.86162757873535,FNOVA17.MX
2024-05-15,23.904014587402344,FNOVA17.MX
2024-05-16,23.878582000732422,FNOVA17.MX
2024-05-17,23.86162757873535,FNOVA17.MX
2024-05-20,23.86162757873535,FNOVA17.MX
2024-05-21,23.86162757873535,FNOVA17.MX
2024-05-22,23.86162757873535,FNOVA17.MX
2024-05-23,23.86162757873535,FNOVA17.MX
2024-05-24,23.86162757873535,FNOVA17.MX
2024-05-27,23.86162757873535,FNOVA17.MX
2024-05-28,23.86162757873535,FNOVA17.MX
2024-05-29,23.86162757873535,FNOVA17.MX
2024-05-30,23.86162757873535,FNOVA17.MX
2024-05-31,23.86162757873535,FNOVA17.MX
2024-06-03,23.86162757873535,FNOVA17.MX
2024-06-04,23.86162757873535,FNOVA17.MX
2024-06-05,23.86162757873535,FNOVA17.MX
2024-06-06,23.86162757873535,FNOVA17.MX
2024-06-07,23.86162757873535,FNOVA17.MX
2024-06-10,23.86162757873535,FNOVA17.MX
2024-06-11,23.86162757873535,FNOVA17.MX
2024-06-12,23.86162757873535,FNOVA17.MX
2024-06-13,23.86162757873535,FNOVA17.MX
2024-06-14,23.86162757873535,FNOVA17.MX
2024-06-17,23.86162757873535,FNOVA17.MX
2024-06-18,23.86162757873535,FNOVA17.MX
2024-06-19,23.86162757873535,FNOVA17.MX
2024-06-20,23.86162757873535,FNOVA17.MX
2024-06-21,23.86162757873535,FNOVA17.MX
2024-06-24,23.86162757873535,FNOVA17.MX
2024-06-25,23.86162757873535,FNOVA17.MX
2024-06-26,23.86162757873535,FNOVA17.MX
2024-06-27,23.86162757873535,FNOVA17.MX
2024-06-28,23.86162757873535,FNOVA17.MX
2024-07-01,23.86162757873535,FNOVA17.MX
2024-07-02,23.86162757873535,FNOVA17.MX
2024-07-03,23.86162757873535,FNOVA17.MX
2024-07-04,23.86162757873535,FNOVA17.MX
2024-07-05,23.86162757873535,FNOVA17.MX
2024-07-08,23.86162757873535,FNOVA17.MX
2024-07-09,23.86162757873535,FNOVA17.MX
2024-07-10,23.86162757873535,FNOVA17.MX
2024-07-11,23.86162757873535,FNOVA17.MX
2024-07-12,23.86162757873535,FNOVA17.MX
2024-07-15,23.86162757873535,FNOVA17.MX
2024-07-16,23.86162757873535,FNOVA17.MX
2024-07-17,23.86162757873535,FNOVA17.MX
2024-07-18,23.86162757873535,FNOVA17.MX
2024-07-19,23.86162757873535,FNOVA17.MX
2024-07-22,23.86162757873535,FNOVA17.MX
2024-07-23,23.86162757873535,FNOVA17.MX
2024-07-24,24.34363555908203,FNOVA17.MX
2024-07-25,24.34363555908203,FNOVA17.MX
2024-07-26,24.34363555908203,FNOVA17.MX
2024-07-29,24.34363555908203,FNOVA17.MX
2024-07-30,24.34363555908203,FNOVA17.MX
2024-07-31,24.34363555908203,FNOVA17.MX
2024-08-01,24.34363555908203,FNOVA17.MX
2024-08-02,24.34363555908203,FNOVA17.MX
2024-08-05,24.34363555908203,FNOVA17.MX
2024-08-06,24.34363555908203,FNOVA17.MX
2024-08-07,24.34363555908203,FNOVA17.MX
2024-08-08,24.34363555908203,FNOVA17.MX
2024-08-09,24.34363555908203,FNOVA17.MX
2024-08-12,24.34363555908203,FNOVA17.MX
2024-08-13,24.34363555908203,FNOVA17.MX
2024-08-14,24.34363555908203,FNOVA17.MX
2024-08-15,24.34363555908203,FNOVA17.MX
2024-08-16,24.34363555908203,FNOVA17.MX
2024-08-19,24.34363555908203,FNOVA17.MX
2024-08-20,24.34363555908203,FNOVA17.MX
2024-08-21,24.34363555908203,FNOVA17.MX
2024-08-22,24.34363555908203,FNOVA17.MX
2024-08-23,24.34363555908203,FNOVA17.MX
2024-08-26,24.34363555908203,FNOVA17.MX
2024-08-27,24.34363555908203,FNOVA17.MX
2024-08-28,24.34363555908203,FNOVA17.MX
2024-08-29,24.34363555908203,FNOVA17.MX
2024-08-30,24.34363555908203,FNOVA17.MX
2024-09-02,24.34363555908203,FNOVA17.MX
2024-09-03,24.34363555908203,FNOVA17.MX
2024-09-04,24.34363555908203,FNOVA17.MX
2024-09-05,24.34363555908203,FNOVA17.MX
2024-09-06,24.34363555908203,FNOVA17.MX
2024-09-09,24.34363555908203,FNOVA17.MX
2024-09-10,24.34363555908203,FNOVA17.MX
2024-09-11,24.34363555908203,FNOVA17.MX
2024-09-12,24.34363555908203,FNOVA17.MX
2024-09-13,24.34363555908203,FNOVA17.MX
2024-09-17,24.34363555908203,FNOVA17.MX
2024-09-18,24.34363555908203,FNOVA17.MX
2024-09-19,24.34363555908203,FNOVA17.MX
2024-09-20,24.34363555908203,FNOVA17.MX
2024-09-23,24.34363555908203,FNOVA17.MX
2024-09-24,24.34363555908203,FNOVA17.MX
2024-09-25,24.34363555908203,FNOVA17.MX
2024-09-26,24.34363555908203,FNOVA17.MX
2024-09-27,24.34363555908203,FNOVA17.MX
2024-09-30,24.34363555908203,FNOVA17.MX
2024-10-02,24.34363555908203,FNOVA17.MX
2024-10-03,24.34363555908203,FNOVA17.MX
2024-10-04,24.34363555908203,FNOVA17.MX
2024-10-07,24.34363555908203,FNOVA17.MX
2024-10-08,24.34363555908203,FNOVA17.MX
2024-10-09,24.34363555908203,FNOVA17.MX
2024-10-10,24.34363555908203,FNOVA17.MX
2024-10-11,24.34363555908203,FNOVA17.MX
2024-10-14,24.34363555908203,FNOVA17.MX
2024-10-15,24.34363555908203,FNOVA17.MX
2024-10-16,24.34363555908203,FNOVA17.MX
2024-10-17,24.34363555908203,FNOVA17.MX
2024-10-18,24.34363555908203,FNOVA17.MX
2024-10-21,24.34363555908203,FNOVA17.MX
2024-10-22,24.34363555908203,FNOVA17.MX
2024-10-23,24.34363555908203,FNOVA17.MX
2024-10-24,24.34363555908203,FNOVA17.MX
2024-10-25,24.34363555908203,FNOVA17.MX
2024-10-28,24.34363555908203,FNOVA17.MX
2024-10-29,24.34363555908203,FNOVA17.MX
2024-10-30,24.34363555908203,FNOVA17.MX
2024-10-31,24.34363555908203,FNOVA17.MX
2024-11-01,24.34363555908203,FNOVA17.MX
2024-11-04,24.34363555908203,FNOVA17.MX
2024-11-05,24.34363555908203,FNOVA17.MX
2024-11-06,24.34363555908203,FNOVA17.MX
2024-11-07,24.34363555908203,FNOVA17.MX
2024-11-08,24.34363555908203,FNOVA17.MX
2024-11-11,24.34363555908203,FNOVA17.MX
2024-11-12,24.79427719116211,FNOVA17.MX
2024-11-13,24.79427719116211,FNOVA17.MX
2024-11-14,24.79427719116211,FNOVA17.MX
2024-11-15,24.79427719116211,FNOVA17.MX
2024-11-19,24.79427719116211,FNOVA17.MX
2024-11-20,24.79427719116211,FNOVA17.MX
2024-11-21,24.79427719116211,FNOVA17.MX
2024-11-22,24.79427719116211,FNOVA17.MX
2024-11-25,24.79427719116211,FNOVA17.MX
2024-11-26,24.79427719116211,FNOVA17.MX
2024-11-27,24.79427719116211,FNOVA17.MX
2024-11-28,24.79427719116211,FNOVA17.MX
2024-11-29,24.79427719116211,FNOVA17.MX
2024-12-02,24.79427719116211,FNOVA17.MX
2024-12-03,24.79427719116211,FNOVA17.MX
2024-12-04,24.79427719116211,FNOVA17.MX
2024-12-05,24.79427719116211,FNOVA17.MX
2024-12-06,24.79427719116211,FNOVA17.MX
2024-12-09,24.79427719116211,FNOVA17.MX
2024-12-10,24.79427719116211,FNOVA17.MX
2024-12-11,24.79427719116211,FNOVA17.MX
2024-12-13,24.79427719116211,FNOVA17.MX
2024-12-16,24.79427719116211,FNOVA17.MX
2024-12-17,24.79427719116211,FNOVA17.MX
2024-12-18,24.79427719116211,FNOVA17.MX
2024-12-19,24.79427719116211,FNOVA17.MX
2024-12-20,24.79427719116211,FNOVA17.MX
2024-12-23,24.79427719116211,FNOVA17.MX
2024-12-24,24.79427719116211,FNOVA17.MX
2024-12-26,24.79427719116211,FNOVA17.MX
2024-12-27,24.79427719116211,FNOVA17.MX
2024-12-30,24.79427719116211,FNOVA17.MX
2024-12-31,24.79427719116211,FNOVA17.MX
2025-01-02,24.79427719116211,FNOVA17.MX
2025-01-03,24.79427719116211,FNOVA17.MX
2025-01-06,24.79427719116211,FNOVA17.MX
2025-01-07,24.79427719116211,FNOVA17.MX
2025-01-08,24.79427719116211,FNOVA17.MX
2025-01-09,24.79427719116211,FNOVA17.MX
2025-01-10,24.79427719116211,FNOVA17.MX
2025-01-13,24.79427719116211,FNOVA17.MX
2025-01-14,24.79427719116211,FNOVA17.MX
2025-01-15,24.79427719116211,FNOVA17.MX
2025-01-16,24.79427719116211,FNOVA17.MX
2025-01-17,24.79427719116211,FNOVA17.MX
2025-01-20,24.79427719116211,FNOVA17.MX
2025-01-21,24.79427719116211,FNOVA17.MX
2025-01-22,24.79427719116211,FNOVA17.MX
2025-01-23,24.79427719116211,FNOVA17.MX
2025-01-24,24.79427719116211,FNOVA17.MX
2025-01-27,24.79427719116211,FNOVA17.MX
2025-01-28,24.79427719116211,FNOVA17.MX
2025-01-29,24.79427719116211,FNOVA17.MX
2025-01-30,24.79427719116211,FNOVA17.MX
2025-01-31,24.79427719116211,FNOVA17.MX
2025-02-04,24.79427719116211,FNOVA17.MX
2025-02-05,24.79427719116211,FNOVA17.MX
2025-02-06,24.79427719116211,FNOVA17.MX
2025-02-07,24.79427719116211,FNOVA17.MX
2025-02-10,24.79427719116211,FNOVA17.MX
2025-02-11,24.79427719116211,FNOVA17.MX
2025-02-12,24.79427719116211,FNOVA17.MX
2025-02-13,24.79427719116211,FNOVA17.MX
2025-02-14,24.79427719116211,FNOVA17.MX
2025-02-17,24.79427719116211,FNOVA17.MX
2025-02-18,24.79427719116211,FNOVA17.MX
2025-02-19,24.79427719116211,FNOVA17.MX
2025-02-20,24.79427719116211,FNOVA17.MX
2025-02-21,24.79427719116211,FNOVA17.MX
2025-02-24,24.79427719116211,FNOVA17.MX
2025-02-25,25.258211135864258,FNOVA17.MX
2025-02-26,25.258211135864258,FNOVA17.MX
2025-02-27,25.258211135864258,FNOVA17.MX
2025-02-28,25.258211135864258,FNOVA17.MX
2025-03-03,25.258211135864258,FNOVA17.MX
2025-03-04,25.258211135864258,FNOVA17.MX
2025-03-05,25.258211135864258,FNOVA17.MX
2025-03-06,25.258211135864258,FNOVA17.MX
2025-03-07,25.258211135864258,FNOVA17.MX
2025-03-10,25.258211135864258,FNOVA17.MX
2025-03-11,25.258211135864258,FNOVA17.MX
2025-03-12,25.258211135864258,FNOVA17.MX
2025-03-13,25.258211135864258,FNOVA17.MX
2025-03-14,25.258211135864258,FNOVA17.MX
2025-03-18,25.258211135864258,FNOVA17.MX
2025-03-19,25.258211135864258,FNOVA17.MX
2025-03-20,25.258211135864258,FNOVA17.MX
2025-03-21,25.258211135864258,FNOVA17.MX
2025-03-24,25.258211135864258,FNOVA17.MX
2025-03-25,25.258211135864258,FNOVA17.MX
2025-03-26,25.258211135864258,FNOVA17.MX
2025-03-27,25.258211135864258,FNOVA17.MX
2025-03-28,25.258211135864258,FNOVA17.MX
2025-03-31,25.258211135864258,FNOVA17.MX
2025-04-01,25.258211135864258,FNOVA17.MX
2025-04-02,25.258211135864258,FNOVA17.MX
2025-04-03,25.258211135864258,FNOVA17.MX
2025-04-04,25.258211135864258,FNOVA17.MX
2025-04-07,25.258211135864258,FNOVA17.MX
2025-04-08,25.258211135864258,FNOVA17.MX
2025-04-09,25.258211135864258,FNOVA17.MX
2025-04-10,25.258211135864258,FNOVA17.MX
2025-04-11,25.258211135864258,FNOVA17.MX
2025-04-14,25.258211135864258,FNOVA17.MX
2025-04-15,25.258211135864258,FNOVA17.MX
2025-04-16,25.258211135864258,FNOVA17.MX
2025-04-21,25.258211135864258,FNOVA17.MX
2025-04-22,25.258211135864258,FNOVA17.MX
2025-04-23,25.258211135864258,FNOVA17.MX
2025-04-24,25.258211135864258,FNOVA17.MX
2025-04-25,25.258211135864258,FNOVA17.MX
2025-04-28,25.765348434448242,FNOVA17.MX
2025-04-29,25.765348434448242,FNOVA17.MX
2025-04-30,25.765348434448242,FNOVA17.MX
2025-05-02,25.765348434448242,FNOVA17.MX
2025-05-05,25.765348434448242,FNOVA17.MX
2025-05-06,25.765348434448242,FNOVA17.MX
2025-05-07,25.765348434448242,FNOVA17.MX
2025-05-08,25.765348434448242,FNOVA17.MX
2025-05-09,25.765348434448242,FNOVA17.MX
2025-05-12,25.765348434448242,FNOVA17.MX
2025-05-13,25.765348434448242,FNOVA17.MX
2025-05-14,25.765348434448242,FNOVA17.MX
2025-05-15,25.765348434448242,FNOVA17.MX
2025-05-16,25.765348434448242,FNOVA17.MX
2025-05-19,25.765348434448242,FNOVA17.MX
2025-05-20,25.765348434448242,FNOVA17.MX
2025-05-21,25.765348434448242,FNOVA17.MX
2025-05-22,25.765348434448242,FNOVA17.MX
2025-05-23,25.765348434448242,FNOVA17.MX
2025-05-26,25.765348434448242,FNOVA17.MX
2025-05-27,25.765348434448242,FNOVA17.MX
2025-05-28,25.765348434448242,FNOVA17.MX
2025-05-29,25.765348434448242,FNOVA17.MX
2025-05-30,25.765348434448242,FNOVA17.MX
2025-06-02,25.765348434448242,FNOVA17.MX
2025-06-03,25.765348434448242,FNOVA17.MX
2025-06-04,25.765348434448242,FNOVA17.MX
2025-06-05,25.765348434448242,FNOVA17.MX
2025-06-06,25.765348434448242,FNOVA17.MX
2025-06-09,25.765348434448242,FNOVA17.MX
2025-06-10,25.765348434448242,FNOVA17.MX
2025-06-11,25.765348434448242,FNOVA17.MX
2025-06-12,25.765348434448242,FNOVA17.MX
2025-06-13,25.765348434448242,FNOVA17.MX
2025-06-16,25.765348434448242,FNOVA17.MX
2025-06-17,25.765348434448242,FNOVA17.MX
2025-06-18,25.765348434448242,FNOVA17.MX
2025-06-19,25.765348434448242,FNOVA17.MX
2025-06-20,25.765348434448242,FNOVA17.MX
2025-06-23,25.765348434448242,FNOVA17.MX
2025-06-24,25.765348434448242,FNOVA17.MX
2025-06-25,25.765348434448242,FNOVA17.MX
2025-06-26,25.765348434448242,FNOVA17.MX
2025-06-27,25.765348434448242,FNOVA17.MX
2025-06-30,25.765348434448242,FNOVA17.MX
2025-07-01,25.765348434448242,FNOVA17.MX
2025-07-02,25.765348434448242,FNOVA17.MX
2025-07-03,25.765348434448242,FNOVA17.MX
2025-07-04,25.765348434448242,FNOVA17.MX
2025-07-07,25.765348434448242,FNOVA17.MX
2025-07-08,25.765348434448242,FNOVA17.MX
2025-07-09,25.765348434448242,FNOVA17.MX
2025-07-10,25.765348434448242,FNOVA17.MX
2025-07-11,25.765348434448242,FNOVA17.MX
2025-07-14,25.765348434448242,FNOVA17.MX
2025-07-15,25.765348434448242,FNOVA17.MX
2025-07-16,25.765348434448242,FNOVA17.MX
2025-07-17,25.765348434448242,FNOVA17.MX
2025-07-18,25.765348434448242,FNOVA17.MX
2025-07-21,25.765348434448242,FNOVA17.MX
2025-07-22,25.765348434448242,FNOVA17.MX
2025-07-23,25.765348434448242,FNOVA17.MX
2025-07-24,25.765348434448242,FNOVA17.MX
2025-07-25,25.765348434448242,FNOVA17.MX
2025-07-28,25.765348434448242,FNOVA17.MX
2025-07-29,25.765348434448242,FNOVA17.MX
2025-07-30,25.765348434448242,FNOVA17.MX
2025-07-31,25.765348434448242,FNOVA17.MX
2025-08-01,25.765348434448242,FNOVA17.MX
2025-08-04,25.765348434448242,FNOVA17.MX
2025-08-05,25.765348434448242,FNOVA17.MX
2025-08-06,25.765348434448242,FNOVA17.MX
2025-08-07,25.765348434448242,FNOVA17.MX
2025-08-08,25.765348434448242,FNOVA17.MX
2025-08-11,25.765348434448242,FNOVA17.MX
2025-08-12,25.765348434448242,FNOVA17.MX
2025-08-13,25.765348434448242,FNOVA17.MX
2025-08-14,25.765348434448242,FNOVA17.MX
2025-08-15,25.765348434448242,FNOVA17.MX
2025-08-18,25.765348434448242,FNOVA17.MX
2025-08-19,25.765348434448242,FNOVA17.MX
2025-08-20,25.765348434448242,FNOVA17.MX
2025-08-21,25.765348434448242,FNOVA17.MX
2025-08-22,25.765348434448242,FNOVA17.MX
2025-08-25,25.765348434448242,FNOVA17.MX
2025-08-26,25.765348434448242,FNOVA17.MX
2025-08-27,25.765348434448242,FNOVA17.MX
2025-08-28,25.765348434448242,FNOVA17.MX
2025-08-29,25.765348434448242,FNOVA17.MX
2025-09-01,25.765348434448242,FNOVA17.MX
2025-09-02,25.765348434448242,FNOVA17.MX
2025-09-03,25.765348434448242,FNOVA17.MX
2025-09-04,25.765348434448242,FNOVA17.MX
2025-09-05,25.765348434448242,FNOVA17.MX
2025-09-08,25.765348434448242,FNOVA17.MX
2025-09-09,25.765348434448242,FNOVA17.MX
2025-09-10,25.765348434448242,FNOVA17.MX
2025-09-11,25.765348434448242,FNOVA17.MX
2025-09-12,25.765348434448242,FNOVA17.MX
2025-09-15,25.765348434448242,FNOVA17.MX
2025-09-17,25.765348434448242,FNOVA17.MX
2025-09-18,25.765348434448242,FNOVA17.MX
2025-09-19,25.765348434448242,FNOVA17.MX
2025-09-22,25.765348434448242,FNOVA17.MX
2025-09-23,25.765348434448242,FNOVA17.MX
2025-09-24,25.765348434448242,FNOVA17.MX
2025-09-25,25.765348434448242,FNOVA17.MX
2025-09-26,25.765348434448242,FNOVA17.MX
2025-09-29,25.765348434448242,FNOVA17.MX
2025-09-30,25.765348434448242,FNOVA17.MX
2025-10-01,25.765348434448242,FNOVA17.MX
2025-10-02,25.765348434448242,FNOVA17.MX
2025-10-03,25.765348434448242,FNOVA17.MX
2025-10-06,25.765348434448242,FNOVA17.MX
2025-10-07,25.765348434448242,FNOVA17.MX
2025-10-08,25.765348434448242,FNOVA17.MX
2025-10-09,25.765348434448242,FNOVA17.MX
2025-10-10,25.765348434448242,FNOVA17.MX
2025-10-13,25.765348434448242,FNOVA17.MX
2025-10-14,25.765348434448242,FNOVA17.MX
2025-10-15,25.765348434448242,FNOVA17.MX
2025-10-16,25.765348434448242,FNOVA17.MX
2025-10-17,25.765348434448242,FNOVA17.MX
2025-10-20,25.765348434448242,FNOVA17.MX
2025-10-21,25.765348434448242,FNOVA17.MX
2025-10-22,25.765348434448242,FNOVA17.MX
2025-10-23,25.765348434448242,FNOVA17.MX
2025-10-24,25.765348434448242,FNOVA17.MX
2025-10-27,25.765348434448242,FNOVA17.MX
2025-10-28,25.765348434448242,FNOVA17.MX
2025-10-29,25.765348434448242,FNOVA17.MX
2025-10-30,25.765348434448242,FNOVA17.MX
2025-10-31,25.765348434448242,FNOVA17.MX
2025-11-03,25.765348434448242,FNOVA17.MX
2025-11-04,25.765348434448242,FNOVA17.MX
2025-11-05,26.33332061767578,FNOVA17.MX
2025-11-06,26.33332061767578,FNOVA17.MX
2025-11-07,26.33332061767578,FNOVA17.MX
2025-11-10,26.33332061767578,FNOVA17.MX
2025-11-11,26.33332061767578,FNOVA17.MX
2025-11-12,26.33332061767578,FNOVA17.MX
2025-11-13,26.33332061767578,FNOVA17.MX
2025-11-14,26.33332061767578,FNOVA17.MX
2025-11-18,26.33332061767578,FNOVA17.MX
2025-11-19,26.33332061767578,FNOVA17.MX
2025-11-20,26.33332061767578,FNOVA17.MX
2025-11-21,26.33332061767578,FNOVA17.MX
2025-11-24,26.33332061767578,FNOVA17.MX
2025-11-25,26.33332061767578,FNOVA17.MX
2025-11-26,26.33332061767578,FNOVA17.MX
2025-11-27,26.33332061767578,FNOVA17.MX
2025-11-28,26.33332061767578,FNOVA17.MX
2025-12-01,26.33332061767578,FNOVA17.MX
2025-12-02,26.33332061767578,FNOVA17.MX
2025-12-03,26.33332061767578,FNOVA17.MX
2025-12-04,26.33332061767578,FNOVA17.MX
2025-12-05,26.33332061767578,FNOVA17.MX
2025-12-08,26.33332061767578,FNOVA17.MX
2025-12-09,26.33332061767578,FNOVA17.MX
2025-12-10,26.33332061767578,FNOVA17.MX
2025-12-11,26.33332061767578,FNOVA17.MX
2025-12-15,26.33332061767578,FNOVA17.MX
2025-12-16,26.33332061767578,FNOVA17.MX
2025-12-17,26.33332061767578,FNOVA17.MX
2025-12-18,26.33332061767578,FNOVA17.MX
2025-12-19,26.33332061767578,FNOVA17.MX
2025-12-22,26.33332061767578,FNOVA17.MX
2025-12-23,26.33332061767578,FNOVA17.MX
2025-12-24,26.33332061767578,FNOVA17.MX
2025-12-26,26.33332061767578,FNOVA17.MX
2025-12-29,26.33332061767578,FNOVA17.MX
2025-12-30,26.33332061767578,FNOVA17.MX
2025-12-31,26.33332061767578,FNOVA17.MX
2026-01-02,26.33332061767578,FNOVA17.MX
2026-01-05,26.33332061767578,FNOVA17.MX
2026-01-06,26.33332061767578,FNOVA17.MX
2026-01-07,26.33332061767578,FNOVA17.MX
2026-01-08,26.33332061767578,FNOVA17.MX
2026-01-09,26.33332061767578,FNOVA17.MX
2026-01-12,26.33332061767578,FNOVA17.MX
2026-01-13,26.33332061767578,FNOVA17.MX
2026-01-14,26.33332061767578,FNOVA17.MX
2026-01-15,26.33332061767578,FNOVA17.MX
2026-01-16,26.33332061767578,FNOVA17.MX
2026-01-19,26.33332061767578,FNOVA17.MX
2026-01-20,26.33332061767578,FNOVA17.MX
2026-01-21,26.33332061767578,FNOVA17.MX
2026-01-22,26.33332061767578,FNOVA17.MX
2026-01-23,26.33332061767578,FNOVA17.MX
2026-01-26,26.33332061767578,FNOVA17.MX
2026-01-27,26.33332061767578,FNOVA17.MX
2026-01-28,26.33332061767578,FNOVA17.MX
2026-01-29,26.33332061767578,FNOVA17.MX
2026-01-30,26.33332061767578,FNOVA17.MX
2026-02-03,26.33332061767578,FNOVA17.MX
2026-02-04,26.33332061767578,FNOVA17.MX
2026-02-05,26.33332061767578,FNOVA17.MX
2026-02-06,26.33332061767578,FNOVA17.MX
2026-02-09,26.33332061767578,FNOVA17.MX
2026-02-10,26.33332061767578,FNOVA17.MX
2026-02-11,26.33332061767578,FNOVA17.MX
2026-02-12,26.33332061767578,FNOVA17.MX
2026-02-13,26.33332061767578,FNOVA17.MX
2026-02-16,26.33332061767578,FNOVA17.MX
2026-02-17,26.33332061767578,FNOVA17.MX
2026-02-18,26.33332061767578,FNOVA17.MX
2026-02-19,26.33332061767578,FNOVA17.MX
2026-02-20,26.33332061767578,FNOVA17.MX
2026-02-23,26.33332061767578,FNOVA17.MX
2026-02-24,26.919878005981445,FNOVA17.MX
2026-02-25,26.919878005981445,FNOVA17.MX
2026-02-26,26.919878005981445,FNOVA17.MX
2026-02-27,26.919878005981445,FNOVA17.MX
2026-03-02,26.919878005981445,FNOVA17.MX
2026-03-03,26.919878005981445,FNOVA17.MX
2026-03-04,26.919878005981445,FNOVA17.MX
2026-03-05,26.919878005981445,FNOVA17.MX
2026-03-06,26.919878005981445,FNOVA17.MX
2026-03-09,26.919878005981445,FNOVA17.MX
2026-03-10,26.919878005981445,FNOVA17.MX
2026-03-11,26.919878005981445,FNOVA17.MX
2026-03-12,26.919878005981445,FNOVA17.MX
2026-03-13,26.919878005981445,FNOVA17.MX
2026-03-17,26.919878005981445,FNOVA17.MX
2026-03-18,26.919878005981445,FNOVA17.MX
2026-03-19,26.919878005981445,FNOVA17.MX
2026-03-20,26.919878005981445,FNOVA17.MX
2026-03-23,26.919878005981445,FNOVA17.MX
2026-03-24,26.919878005981445,FNOVA17.MX
2026-03-25,26.919878005981445,FNOVA17.MX
2026-03-26,26.919878005981445,FNOVA17.MX
2026-03-27,26.919878005981445,FNOVA17.MX
2026-03-30,26.919878005981445,FNOVA17.MX
2026-03-31,26.919878005981445,FNOVA17.MX
2026-04-01,26.919878005981445,FNOVA17.MX
2026-04-06,26.919878005981445,FNOVA17.MX
2026-04-07,26.919878005981445,FNOVA17.MX
2026-04-08,26.919878005981445,FNOVA17.MX
2026-04-09,26.919878005981445,FNOVA17.MX
2026-04-10,26.919878005981445,FNOVA17.MX
2026-04-13,26.919878005981445,FNOVA17.MX
2026-04-14,26.919878005981445,FNOVA17.MX
2026-04-15,26.919878005981445,FNOVA17.MX
2026-04-16,26.919878005981445,FNOVA17.MX
2026-04-17,26.919878005981445,FNOVA17.MX
2026-04-20,26.919878005981445,FNOVA17.MX
2026-04-21,26.919878005981445,FNOVA17.MX
2026-04-23,26.919878005981445,FNOVA17.MX
2026-04-24,26.919878005981445,FNOVA17.MX
2026-04-27,26.919878005981445,FNOVA17.MX
2026-04-28,27.52777099609375,FNOVA17.MX
2026-04-29,27.52777099609375,FNOVA17.MX
2026-04-30,27.52777099609375,FNOVA17.MX
2026-05-04,27.52777099609375,FNOVA17.MX
2026-05-05,27.52777099609375,FNOVA17.MX
2026-05-06,27.52777099609375,FNOVA17.MX
2026-05-07,27.52777099609375,FNOVA17.MX
2026-05-08,27.52777099609375,FNOVA17.MX
2026-05-11,27.52777099609375,FNOVA17.MX
2026-05-12,27.52777099609375,FNOVA17.MX
2026-05-13,27.52777099609375,FNOVA17.MX
2026-05-14,27.52777099609375,FNOVA17.MX
2026-05-15,27.52777099609375,FNOVA17.MX
2026-05-18,27.52777099609375,FNOVA17.MX
2026-05-19,27.52777099609375,FNOVA17.MX
2026-05-20,27.52777099609375,FNOVA17.MX
2026-05-21,27.52777099609375,FNOVA17.MX
2026-05-22,27.52777099609375,FNOVA17.MX
2026-05-25,27.52777099609375,FNOVA17.MX
2026-05-26,27.52777099609375,FNOVA17.MX
2026-05-27,27.52777099609375,FNOVA17.MX
2026-05-28,27.52777099609375,FNOVA17.MX
2026-05-29,27.52777099609375,FNOVA17.MX
2026-06-01,27.52777099609375,FNOVA17.MX
2026-06-02,27.52777099609375,FNOVA17.MX
2026-06-03,27.52777099609375,FNOVA17.MX
2026-06-04,27.52777099609375,FNOVA17.MX
2026-06-05,27.52777099609375,FNOVA17.MX
2026-06-08,27.52777099609375,FNOVA17.MX
2026-06-09,27.52777099609375,FNOVA17.MX
2026-06-10,27.52777099609375,FNOVA17.MX
2026-06-11,27.52777099609375,FNOVA17.MX
2026-06-12,27.52777099609375,FNOVA17.MX
2026-06-15,27.52777099609375,FNOVA17.MX
2026-06-16,27.52777099609375,FNOVA17.MX
2026-06-17,27.52777099609375,FNOVA17.MX
2026-06-18,27.52777099609375,FNOVA17.MX
2026-06-19,27.52777099609375,FNOVA17.MX
2026-06-22,27.52777099609375,FNOVA17.MX
2026-06-23,27.52777099609375,FNOVA17.MX
2026-06-24,27.52777099609375,FNOVA17.MX
2026-06-25,27.52777099609375,FNOVA17.MX
2026-06-26,27.52777099609375,FNOVA17.MX
2026-06-29,27.52777099609375,FNOVA17.MX
2026-06-30,27.52777099609375,FNOVA17.MX
2026-07-01,27.52777099609375,FNOVA17.MX
2026-07-02,27.52777099609375,FNOVA17.MX
2026-07-03,27.52777099609375,FNOVA17.MX
2026-07-06,27.52777099609375,FNOVA17.MX
2026-07-07,27.52777099609375,FNOVA17.MX
2026-07-08,27.52777099609375,FNOVA17.MX
2026-07-09,27.52777099609375,FNOVA17.MX
2026-07-10,27.52777099609375,FNOVA17.MX
2026-07-13,27.52777099609375,FNOVA17.MX
2026-07-14,27.52777099609375,FNOVA17.MX
2026-07-15,27.52777099609375,FNOVA17.MX
2026-07-16,27.52777099609375,FNOVA17.MX
2026-07-17,27.52777099609375,FNOVA17.MX
2026-07-20,27.52777099609375,FNOVA17.MX
2026-07-21,27.52777099609375,FNOVA17.MX
2026-07-22,27.52777099609375,FNOVA17.MX
2026-07-23,27.52777099609375,FNOVA17.MX
2026-07-24,27.52777099609375,FNOVA17.MX
2026-07-27,27.52777099609375,FNOVA17.MX
2026-07-28,27.52777099609375,FNOVA17.MX
2026-07-29,28.149999618530273,FNOVA17.MX
2026-07-30,28.149999618530273,FNOVA17.MX
2026-07-31,28.149999618530273,FNOVA17.MX
2026-08-03,28.149999618530273,FNOVA17.MX
2026-08-04,28.149999618530273,FNOVA17.MX
2026-08-05,28.149999618530273,FNOVA17.MX
2026-08-06,28.149999618530273,FNOVA17.MX
2026-08-07,28.149999618530273,FNOVA17.MX
2026-08-10,28.149999618530273,FNOVA17.MX
2026-08-11,28.149999618530273,FNOVA17.MX
2026-08-12,28.149999618530273,FNOVA17.MX
2026-08-13,28.149999618530273,FNOVA17.MX
2026-08-14,28.149999618530273,FNOVA17.MX
2026-08-17,28.149999618530273,FNOVA17.MX
2026-08-18,28.149999618530273,FNOVA17.MX
2026-08-19,28.149999618530273,FNOVA17.MX
2026-08-20,28.149999618530273,FNOVA17.MX
2026-08-21,28.149999618530273,FNOVA17.MX
2026-08-24,28.149999618530273,FNOVA17.MX
2026-08-25,28.149999618530273,FNOVA17.MX
2026-08-26,28.149999618530273,FNOVA17.MX
2026-08-27,28.149999618530273,FNOVA17.MX
2026-08-28,28.149999618530273,FNOVA17.MX
2026-08-31,28.149999618530273,FNOVA17.MX
2026-09-01,28.149999618530273,FNOVA17.MX
2026-09-02,28.149999618530273,FNOVA17.MX
2026-09-03,28.149999618530273,FNOVA17.MX
2026-09-04,28.149999618530273,FNOVA17.MX
2026-09-07,28.149999618530273,FNOVA17.MX
2026-09-08,28.149999618530273,FNOVA17.MX
2026-09-09,28.149999618530273,FNOVA17.MX
2026-09-10,28.149999618530273,FNOVA17.MX
2026-09-11,28.149999618530273,FNOVA17.MX
2026-09-14,28.149999618530273,FNOVA17.MX
2026-09-15,28.149999618530273,FNOVA17.MX
2026-09-17,28.149999618530273,FNOVA17.MX
2026-09-18,28.149999618530273,FNOVA17.MX
2026-09-21,28.149999618530273,FNOVA17.MX
2026-09-22,28.149999618530273,FNOVA17.MX
2026-09-23,28.149999618530273,FNOVA17.MX
2026-09-24,28.149999618530273,FNOVA17.MX
2026-09-25,28.149999618530273,FNOVA17.MX
2026-09-28,41.70000076293945,FNOVA17.MX
